{"type":"Feature","properties":{"source":"Natural Earth 1:50m land polygons, public domain","bounds":[-85,-65,155,88]},"geometry":{"type":"MultiPolygon","coordinates":[[[[127.3711,0.7905],[127.3387,0.7593],[127.3063,0.7697],[127.2847,0.8113],[127.2919,0.8426],[127.3207,0.8617],[127.3531,0.8478],[127.3711,0.7905]]],[[[-81.3338,24.6501],[-81.3662,24.6293],[-81.3806,24.6363],[-81.3806,24.6658],[-81.4202,24.7335],[-81.4202,24.7508],[-81.323,24.6849],[-81.3194,24.6675],[-81.3338,24.6501]]],[[[-80.8298,24.8029],[-80.8478,24.8029],[-80.8406,24.8185],[-80.801,24.8463],[-80.7866,24.8359],[-80.7866,24.8203],[-80.8298,24.8029]]],[[[-80.639,24.9036],[-80.6642,24.8984],[-80.6246,24.9418],[-80.6138,24.9383],[-80.639,24.9036]]],[[[143.1788,-11.9552],[143.1536,-12.075],[143.1032,-12.1705],[143.0996,-12.226],[143.1104,-12.3042],[143.1896,-12.3615],[143.2544,-12.3979],[143.2904,-12.4986],[143.402,-12.6392],[143.3984,-12.7364],[143.456,-12.8562],[143.5136,-13.094],[143.528,-13.3041],[143.5856,-13.443],[143.5496,-13.7416],[143.5892,-13.8631],[143.6432,-13.9638],[143.708,-14.1652],[143.7548,-14.3492],[143.8232,-14.4013],[143.96,-14.4638],[144.1076,-14.3943],[144.2084,-14.3023],[144.32,-14.2797],[144.4748,-14.2311],[144.5864,-14.3544],[144.6476,-14.4933],[144.914,-14.6738],[145.0653,-14.7919],[145.1805,-14.8561],[145.2885,-14.9429],[145.2777,-15.0297],[145.2525,-15.0974],[145.2777,-15.2033],[145.2921,-15.3265],[145.2705,-15.4758],[145.3497,-15.7015],[145.3749,-15.8803],[145.4577,-16.0557],[145.4505,-16.2362],[145.4361,-16.3057],[145.4253,-16.4063],[145.4901,-16.5313],[145.5513,-16.6251],[145.6377,-16.7258],[145.7565,-16.8803],[145.8393,-16.9098],[145.9113,-16.9133],[145.9005,-17.0695],[146.0481,-17.3802],[146.1273,-17.6354],[146.0733,-17.9774],[146.0229,-18.1753],[146.0337,-18.2725],[146.2245,-18.5104],[146.3325,-18.5538],[146.3109,-18.6666],[146.2965,-18.842],[146.3829,-18.9774],[146.4801,-19.0781],[146.5881,-19.1388],[146.6925,-19.1874],[146.8293,-19.236],[147.0021,-19.2569],[147.0921,-19.3332],[147.1389,-19.394],[147.2793,-19.4148],[147.3405,-19.4027],[147.4197,-19.3784],[147.4701,-19.42],[147.5097,-19.4739],[147.5853,-19.6232],[147.7437,-19.7707],[147.8517,-19.795],[147.9165,-19.8697],[148.0029,-19.8888],[148.0821,-19.8992],[148.1901,-19.9565],[148.3665,-20.0867],[148.5285,-20.1092],[148.6005,-20.1457],[148.7589,-20.2898],[148.8201,-20.3662],[148.8849,-20.4807],[148.8057,-20.4912],[148.7301,-20.4686],[148.6833,-20.5797],[148.7877,-20.7359],[148.9137,-20.8453],[149.0613,-20.9616],[149.2053,-21.1248],[149.2413,-21.2498],[149.2809,-21.3001],[149.3277,-21.4755],[149.4537,-21.5779],[149.4609,-21.7654],[149.5257,-22.024],[149.5941,-22.2584],[149.6445,-22.3278],[149.7057,-22.4407],[149.7705,-22.4268],[149.8209,-22.3903],[149.9217,-22.5014],[149.9757,-22.5501],[150.0045,-22.5223],[149.9433,-22.3088],[149.9829,-22.1838],[150.0189,-22.1681],[150.0765,-22.1647],[150.1413,-22.2654],[150.2349,-22.373],[150.4041,-22.4685],[150.5409,-22.5587],[150.5805,-22.5553],[150.5661,-22.4858],[150.5697,-22.3834],[150.6237,-22.3678],[150.6741,-22.4181],[150.7641,-22.5761],[150.7821,-22.9025],[150.7821,-23.1768],[150.8433,-23.458],[150.9297,-23.5326],[150.9873,-23.6021],[151.0881,-23.6958],[151.1529,-23.7844],[151.2357,-23.8243],[151.5021,-24.0118],[151.5741,-24.0343],[151.6893,-24.0378],[151.8333,-24.1229],[151.9017,-24.201],[152.0565,-24.4944],[152.1285,-24.5968],[152.2833,-24.6992],[152.3517,-24.7322],[152.4561,-24.8017],[152.4921,-24.9041],[152.5029,-24.9631],[152.5641,-25.0725],[152.6541,-25.2027],[152.7909,-25.2738],[152.9133,-25.4318],[152.9205,-25.6888],[152.9853,-25.8155],[153.0285,-25.871],[153.1257,-25.9231],[153.1653,-25.9648],[153.0825,-26.3033],[153.1617,-26.9821],[153.1185,-27.1939],[153.1977,-27.4039],[153.3849,-27.7685],[153.4281,-27.8969],[153.4533,-28.048],[153.5757,-28.2407],[153.5685,-28.5341],[153.6153,-28.6729],[153.6045,-28.8552],[153.4605,-29.0497],[153.3489,-29.291],[153.3453,-29.4958],[153.2733,-29.8916],[153.2229,-29.9992],[153.1869,-30.1642],[153.0321,-30.5634],[153.0249,-30.7197],[153.0465,-30.9072],[153.0213,-31.086],[152.9817,-31.2092],[152.9457,-31.4349],[152.7873,-31.7856],[152.5605,-32.046],[152.5461,-32.2439],[152.5173,-32.3307],[152.4705,-32.4383],[152.3301,-32.5581],[152.2473,-32.6085],[152.2149,-32.6779],[152.1357,-32.6779],[152.1357,-32.7005],[152.1897,-32.7213],[152.1645,-32.7578],[151.9557,-32.8203],[151.8117,-32.9018],[151.6677,-33.098],[151.6065,-33.2022],[151.5309,-33.3011],[151.4841,-33.348],[151.4625,-33.3966],[151.4337,-33.5216],[151.3581,-33.5442],[151.2933,-33.5806],[151.3221,-33.6987],[151.2897,-33.8341],[151.2789,-33.9261],[151.2429,-33.9851],[151.2033,-33.9643],[151.1673,-33.973],[151.1241,-34.0059],[151.1925,-34.0146],[151.2321,-34.0302],[151.0917,-34.1622],[150.9621,-34.2976],[150.9261,-34.3861],[150.8721,-34.499],[150.8217,-34.749],[150.7821,-34.893],[150.8109,-34.9937],[150.8037,-35.0128],[150.7749,-35.0198],[150.7569,-35.0076],[150.6957,-35.0423],[150.6813,-35.0771],[150.7065,-35.1205],[150.7209,-35.1343],[150.7137,-35.1552],[150.6921,-35.1777],[150.6345,-35.1777],[150.5661,-35.2142],[150.3753,-35.584],[150.2925,-35.6829],[150.1953,-35.834],[150.1593,-35.9711],[150.1305,-36.1204],[150.0945,-36.3721],[150.0621,-36.5509],[149.9865,-36.7228],[149.9613,-36.846],[149.9505,-37.0804],[149.9865,-37.2592],[149.9613,-37.353],[149.9613,-37.4432],[149.9325,-37.5283],[149.8101,-37.5474],[149.7093,-37.6168],[149.5653,-37.7297],[149.4825,-37.7713],[149.2989,-37.8026],[148.9425,-37.7887],[148.2621,-37.8304],[148.1289,-37.8564],[147.8769,-37.9345],[147.6321,-38.056],[147.3945,-38.2192],[146.8581,-38.6636],[146.4369,-38.7122],[146.3577,-38.7122],[146.2929,-38.7001],[146.2173,-38.7279],[146.2173,-38.7834],[146.2857,-38.8407],[146.3361,-38.8945],[146.4261,-38.8199],[146.4657,-38.8407],[146.4801,-38.9779],[146.4837,-39.0647],[146.4549,-39.1115],[146.4009,-39.1463],[146.3397,-39.1237],[146.3325,-39.0768],[146.2533,-38.964],[146.1597,-38.865],[146.0697,-38.8338],[146.0193,-38.8668],[145.9365,-38.9015],[145.8645,-38.7765],[145.7925,-38.6671],[145.6917,-38.655],[145.6053,-38.6567],[145.5369,-38.6098],[145.3965,-38.5352],[145.4253,-38.4779],[145.4613,-38.4171],[145.5405,-38.3946],[145.5189,-38.3112],[145.4757,-38.2435],[145.3677,-38.2262],[145.2921,-38.2383],[145.2489,-38.2904],[145.1913,-38.3841],[144.9608,-38.5005],[144.8456,-38.4362],[144.716,-38.3407],[144.7808,-38.3477],[144.9104,-38.3442],[145.0185,-38.2592],[145.0653,-38.2053],[145.1193,-38.0908],[145.0509,-38.0109],[144.986,-37.9519],[144.8924,-37.8998],[144.5396,-38.0769],[144.464,-38.1029],[144.3956,-38.1376],[144.518,-38.1671],[144.59,-38.1585],[144.6656,-38.2105],[144.5432,-38.2835],[144.4496,-38.3043],[144.3272,-38.3477],[144.1004,-38.4623],[143.8124,-38.6984],[143.6864,-38.7661],[143.5388,-38.8216],[143.3372,-38.7574],[143.2256,-38.7435],[143.0816,-38.6463],[142.8404,-38.5803],[142.6136,-38.4518],[142.4552,-38.3859],[142.3436,-38.372],[142.1888,-38.3998],[141.926,-38.2835],[141.7244,-38.2713],[141.5948,-38.3876],[141.4904,-38.3789],[141.4256,-38.3633],[141.2132,-38.1724],[141.0116,-38.0769],[140.6264,-38.0283],[140.3888,-37.8963],[140.2124,-37.6429],[139.874,-37.3512],[139.784,-37.2453],[139.7408,-37.1412],[139.7372,-37.0596],[139.784,-36.9033],[139.8452,-36.7488],[139.856,-36.662],[139.73,-36.3721],[139.55,-36.0961],[139.4672,-36.011],[139.244,-35.827],[139.0388,-35.6899],[138.9848,-35.617],[138.9704,-35.5805],[139.0676,-35.5979],[139.1108,-35.5423],[139.1792,-35.5232],[139.2296,-35.5979],[139.2908,-35.6117],[139.2908,-35.4868],[139.3268,-35.426],[139.3016,-35.4],[139.2836,-35.3757],[139.1936,-35.3479],[139.0928,-35.3895],[139.0172,-35.4434],[138.9164,-35.4885],[138.8768,-35.5371],[138.7724,-35.5388],[138.7292,-35.551],[138.5204,-35.643],[138.3908,-35.6447],[138.1856,-35.6135],[138.2504,-35.4868],[138.3332,-35.4121],[138.4016,-35.3253],[138.5096,-35.025],[138.4916,-34.7628],[138.4376,-34.6569],[138.2648,-34.4399],[138.1856,-34.308],[138.0884,-34.1691],[138.0416,-34.249],[138.0128,-34.334],[137.9192,-34.4556],[137.8724,-34.7281],[137.6924,-35.143],[137.5664,-35.1482],[137.4584,-35.1309],[137.2712,-35.1795],[137.1452,-35.2368],[137.03,-35.2368],[136.9652,-35.2541],[136.8824,-35.2402],[137.0156,-34.9156],[137.1272,-34.9243],[137.2532,-34.9121],[137.3072,-34.9173],[137.39,-34.9139],[137.4548,-34.7646],[137.4944,-34.5979],[137.4692,-34.4903],[137.4584,-34.3792],[137.4836,-34.2525],[137.4944,-34.1604],[137.6492,-33.8584],[137.7824,-33.7039],[137.9336,-33.5789],[137.9156,-33.4608],[137.8652,-33.3133],[137.8508,-33.2004],[137.9228,-33.1657],[137.9912,-33.0945],[137.912,-32.7699],[137.8616,-32.6744],[137.7824,-32.5789],[137.7824,-32.7022],[137.7896,-32.8237],[137.6816,-32.9782],[137.5376,-33.0893],[137.444,-33.1935],[137.354,-33.4296],[137.2388,-33.6292],[137.1308,-33.7039],[137.0336,-33.7195],[136.9364,-33.7508],[136.7852,-33.8289],[136.634,-33.8966],[136.526,-33.9834],[136.4324,-34.0302],[136.1228,-34.4295],[135.9788,-34.5615],[135.95,-34.6153],[135.8924,-34.6604],[135.9032,-34.7247],[135.95,-34.7663],[135.9968,-34.9434],[135.968,-34.9816],[135.9176,-34.9625],[135.7916,-34.8635],[135.7124,-34.9],[135.6476,-34.9399],[135.482,-34.7576],[135.41,-34.716],[135.3236,-34.6431],[135.23,-34.5806],[135.1904,-34.5719],[135.122,-34.5858],[135.1292,-34.5372],[135.176,-34.4972],[135.2156,-34.4868],[135.2912,-34.5458],[135.3776,-34.5979],[135.428,-34.6014],[135.4496,-34.5806],[135.3668,-34.3757],[135.3128,-34.1952],[135.2876,-34.1431],[135.2192,-33.9591],[135.1868,-33.907],[135.0428,-33.7785],[134.8879,-33.6258],[134.8483,-33.4452],[134.7907,-33.3289],[134.7187,-33.256],[134.6071,-33.19],[134.3011,-33.1657],[134.1751,-32.98],[134.0995,-32.7491],[134.1571,-32.7335],[134.2255,-32.73],[134.2507,-32.6588],[134.2327,-32.5477],[133.9303,-32.4123],[133.7863,-32.2682],[133.6639,-32.2074],[133.5523,-32.1831],[133.4011,-32.1883],[133.2103,-32.1831],[132.7567,-31.9557],[132.6487,-31.9488],[132.3247,-32.02],[132.2131,-32.0078],[131.7199,-31.6971],[131.3923,-31.5478],[131.2843,-31.5217],[131.1439,-31.4957],[131.0287,-31.5321],[130.9495,-31.5651],[130.7839,-31.6033],[130.1287,-31.579],[129.5671,-31.6276],[129.1891,-31.6606],[128.9479,-31.7023],[128.5447,-31.888],[128.0659,-32.0668],[127.6771,-32.1519],[127.3207,-32.2647],[127.0831,-32.2977],[126.7807,-32.3116],[126.1363,-32.2561],[125.9167,-32.2977],[125.5675,-32.506],[125.4631,-32.5564],[125.2651,-32.6137],[124.7574,-32.8828],[124.5234,-32.94],[124.3722,-32.9591],[124.2426,-33.0147],[124.1274,-33.1293],[123.9654,-33.447],[123.8682,-33.5962],[123.6486,-33.8358],[123.5082,-33.9157],[123.3642,-33.9053],[123.2058,-33.9886],[123.069,-33.9],[122.9574,-33.8844],[122.7774,-33.8914],[122.151,-33.9921],[122.061,-33.874],[121.9458,-33.8566],[121.7298,-33.8619],[121.4058,-33.8271],[120.8154,-33.8705],[120.531,-33.9191],[120.4194,-33.9625],[120.2106,-33.9348],[119.8542,-33.9747],[119.7282,-34.0407],[119.6346,-34.1014],[119.451,-34.3688],[119.2494,-34.4573],[119.0802,-34.459],[118.8966,-34.4799],[118.5186,-34.7368],[118.137,-34.9868],[118.0074,-35.0128],[117.8634,-35.0545],[117.6762,-35.0753],[117.5826,-35.0979],[117.1434,-35.0337],[116.8662,-35.0267],[116.517,-34.9885],[116.2182,-34.8653],[115.9878,-34.7958],[115.725,-34.5267],[115.5666,-34.4261],[115.2786,-34.3045],[115.1958,-34.308],[115.1274,-34.341],[115.0086,-34.2559],[115.005,-34.1448],[114.9725,-34.0511],[114.9761,-33.8046],[114.9941,-33.5147],[115.0986,-33.5806],[115.1814,-33.6431],[115.3578,-33.6396],[115.5162,-33.532],[115.6062,-33.3723],[115.6818,-33.1935],[115.671,-33.0025],[115.617,-32.6675],[115.653,-32.5963],[115.707,-32.5685],[115.725,-32.4019],[115.7394,-31.888],[115.6998,-31.6953],[115.455,-31.303],[115.293,-30.961],[115.1778,-30.8082],[115.077,-30.56],[114.9941,-30.2162],[114.9689,-30.0426],[114.9437,-29.7215],[114.9725,-29.5392],[114.9581,-29.4333],[114.8573,-29.1434],[114.6269,-28.8726],[114.5909,-28.7719],[114.5909,-28.666],[114.5369,-28.5427],[114.3533,-28.2945],[114.1661,-28.081],[114.1337,-27.9768],[114.0977,-27.5445],[114.0293,-27.3466],[113.7089,-26.8484],[113.3345,-26.4179],[113.2301,-26.2408],[113.1833,-26.1818],[113.2121,-26.1748],[113.2517,-26.1974],[113.2985,-26.2408],[113.3237,-26.2443],[113.3453,-26.2078],[113.3417,-26.1262],[113.3561,-26.0811],[113.3885,-26.1054],[113.4281,-26.1974],[113.5469,-26.437],[113.5829,-26.5585],[113.7341,-26.5949],[113.7809,-26.5637],[113.8349,-26.5012],[113.8529,-26.3328],[113.7773,-26.2564],[113.7053,-26.2234],[113.5901,-26.0984],[113.5145,-25.8988],[113.3957,-25.7131],[113.3957,-25.6471],[113.4497,-25.5985],[113.5397,-25.6245],[113.6225,-25.7322],[113.7125,-25.8311],[113.6981,-26.0047],[113.6837,-26.0516],[113.6909,-26.0915],[113.7233,-26.1297],[113.7665,-26.1592],[113.8133,-26.1158],[113.8529,-26.0151],[113.8781,-26.0273],[113.9429,-26.2582],[113.9933,-26.3207],[114.0905,-26.3936],[114.1769,-26.338],[114.2165,-26.2894],[114.2021,-26.1262],[114.2273,-25.9682],[114.2129,-25.8519],[113.9933,-25.5447],[113.7917,-25.1662],[113.6693,-24.977],[113.5685,-24.6923],[113.5037,-24.5951],[113.4173,-24.4354],[113.4137,-24.2548],[113.4209,-24.1316],[113.4893,-23.8694],[113.5541,-23.7323],[113.7557,-23.4181],[113.7665,-23.2827],[113.7665,-23.1802],[113.7953,-23.024],[113.7953,-22.9146],[113.7665,-22.8122],[113.6837,-22.6386],[113.7953,-22.3313],[113.9573,-21.939],[114.0221,-21.8817],[114.1229,-21.8279],[114.1409,-21.9095],[114.0941,-22.182],[114.1625,-22.3226],[114.1409,-22.4824],[114.2057,-22.4563],[114.3029,-22.4251],[114.3785,-22.3417],[114.4181,-22.2619],[114.6017,-21.9425],[114.7097,-21.8227],[114.8573,-21.7359],[115.1634,-21.63],[115.455,-21.4911],[115.5954,-21.3574],[115.7718,-21.2428],[115.8942,-21.1161],[116.0094,-21.0311],[116.607,-20.7134],[116.7078,-20.6543],[116.8374,-20.6474],[116.9958,-20.6578],[117.1398,-20.6405],[117.2946,-20.7134],[117.4062,-20.722],[117.6834,-20.6422],[117.831,-20.5727],[118.0866,-20.4182],[118.1982,-20.3748],[118.4574,-20.3262],[118.7526,-20.262],[119.1054,-19.9947],[119.3574,-20.012],[119.5842,-20.0381],[119.7678,-19.9582],[120.1962,-19.9096],[120.4338,-19.8419],[120.8802,-19.6648],[120.999,-19.6041],[121.179,-19.4773],[121.3374,-19.3194],[121.4922,-19.1058],[121.5894,-18.9149],[121.629,-18.8159],[121.7226,-18.6597],[121.7838,-18.5364],[121.8342,-18.4774],[122.007,-18.3941],[122.2626,-18.1597],[122.3454,-18.1111],[122.3598,-18.0364],[122.3058,-17.9948],[122.2374,-17.9687],[122.1906,-17.7205],[122.1474,-17.5486],[122.1438,-17.4288],[122.1618,-17.3143],[122.2626,-17.1355],[122.331,-17.0591],[122.4318,-16.9705],[122.5218,-16.9428],[122.5974,-16.8646],[122.7198,-16.7883],[122.7738,-16.7101],[122.8494,-16.5522],[122.9178,-16.4324],[122.9718,-16.4376],[123.0726,-16.7154],[123.141,-16.8629],[123.267,-17.0365],[123.3822,-17.2934],[123.4794,-17.4098],[123.5262,-17.4861],[123.5622,-17.5209],[123.573,-17.4722],[123.5622,-17.415],[123.609,-17.2205],[123.5874,-17.0834],[123.5946,-17.0296],[123.6162,-17.0087],[123.663,-17.0226],[123.753,-17.099],[123.7998,-17.1268],[123.8322,-17.1216],[123.8286,-16.9966],[123.8754,-16.9185],[123.8574,-16.8646],[123.7782,-16.8681],[123.7458,-16.8004],[123.681,-16.724],[123.6054,-16.6685],[123.519,-16.54],[123.4902,-16.4914],[123.5262,-16.4671],[123.5802,-16.4706],[123.627,-16.4168],[123.645,-16.3438],[123.6054,-16.2241],[123.6486,-16.1807],[123.7278,-16.1928],[123.8574,-16.382],[123.915,-16.3629],[123.9618,-16.2866],[124.0446,-16.2657],[124.131,-16.2796],[124.185,-16.3334],[124.3002,-16.389],[124.4514,-16.382],[124.5306,-16.3959],[124.6926,-16.3855],[124.7718,-16.4029],[124.7574,-16.3734],[124.6674,-16.3386],[124.5702,-16.3317],[124.455,-16.3352],[124.4046,-16.2987],[124.3866,-16.2032],[124.4154,-16.1338],[124.4334,-16.1043],[124.509,-16.1164],[124.5774,-16.113],[124.5846,-16.0209],[124.6098,-15.9376],[124.6494,-15.8699],[124.6494,-15.8057],[124.6062,-15.823],[124.5054,-15.9723],[124.455,-15.8508],[124.383,-15.7588],[124.3974,-15.6251],[124.4406,-15.4932],[124.5054,-15.4758],[124.563,-15.4967],[124.6458,-15.4186],[124.6926,-15.3595],[124.6818,-15.3109],[124.6926,-15.2745],[124.7502,-15.2849],[124.9734,-15.4047],[125.0167,-15.4672],[125.0635,-15.4429],[125.0779,-15.3752],[125.0743,-15.3075],[125.0239,-15.3161],[124.9086,-15.3109],[124.8834,-15.2727],[124.8942,-15.2397],[124.8402,-15.1599],[124.9158,-15.1095],[124.977,-15.1061],[125.0239,-15.0714],[125.0239,-15.0245],[125.0383,-15.0037],[125.0743,-15.0332],[125.1895,-15.0453],[125.3011,-15.1061],[125.3551,-15.12],[125.3767,-15.087],[125.3839,-15.0158],[125.2435,-14.9446],[125.2399,-14.8752],[125.1787,-14.7936],[125.1787,-14.7155],[125.2651,-14.6478],[125.2831,-14.5835],[125.3371,-14.5575],[125.4343,-14.5575],[125.5027,-14.5019],[125.5783,-14.4828],[125.5999,-14.3613],[125.5963,-14.278],[125.6287,-14.2572],[125.7043,-14.2919],[125.6827,-14.3874],[125.6827,-14.4794],[125.6611,-14.5297],[125.6899,-14.5262],[125.7079,-14.5054],[125.7403,-14.4447],[125.8195,-14.469],[125.8411,-14.5332],[125.8519,-14.5974],[125.8915,-14.6183],[125.9455,-14.521],[126.0211,-14.495],[126.0175,-14.3717],[126.0463,-14.2832],[126.0535,-14.2172],[126.1003,-14.1843],[126.1111,-14.1148],[126.0751,-14.0662],[126.0535,-13.9777],[126.1183,-13.9586],[126.1831,-14.002],[126.2299,-14.1131],[126.2587,-14.1634],[126.2983,-14.1356],[126.3235,-14.0627],[126.4027,-14.0193],[126.4819,-14.0784],[126.5683,-14.1617],[126.6799,-14.0888],[126.7807,-13.9551],[126.7627,-13.8735],[126.7771,-13.7884],[126.9031,-13.7433],[127.0075,-13.7763],[127.0975,-13.8666],[127.2919,-13.9343],[127.4575,-14.0315],[127.5295,-14.094],[127.6735,-14.1947],[127.7635,-14.2988],[127.8859,-14.4846],[128.1811,-14.712],[128.1991,-14.7519],[128.1595,-14.8266],[128.1235,-14.9238],[128.0803,-15.0887],[128.0695,-15.33],[128.1127,-15.3127],[128.1559,-15.2259],[128.2027,-15.2432],[128.2531,-15.2988],[128.2603,-15.245],[128.2279,-15.2137],[128.1739,-15.1026],[128.1739,-15.0436],[128.2171,-14.995],[128.2855,-14.9394],[128.3575,-14.9012],[128.4043,-14.87],[128.4115,-14.8283],[128.4763,-14.7884],[128.5771,-14.7745],[128.6347,-14.7814],[129.0595,-14.8839],[129.1639,-14.988],[129.1747,-15.1148],[129.2143,-15.1599],[129.2395,-15.08],[129.2323,-14.9064],[129.2683,-14.8717],[129.3799,-14.8978],[129.4591,-14.9325],[129.5671,-15.0471],[129.5887,-15.1026],[129.6355,-15.1391],[129.6499,-15.087],[129.6283,-15.0123],[129.6139,-14.9255],[129.6355,-14.8509],[129.7651,-14.8457],[129.8479,-14.8283],[129.8083,-14.8005],[129.7543,-14.7901],[129.6643,-14.7207],[129.6031,-14.6478],[129.7003,-14.5749],[129.6967,-14.5575],[129.6067,-14.5592],[129.4843,-14.4898],[129.3799,-14.3926],[129.4591,-14.2138],[129.6211,-14.0384],[129.7111,-13.9794],[129.7183,-13.9204],[129.7615,-13.8128],[129.7903,-13.7207],[129.7975,-13.6478],[129.8371,-13.5732],[129.9379,-13.502],[130.0711,-13.476],[130.1359,-13.4482],[130.2007,-13.3822],[130.2583,-13.3024],[130.1359,-13.1461],[130.1467,-13.0593],[130.1683,-12.9569],[130.3195,-12.8823],[130.3987,-12.6878],[130.4527,-12.6583],[130.5715,-12.6635],[130.6183,-12.6462],[130.6111,-12.4917],[130.6219,-12.4309],[130.6723,-12.4066],[130.7371,-12.4274],[130.7767,-12.4951],[130.8667,-12.5576],[130.8991,-12.5229],[130.8847,-12.4552],[130.8739,-12.3667],[130.9567,-12.3476],[131.0251,-12.3424],[131.0287,-12.2712],[131.0179,-12.2139],[131.0467,-12.1896],[131.2195,-12.1774],[131.2663,-12.1184],[131.2915,-12.0681],[131.3131,-12.0958],[131.3419,-12.2104],[131.4391,-12.2764],[131.7271,-12.2781],[131.8891,-12.2313],[131.9575,-12.259],[132.0655,-12.2816],[132.1807,-12.2278],[132.2527,-12.1861],[132.3715,-12.2399],[132.4111,-12.2955],[132.4399,-12.1757],[132.5119,-12.134],[132.5839,-12.1097],[132.6775,-12.1306],[132.7135,-12.1236],[132.6307,-12.0351],[132.6343,-11.9552],[132.6307,-11.8354],[132.6451,-11.7278],[132.6739,-11.6497],[132.4759,-11.4917],[132.2779,-11.4674],[132.1339,-11.5004],[132.0727,-11.4744],[131.9431,-11.3494],[131.8207,-11.3025],[131.8135,-11.2712],[131.9611,-11.181],[132.0187,-11.1966],[132.1051,-11.2817],[132.1555,-11.3112],[132.1987,-11.3042],[132.2239,-11.2383],[132.2635,-11.2035],[132.3355,-11.2244],[132.5587,-11.3667],[132.6811,-11.5056],[132.7459,-11.4691],[132.8575,-11.391],[132.9619,-11.4067],[133.0231,-11.4535],[133.1131,-11.6219],[133.1851,-11.7052],[133.3579,-11.7278],[133.4443,-11.7608],[133.5343,-11.8163],[133.6531,-11.8111],[133.9051,-11.832],[134.1391,-11.9396],[134.2363,-12.0073],[134.3515,-12.0264],[134.4163,-12.0524],[134.5387,-12.0611],[134.7295,-11.9847],[134.8159,-12.0542],[134.8555,-12.1028],[135.0284,-12.1931],[135.2192,-12.2208],[135.3524,-12.1288],[135.5504,-12.0611],[135.6872,-11.957],[135.788,-11.9066],[135.8852,-11.8216],[135.9212,-11.825],[135.842,-11.9049],[135.8348,-11.95],[135.896,-11.9691],[135.8888,-11.9934],[135.806,-12.0542],[135.7016,-12.1514],[135.7052,-12.2104],[135.7448,-12.2417],[135.7916,-12.2278],[135.8564,-12.1792],[135.9392,-12.1514],[136.0076,-12.1913],[136.0328,-12.3302],[136.0832,-12.4222],[136.1912,-12.4344],[136.2596,-12.4344],[136.328,-12.3059],[136.292,-12.1965],[136.2488,-12.1722],[136.2704,-12.1323],[136.4432,-11.9518],[136.5404,-11.957],[136.6088,-12.134],[136.7204,-12.226],[136.8356,-12.2191],[136.8968,-12.2434],[136.9472,-12.3493],[136.5368,-12.785],[136.5188,-12.8336],[136.5728,-12.9118],[136.5944,-13.0038],[136.4612,-13.226],[136.4108,-13.2364],[136.364,-13.1756],[136.2956,-13.1374],[136.2308,-13.1652],[136.166,-13.1808],[135.9284,-13.3041],[135.9284,-13.6218],[135.9896,-13.811],[135.9536,-13.9343],[135.8852,-14.153],[135.806,-14.2346],[135.7448,-14.2867],[135.5396,-14.5853],[135.4748,-14.6565],[135.4064,-14.7589],[135.428,-14.8561],[135.4532,-14.9238],[135.5324,-15.0002],[135.8312,-15.1599],[135.968,-15.271],[136.2056,-15.4029],[136.2596,-15.4949],[136.292,-15.5696],[136.4612,-15.6547],[136.5836,-15.7067],[136.6196,-15.6928],[136.6448,-15.6755],[136.6736,-15.6755],[136.706,-15.6859],[136.6988,-15.7519],[136.688,-15.7883],[136.6988,-15.8352],[136.7852,-15.8942],[136.922,-15.8925],[137.0012,-15.8786],[137.0912,-15.9411],[137.1704,-15.9828],[137.3,-16.0661],[137.5268,-16.1668],[137.7032,-16.2327],[137.912,-16.4758],[138.0704,-16.6164],[138.2468,-16.7188],[138.506,-16.79],[138.6248,-16.7778],[138.8192,-16.8612],[139.01,-16.8994],[139.1108,-17.0139],[139.1432,-17.1007],[139.154,-17.1684],[139.2476,-17.3282],[139.442,-17.3802],[139.6904,-17.54],[139.8956,-17.6111],[139.946,-17.6528],[140.036,-17.7031],[140.2088,-17.7049],[140.5112,-17.625],[140.648,-17.5434],[140.8316,-17.415],[140.9144,-17.1928],[140.9648,-17.0139],[141.2204,-16.6459],[141.2924,-16.4636],[141.3572,-16.2206],[141.4112,-16.0696],[141.3932,-15.9046],[141.4508,-15.606],[141.5804,-15.1946],[141.6272,-15.0575],[141.602,-14.8526],[141.5228,-14.4707],[141.5588,-14.337],[141.5948,-14.153],[141.5372,-14.0193],[141.4796,-13.9273],[141.4724,-13.7971],[141.5336,-13.5541],[141.5876,-13.4256],[141.6452,-13.259],[141.6128,-12.943],[141.7352,-12.8336],[141.782,-12.7781],[141.8756,-12.7781],[141.9188,-12.8024],[141.9296,-12.7399],[141.8936,-12.6809],[141.8792,-12.6132],[141.8504,-12.5785],[141.7928,-12.5663],[141.746,-12.5298],[141.6776,-12.4917],[141.6884,-12.351],[141.8072,-12.0802],[141.872,-11.9761],[141.9116,-12.0195],[141.962,-12.0542],[141.9692,-11.9761],[141.9512,-11.8962],[142.0412,-11.6323],[142.1384,-11.273],[142.1672,-10.9466],[142.3256,-10.8841],[142.4084,-10.8025],[142.4552,-10.707],[142.5452,-10.707],[142.6064,-10.7487],[142.5668,-10.8199],[142.5524,-10.8737],[142.7216,-11.0108],[142.7792,-11.115],[142.8044,-11.214],[142.8368,-11.3077],[142.8512,-11.4327],[142.8512,-11.6323],[142.8728,-11.8216],[142.934,-11.8806],[142.988,-11.9188],[143.0672,-11.924],[143.1788,-11.9552]]],[[[127.7311,0.8478],[127.8067,0.8252],[127.8823,0.8322],[127.9183,0.8773],[127.9291,0.9346],[127.9687,1.0422],[128.0551,1.1151],[128.1163,1.1273],[128.1595,1.1585],[128.1523,1.2384],[128.1559,1.3165],[128.2207,1.3998],[128.4259,1.5179],[128.5375,1.5596],[128.6887,1.5717],[128.7067,1.5283],[128.6887,1.4641],[128.7175,1.3669],[128.7031,1.1065],[128.6671,1.07],[128.5159,0.9797],[128.3467,0.9068],[128.2999,0.8773],[128.2567,0.8044],[128.2603,0.7332],[128.3971,0.6395],[128.6095,0.5492],[128.6563,0.5075],[128.6851,0.4381],[128.6923,0.36],[128.7427,0.3235],[128.8147,0.3062],[128.8615,0.268],[128.9011,0.2159],[128.5411,0.3374],[128.4475,0.3912],[128.3323,0.3982],[128.2207,0.4138],[128.1055,0.4607],[127.9831,0.4711],[127.9255,0.4381],[127.9003,0.3721],[127.8859,0.2975],[127.9147,0.2055],[127.9111,0.1499],[127.8895,0.0492],[127.9795,-0.2476],[128.0911,-0.4855],[128.2531,-0.732],[128.3359,-0.817],[128.4259,-0.8934],[128.2783,-0.8708],[128.2351,-0.7875],[128.0479,-0.7059],[128.0119,-0.6573],[127.8895,-0.423],[127.8535,-0.3796],[127.7419,-0.2997],[127.6915,-0.2424],[127.6735,-0.1626],[127.6879,-0.0792],[127.6807,0.0353],[127.6843,0.1482],[127.7095,0.2888],[127.6699,0.3374],[127.6159,0.3825],[127.5547,0.4902],[127.5367,0.6117],[127.5403,0.6811],[127.5655,0.7419],[127.6015,0.7957],[127.6087,0.8478],[127.5187,0.9242],[127.4287,1.1394],[127.4215,1.2523],[127.5367,1.4675],[127.5331,1.5717],[127.5583,1.6342],[127.5691,1.7002],[127.6303,1.8443],[127.7311,1.9658],[127.9003,2.1376],[127.9651,2.1741],[128.0371,2.1984],[128.0443,2.1567],[128.0299,2.1203],[127.9075,1.945],[127.8895,1.9068],[127.8859,1.8321],[127.9471,1.7904],[128.0119,1.7019],[128.0227,1.5839],[128.0263,1.4589],[128.0119,1.3321],[127.9867,1.2887],[127.8859,1.162],[127.6519,1.0145],[127.6339,0.978],[127.6339,0.9363],[127.6771,0.886],[127.7311,0.8478]]],[[[69.1837,-49.1092],[69.2665,-49.1161],[69.3133,-49.1057],[69.5365,-48.9738],[69.5941,-48.9703],[69.5869,-49.0727],[69.6445,-49.1179],[69.5725,-49.1283],[69.4357,-49.1248],[69.4033,-49.1821],[69.5437,-49.255],[69.6121,-49.2654],[69.6661,-49.2654],[69.7705,-49.2481],[69.8533,-49.222],[69.9829,-49.1595],[70.0621,-49.1352],[70.2097,-49.1352],[70.2853,-49.0762],[70.3213,-49.0588],[70.4077,-49.0606],[70.4833,-49.0831],[70.5301,-49.137],[70.5553,-49.2012],[70.5373,-49.2654],[70.4833,-49.3279],[70.3897,-49.3661],[70.4113,-49.4112],[70.3861,-49.4338],[70.3393,-49.4355],[70.2961,-49.4251],[70.2385,-49.3713],[70.1665,-49.3435],[69.9937,-49.3453],[69.9145,-49.3487],[69.9037,-49.3887],[69.8605,-49.4199],[69.8173,-49.4373],[69.7597,-49.4303],[69.7489,-49.4477],[69.7813,-49.4894],[69.8569,-49.5432],[69.9865,-49.5814],[70.0621,-49.59],[70.0729,-49.5171],[70.1665,-49.5102],[70.2493,-49.531],[70.3069,-49.5831],[70.2601,-49.6005],[70.2169,-49.6282],[70.2061,-49.6647],[70.1233,-49.7046],[70.0765,-49.7081],[69.9181,-49.689],[69.8245,-49.6456],[69.8029,-49.6144],[69.7453,-49.6022],[69.6805,-49.6421],[69.6121,-49.6508],[69.4789,-49.6178],[69.3529,-49.564],[69.2737,-49.5432],[69.1549,-49.5293],[69.0865,-49.6525],[68.9929,-49.7046],[68.8741,-49.7098],[68.8165,-49.6994],[68.7841,-49.6508],[68.7913,-49.6005],[68.8093,-49.5501],[68.8489,-49.4998],[68.8705,-49.4442],[68.8633,-49.3921],[68.8201,-49.354],[68.8417,-49.2845],[68.7985,-49.2324],[68.8129,-49.1925],[68.8849,-49.1647],[68.8525,-49.1422],[68.8165,-49.1352],[68.7913,-49.104],[68.7697,-49.0658],[68.7949,-48.9946],[68.8381,-48.9269],[68.8309,-48.8488],[68.8993,-48.7759],[68.9605,-48.6943],[69.0037,-48.6613],[69.0577,-48.6561],[69.0829,-48.6786],[69.0937,-48.7238],[69.0721,-48.7533],[69.1225,-48.7654],[69.1369,-48.8609],[69.1045,-48.8991],[69.1009,-48.9373],[69.0325,-49.0172],[69.0505,-49.0814],[69.1837,-49.1092]]],[[[63.3732,80.7005],[63.186,80.697],[63.0024,80.7126],[62.7612,80.763],[62.52,80.822],[62.592,80.8533],[62.8188,80.8932],[63.114,80.9661],[63.6144,80.9817],[63.8556,80.9817],[64.0968,80.9991],[64.1652,81.0355],[64.212,81.1067],[64.2552,81.1449],[64.3092,81.1744],[64.5756,81.1987],[64.8024,81.197],[65.0293,81.1692],[65.1733,81.1449],[65.3101,81.0963],[65.3821,81.0564],[65.3605,81.0078],[65.3713,80.9678],[65.4361,80.9314],[64.9968,80.8185],[64.5468,80.756],[63.3732,80.7005]]],[[[57.9552,80.1224],[57.8004,80.1033],[57.3936,80.1398],[57.3324,80.1589],[57.282,80.1936],[57.2136,80.329],[57.21,80.3689],[57.1848,80.3967],[57.084,80.4453],[57.012,80.4679],[57.0768,80.4939],[57.5232,80.4748],[58.4808,80.4644],[58.9704,80.4158],[59.1144,80.388],[59.2548,80.3429],[58.398,80.3186],[58.2828,80.2977],[58.2864,80.2474],[58.254,80.2023],[58.164,80.197],[57.9552,80.1224]]],[[[-25.4325,70.9216],[-25.3965,70.8626],[-25.3929,70.8348],[-25.4001,70.8105],[-25.4217,70.7948],[-25.4685,70.7792],[-25.3785,70.741],[-25.3533,70.715],[-25.3461,70.6942],[-25.4037,70.6525],[-25.7997,70.5987],[-25.9113,70.5726],[-26.0481,70.5084],[-26.2173,70.4546],[-26.2749,70.4546],[-26.3397,70.5119],[-26.6061,70.5535],[-27.1065,70.531],[-27.6897,70.4789],[-27.8985,70.4546],[-28.0029,70.4667],[-28.0353,70.4876],[-28.0353,70.5136],[-27.9669,70.5952],[-27.9381,70.616],[-27.8049,70.6421],[-27.7149,70.7133],[-27.7437,70.7896],[-27.7077,70.8973],[-27.6177,70.9146],[-27.3873,70.8764],[-27.2397,70.8678],[-26.9769,70.8626],[-26.6205,70.8764],[-26.3361,70.9198],[-25.8177,71.0431],[-25.7277,71.0414],[-25.6593,70.998],[-25.6125,70.9771],[-25.4577,70.9424],[-25.4325,70.9216]]],[[[117.3126,8.4393],[117.219,8.3664],[117.2298,8.4567],[117.255,8.5418],[117.3486,8.7136],[117.417,8.7674],[117.5286,8.9029],[117.5934,8.9688],[117.7446,9.099],[117.885,9.2414],[117.9318,9.2518],[117.9822,9.2535],[118.0254,9.2691],[118.1154,9.3473],[118.3422,9.6025],[118.533,9.7934],[118.7274,10.0347],[118.821,10.1059],[118.8462,10.1319],[119.0226,10.3542],[119.0802,10.3854],[119.1414,10.4097],[119.1846,10.4392],[119.2242,10.4774],[119.2854,10.5746],[119.3142,10.6875],[119.2962,10.7517],[119.2602,10.8454],[119.307,10.9739],[119.3394,11.0329],[119.4654,11.2933],[119.5014,11.3471],[119.5518,11.3142],[119.559,11.2673],[119.5338,11.1562],[119.5338,11.1024],[119.5626,11.0451],[119.5266,10.9531],[119.6166,10.7066],[119.685,10.5521],[119.6886,10.5],[119.595,10.408],[119.541,10.3802],[119.4222,10.3542],[119.3682,10.3281],[119.2854,10.2517],[119.2314,10.1528],[119.217,10.1007],[119.1918,10.0608],[118.947,9.9931],[118.8354,9.9497],[118.7814,9.9167],[118.7562,9.8629],[118.7742,9.7674],[118.569,9.4219],[118.5042,9.3334],[118.4358,9.2553],[118.3494,9.2014],[118.2306,9.1685],[118.1334,9.1008],[118.0686,8.9827],[117.9894,8.8768],[117.8886,8.7987],[117.7806,8.7293],[117.6798,8.6772],[117.5718,8.6425],[117.5394,8.5956],[117.5178,8.5383],[117.4674,8.5105],[117.4134,8.4966],[117.3126,8.4393]]],[[[122.4966,11.6145],[122.6118,11.5641],[122.727,11.6075],[122.8386,11.5954],[122.9322,11.5294],[122.8998,11.4878],[122.8962,11.4409],[123.1014,11.5416],[123.159,11.5364],[123.1554,11.4426],[123.1446,11.3628],[123.1194,11.2864],[123.0762,11.1961],[123.015,11.1163],[122.9394,11.059],[122.8458,11.0225],[122.8026,10.9895],[122.7882,10.9409],[122.7918,10.8802],[122.7702,10.8246],[122.673,10.8003],[122.5218,10.6927],[122.1978,10.6232],[122.1078,10.5764],[122.0502,10.5139],[121.989,10.4583],[121.953,10.4444],[121.9386,10.4705],[121.935,10.493],[121.9818,10.6389],[121.971,10.6996],[121.9494,10.7569],[121.9638,10.8715],[122.0214,10.9791],[122.0502,11.0972],[122.061,11.3263],[122.1042,11.6423],[122.1006,11.6805],[122.0682,11.7239],[121.9422,11.7586],[121.8918,11.7916],[121.917,11.8541],[121.9638,11.8975],[122.0286,11.8957],[122.0862,11.8558],[122.2914,11.7725],[122.3994,11.703],[122.4966,11.6145]]],[[[123.1302,9.0643],[123.0654,9.0539],[122.9934,9.0591],[122.9466,9.1077],[122.8674,9.3195],[122.7738,9.3716],[122.6658,9.4098],[122.6118,9.4427],[122.5614,9.4827],[122.4102,9.6945],[122.3994,9.8229],[122.4246,9.8958],[122.4714,9.9618],[122.5218,9.9792],[122.6478,9.9809],[122.7126,9.9896],[122.8566,10.0868],[122.8674,10.125],[122.8674,10.2847],[122.853,10.3958],[122.817,10.5034],[122.8566,10.5538],[122.907,10.6024],[122.9574,10.6979],[122.9682,10.7656],[122.9682,10.8368],[122.9826,10.8871],[123.0258,10.9114],[123.2202,10.9895],[123.2562,10.9947],[123.5118,10.9236],[123.5622,10.8159],[123.5658,10.7812],[123.5262,10.6614],[123.4938,10.5816],[123.4074,10.4583],[123.3426,10.3246],[123.2958,10.125],[123.267,10.059],[123.1878,9.934],[123.1626,9.8646],[123.1626,9.7153],[123.1482,9.6598],[123.1482,9.6059],[123.3066,9.3577],[123.321,9.3178],[123.321,9.2726],[123.2922,9.2171],[123.2274,9.1216],[123.1914,9.0886],[123.1302,9.0643]]],[[[124.5738,11.3437],[124.6458,11.309],[124.725,11.3228],[124.8222,11.401],[124.9302,11.3732],[124.995,11.2551],[125.0275,11.2117],[125.0455,11.1354],[125.0383,10.9513],[125.0131,10.7864],[125.0347,10.7517],[125.0851,10.7222],[125.1283,10.684],[125.1643,10.6371],[125.1895,10.585],[125.1967,10.4566],[125.2615,10.3489],[125.2687,10.3073],[125.2543,10.2639],[125.1499,10.2726],[125.1391,10.2361],[125.1427,10.1892],[125.1067,10.2187],[125.0455,10.3229],[124.9878,10.368],[125.0059,10.1979],[125.0239,10.1146],[125.0275,10.033],[124.9302,10.0955],[124.8114,10.1354],[124.779,10.1684],[124.7934,10.2743],[124.7898,10.3281],[124.7394,10.4392],[124.797,10.6823],[124.797,10.7326],[124.7862,10.7812],[124.7394,10.8802],[124.6638,10.9618],[124.617,10.9618],[124.5018,10.9045],[124.4442,10.9236],[124.4118,11.151],[124.365,11.3714],[124.3326,11.427],[124.3074,11.486],[124.329,11.5346],[124.3758,11.5155],[124.437,11.4565],[124.5126,11.4235],[124.5486,11.3958],[124.5738,11.3437]]],[[[125.2399,12.5276],[125.3119,12.446],[125.3263,12.387],[125.3191,12.321],[125.3515,12.2933],[125.4091,12.2846],[125.4811,12.2516],[125.5351,12.1908],[125.5027,12.1353],[125.5135,12.0554],[125.4559,11.953],[125.4631,11.7707],[125.4955,11.7134],[125.4991,11.6562],[125.4919,11.5937],[125.5063,11.5451],[125.5927,11.3784],[125.6107,11.3228],[125.5819,11.2794],[125.5747,11.2378],[125.6287,11.2343],[125.7043,11.1649],[125.7475,11.0729],[125.7367,11.0503],[125.6755,11.1215],[125.6287,11.1319],[125.4307,11.1128],[125.3119,11.1423],[125.2327,11.1458],[125.1571,11.2673],[125.0887,11.2881],[125.0347,11.3419],[124.9446,11.4791],[124.9158,11.5589],[124.9806,11.6388],[124.9986,11.703],[124.995,11.7655],[124.9338,11.7551],[124.8834,11.7759],[124.8222,11.8523],[124.797,11.8957],[124.7502,11.9339],[124.6782,12.0207],[124.5702,12.0554],[124.5306,12.0797],[124.4442,12.1527],[124.3866,12.2447],[124.3254,12.4044],[124.293,12.5693],[124.5666,12.5259],[124.8402,12.5346],[125.1499,12.5728],[125.2399,12.5276]]],[[[120.7038,13.479],[120.7542,13.4703],[120.9162,13.5015],[120.981,13.4859],[121.0242,13.4286],[121.0782,13.4113],[121.1214,13.3817],[121.2042,13.4321],[121.2834,13.3748],[121.3554,13.2654],[121.4418,13.189],[121.521,13.1318],[121.539,13.0884],[121.4886,13.0189],[121.4742,12.9321],[121.4814,12.8366],[121.539,12.6387],[121.521,12.5849],[121.4562,12.5085],[121.413,12.4235],[121.4166,12.3887],[121.3986,12.361],[121.395,12.3002],[121.3554,12.3124],[121.323,12.3037],[121.2906,12.2759],[121.2366,12.2186],[121.1538,12.236],[121.1178,12.2533],[121.107,12.3037],[121.0818,12.3384],[121.0494,12.3592],[120.963,12.446],[120.9234,12.512],[120.9198,12.5814],[120.8982,12.6457],[120.855,12.703],[120.7974,12.7481],[120.7758,12.7898],[120.7686,12.8401],[120.765,12.9703],[120.6786,13.13],[120.6498,13.1699],[120.5742,13.2081],[120.5094,13.2602],[120.4806,13.3106],[120.4554,13.3939],[120.4374,13.406],[120.387,13.4008],[120.3402,13.413],[120.351,13.4737],[120.4014,13.5171],[120.4698,13.5224],[120.6534,13.4981],[120.7038,13.479]]],[[[155,-6.1963],[154.9401,-6.1066],[154.8717,-6.0615],[154.7817,-5.9712],[154.7601,-5.9313],[154.7205,-5.8167],[154.7097,-5.7473],[154.7421,-5.5459],[154.7277,-5.4452],[154.7709,-5.4539],[154.8177,-5.4938],[154.8717,-5.5216],[154.9977,-5.5407],[155,-5.5425],[155,-6.1963]]],[[[152.9673,-4.756],[152.8917,-4.8324],[152.8449,-4.7612],[152.7873,-4.6987],[152.7405,-4.6362],[152.6793,-4.4991],[152.6793,-4.4297],[152.6937,-4.3567],[152.6973,-4.2821],[152.6685,-4.1311],[152.6001,-3.9957],[152.3553,-3.6675],[152.2797,-3.5825],[152.1933,-3.5061],[152.1357,-3.487],[152.0241,-3.4679],[151.9737,-3.454],[151.8801,-3.4002],[151.7937,-3.3377],[151.5777,-3.1537],[151.4661,-3.1016],[151.4049,-3.0374],[151.0665,-2.8291],[150.9693,-2.7805],[150.8469,-2.7805],[150.7461,-2.7388],[150.8253,-2.7127],[150.8433,-2.6433],[150.8253,-2.5721],[150.9945,-2.6884],[151.1745,-2.7891],[151.2249,-2.8707],[151.3149,-2.8759],[151.4769,-2.9419],[151.5849,-3.0027],[151.6893,-3.0721],[151.8081,-3.1728],[152.0313,-3.2509],[152.0637,-3.2804],[152.1789,-3.4106],[152.3301,-3.5217],[152.3805,-3.5825],[153.0177,-4.105],[153.1257,-4.2526],[153.1329,-4.3533],[153.1113,-4.3915],[153.0429,-4.4765],[153.0465,-4.5772],[153.0249,-4.6658],[152.9673,-4.756]]],[[[138.5348,-8.2732],[138.2972,-8.4051],[137.984,-8.3825],[137.8724,-8.3791],[137.6888,-8.412],[137.6492,-8.386],[137.6852,-8.2627],[137.8328,-7.9329],[138.0092,-7.6413],[138.0812,-7.5666],[138.1856,-7.4954],[138.2972,-7.4381],[138.5456,-7.3791],[138.7688,-7.3913],[138.8012,-7.4138],[138.8984,-7.5111],[138.9632,-7.5874],[138.9884,-7.6968],[138.8912,-7.8826],[138.7868,-8.0596],[138.6104,-8.1985],[138.5348,-8.2732]]],[[[129.7543,-2.8655],[129.9847,-2.9766],[130.1035,-2.9922],[130.3051,-2.9784],[130.3807,-2.9888],[130.5715,-3.1311],[130.6255,-3.2283],[130.6399,-3.3117],[130.6723,-3.3915],[130.7191,-3.4106],[130.7731,-3.4193],[130.8451,-3.5339],[130.8595,-3.5703],[130.8055,-3.8585],[130.5787,-3.7491],[130.3627,-3.6259],[130.2691,-3.579],[130.0207,-3.4749],[129.9811,-3.4384],[129.9523,-3.3915],[129.8443,-3.3273],[129.6283,-3.3169],[129.5455,-3.3186],[129.5131,-3.329],[129.5203,-3.3637],[129.5203,-3.4332],[129.4663,-3.454],[129.3331,-3.4089],[129.2107,-3.3933],[129.1063,-3.3499],[128.9659,-3.3256],[128.9515,-3.3047],[128.9623,-3.2717],[128.9587,-3.2405],[128.9263,-3.2301],[128.8615,-3.2353],[128.8003,-3.2648],[128.7499,-3.3013],[128.6779,-3.3967],[128.6383,-3.4332],[128.5159,-3.4488],[128.4655,-3.4401],[128.4187,-3.4158],[128.2783,-3.2405],[128.2315,-3.2023],[128.1811,-3.1711],[128.1307,-3.1572],[128.0839,-3.1849],[128.0551,-3.2388],[128.0443,-3.303],[128.0299,-3.3412],[127.9687,-3.4436],[127.9219,-3.5061],[127.9039,-3.4957],[127.9291,-3.3967],[127.9291,-3.3412],[127.8967,-3.2822],[127.8787,-3.2214],[128.1127,-2.935],[128.1991,-2.8655],[128.5699,-2.8429],[128.7895,-2.8568],[128.9119,-2.8499],[128.9911,-2.8291],[129.0595,-2.8377],[129.0739,-2.895],[129.1171,-2.9367],[129.1747,-2.9332],[129.2791,-2.8898],[129.3727,-2.8204],[129.4267,-2.7909],[129.4843,-2.7857],[129.5419,-2.7909],[129.5995,-2.8065],[129.7543,-2.8655]]],[[[126.8599,-3.0877],[127.0255,-3.1658],[127.0615,-3.2162],[127.0939,-3.2769],[127.1263,-3.3117],[127.1623,-3.3377],[127.2271,-3.3915],[127.2451,-3.4714],[127.2307,-3.6328],[127.1551,-3.6467],[127.0867,-3.671],[126.9427,-3.7648],[126.8707,-3.7821],[126.7951,-3.7891],[126.7411,-3.8134],[126.6871,-3.8238],[126.5467,-3.7717],[126.4099,-3.7109],[126.2155,-3.6051],[126.1795,-3.579],[126.1471,-3.5235],[126.0571,-3.421],[126.0355,-3.3551],[126.0283,-3.1711],[126.0499,-3.1277],[126.0895,-3.1051],[126.2191,-3.1485],[126.3055,-3.1033],[126.5539,-3.0652],[126.8095,-3.0686],[126.8599,-3.0877]]],[[[122.7846,-8.6117],[122.6406,-8.6464],[122.5542,-8.6811],[122.4714,-8.7263],[122.4174,-8.7349],[122.3202,-8.7384],[122.187,-8.7297],[122.0934,-8.7454],[121.8378,-8.8599],[121.737,-8.8704],[121.6506,-8.8981],[121.6218,-8.853],[121.5858,-8.82],[121.4994,-8.8131],[121.413,-8.8148],[121.3266,-8.9172],[121.1898,-8.8947],[121.1358,-8.9051],[121.0854,-8.9259],[121.035,-8.9346],[120.981,-8.9276],[120.7794,-8.8495],[120.549,-8.8026],[120.3186,-8.82],[120.1206,-8.7766],[120.0126,-8.8096],[119.9082,-8.8582],[119.8794,-8.8079],[119.8398,-8.7627],[119.8074,-8.6985],[119.8074,-8.6221],[119.8182,-8.57],[119.847,-8.5231],[119.865,-8.4728],[119.8758,-8.419],[119.919,-8.445],[119.9622,-8.4363],[120.099,-8.3773],[120.2322,-8.2905],[120.3546,-8.2575],[120.4266,-8.2489],[120.4842,-8.2662],[120.5454,-8.2593],[120.6102,-8.2402],[120.711,-8.3079],[120.7506,-8.3218],[120.8874,-8.327],[121.0098,-8.3652],[121.1178,-8.4242],[121.2762,-8.478],[121.3734,-8.5509],[121.4454,-8.577],[121.4994,-8.5856],[121.5462,-8.5752],[121.611,-8.5266],[121.683,-8.5058],[121.7478,-8.5058],[121.863,-8.4936],[121.9134,-8.4815],[121.9674,-8.4554],[122.0214,-8.4711],[122.0682,-8.4971],[122.2626,-8.6256],[122.3238,-8.629],[122.4318,-8.6013],[122.4678,-8.5665],[122.4822,-8.5127],[122.5146,-8.4693],[122.5542,-8.4311],[122.6046,-8.4016],[122.7486,-8.353],[122.8494,-8.3044],[122.9178,-8.2211],[122.7594,-8.1864],[122.7918,-8.1273],[122.8458,-8.0926],[122.9178,-8.1048],[122.979,-8.1516],[123.0042,-8.3287],[122.9538,-8.3548],[122.925,-8.3808],[122.9034,-8.4155],[122.8098,-8.4815],[122.8458,-8.5613],[122.8206,-8.5961],[122.7846,-8.6117]]],[[[120.0126,-9.3755],[120.0594,-9.4189],[120.2214,-9.5057],[120.2466,-9.5422],[120.2574,-9.6029],[120.2898,-9.6481],[120.3654,-9.655],[120.4446,-9.6463],[120.5022,-9.6741],[120.5562,-9.7193],[120.6318,-9.8061],[120.7002,-9.9033],[120.783,-9.9571],[120.8334,-10.0369],[120.8046,-10.1081],[120.6966,-10.2071],[120.639,-10.2279],[120.5634,-10.2348],[120.4374,-10.2939],[120.3942,-10.2626],[120.2538,-10.2418],[120.1458,-10.2001],[120.0522,-10.122],[119.9982,-10.0404],[119.9298,-9.9658],[119.811,-9.9172],[119.6022,-9.7731],[119.469,-9.7609],[119.415,-9.7713],[119.361,-9.7713],[119.0838,-9.7071],[119.0406,-9.6689],[119.0082,-9.6203],[118.9758,-9.5734],[118.9578,-9.5196],[118.9938,-9.4727],[119.0298,-9.4398],[119.1846,-9.3842],[119.2962,-9.3668],[119.4222,-9.3703],[119.613,-9.353],[119.7966,-9.3807],[119.8506,-9.3599],[119.9406,-9.3009],[119.973,-9.3217],[120.0126,-9.3755]]],[[[118.2414,-8.3183],[118.2918,-8.3565],[118.3386,-8.353],[118.4322,-8.294],[118.4898,-8.2714],[118.551,-8.2697],[118.6122,-8.2801],[118.6698,-8.3235],[118.6914,-8.3929],[118.713,-8.4155],[118.749,-8.3305],[118.7958,-8.3061],[118.8462,-8.2923],[118.9254,-8.2975],[118.9866,-8.3374],[119.0442,-8.4572],[119.0406,-8.5613],[119.0622,-8.5995],[119.1018,-8.629],[119.1306,-8.669],[119.1054,-8.7106],[119.0802,-8.7297],[119.0046,-8.7488],[118.9722,-8.7419],[118.9398,-8.7124],[118.9038,-8.702],[118.821,-8.7124],[118.7454,-8.7349],[118.7562,-8.7731],[118.8174,-8.7905],[118.8354,-8.8096],[118.8318,-8.8339],[118.8066,-8.8391],[118.7274,-8.8061],[118.6734,-8.8113],[118.479,-8.8565],[118.4286,-8.8547],[118.3962,-8.8131],[118.3998,-8.7037],[118.3782,-8.6742],[118.2342,-8.8079],[118.191,-8.8408],[118.1298,-8.8565],[118.0722,-8.8513],[117.8598,-8.9311],[117.795,-8.9207],[117.7302,-8.9207],[117.507,-9.0075],[117.3882,-9.0318],[117.327,-9.0335],[117.2658,-9.0266],[117.2118,-9.0335],[117.1614,-9.07],[117.0606,-9.0995],[116.9598,-9.0769],[116.8698,-9.0457],[116.787,-9.0058],[116.769,-8.9554],[116.7726,-8.8947],[116.8086,-8.8113],[116.7834,-8.6655],[116.8014,-8.5978],[116.8338,-8.5318],[116.8878,-8.5075],[116.9526,-8.5041],[117.0642,-8.445],[117.165,-8.3669],[117.2226,-8.3739],[117.3558,-8.4277],[117.435,-8.4346],[117.5682,-8.4259],[117.6222,-8.4589],[117.6438,-8.5353],[117.6726,-8.5631],[117.7122,-8.5822],[117.8058,-8.7106],[117.8922,-8.7037],[117.9678,-8.728],[118.1046,-8.6499],[118.2054,-8.6516],[118.2342,-8.5926],[118.173,-8.5284],[118.101,-8.4745],[118.0614,-8.4641],[118.0182,-8.4676],[117.9786,-8.4589],[117.8166,-8.3426],[117.7662,-8.2784],[117.7374,-8.2037],[117.7554,-8.1499],[117.867,-8.1013],[117.921,-8.0891],[118.119,-8.1221],[118.1514,-8.1499],[118.2018,-8.268],[118.2414,-8.3183]]],[[[116.6394,-8.6134],[116.5134,-8.8217],[116.5602,-8.8547],[116.5854,-8.886],[116.3766,-8.9294],[116.2902,-8.9068],[116.2398,-8.912],[116.0274,-8.8738],[115.8762,-8.8252],[115.8582,-8.7888],[115.869,-8.7436],[115.9158,-8.7575],[116.031,-8.7645],[116.0778,-8.7454],[116.0778,-8.6117],[116.0598,-8.4381],[116.2182,-8.2957],[116.3046,-8.2384],[116.4018,-8.2037],[116.6466,-8.2836],[116.6862,-8.3044],[116.7186,-8.3357],[116.733,-8.3877],[116.6394,-8.6134]]],[[[115.4478,-8.1551],[115.5486,-8.2089],[115.6926,-8.3634],[115.7034,-8.4068],[115.6602,-8.4485],[115.5594,-8.5145],[115.3326,-8.6152],[115.2966,-8.6638],[115.2462,-8.7575],[115.2354,-8.7974],[115.221,-8.82],[115.1958,-8.8356],[115.1454,-8.8495],[115.0914,-8.8287],[115.1382,-8.7697],[115.1418,-8.6968],[115.1058,-8.629],[115.0554,-8.5735],[114.9509,-8.4971],[114.8429,-8.4277],[114.7313,-8.3947],[114.6125,-8.3791],[114.5693,-8.3461],[114.5009,-8.261],[114.4793,-8.2141],[114.4685,-8.1655],[114.4757,-8.1187],[114.5045,-8.1169],[114.6197,-8.1273],[114.8321,-8.1829],[114.9401,-8.1864],[114.9977,-8.1742],[115.1526,-8.0666],[115.1922,-8.0683],[115.3398,-8.1152],[115.4478,-8.1551]]],[[[106.0445,-1.6694],[106.0805,-1.7388],[106.1273,-1.7996],[106.1633,-1.8673],[106.2101,-2.1885],[106.3649,-2.4645],[106.8185,-2.5739],[106.7429,-2.6173],[106.7069,-2.6572],[106.6781,-2.7041],[106.6133,-2.895],[106.6169,-2.9367],[106.6565,-3.0009],[106.6673,-3.0721],[106.6097,-3.0721],[106.5485,-3.0547],[106.4945,-3.0287],[106.4477,-2.994],[106.3973,-2.9662],[106.3433,-2.9488],[106.2497,-2.8933],[106.1273,-2.8551],[105.9977,-2.8256],[105.9365,-2.744],[105.9077,-2.6433],[105.9401,-2.494],[105.9077,-2.4523],[105.8609,-2.4159],[105.8069,-2.3083],[105.7853,-2.1815],[105.7061,-2.1329],[105.5981,-2.1034],[105.5513,-2.0791],[105.3425,-2.1242],[105.2921,-2.1138],[105.2489,-2.0791],[105.1337,-2.0426],[105.1373,-1.9732],[105.1913,-1.9177],[105.3173,-1.8604],[105.3749,-1.8135],[105.3857,-1.751],[105.3641,-1.7059],[105.3749,-1.6573],[105.4145,-1.6104],[105.4613,-1.5739],[105.5837,-1.5271],[105.6413,-1.6104],[105.6665,-1.6798],[105.7025,-1.7319],[105.7529,-1.659],[105.7205,-1.534],[105.8177,-1.5062],[105.9113,-1.5045],[105.9797,-1.5392],[106.0265,-1.593],[106.0445,-1.6694]]],[[[22.6172,58.622],[22.6892,58.5977],[22.754,58.6046],[22.8188,58.622],[22.9628,58.6064],[23.294,58.4831],[23.3228,58.4501],[23.1284,58.4362],[23.0816,58.398],[23.0348,58.372],[22.9808,58.3633],[22.8836,58.3112],[22.7576,58.2609],[22.7288,58.2314],[22.4984,58.2366],[22.3724,58.2175],[22.268,58.1602],[22.2284,58.0526],[22.1528,57.9675],[22.0772,57.9363],[21.998,57.9311],[21.9764,57.964],[21.9872,57.9953],[22.1528,58.1151],[22.1888,58.155],[22.106,58.1724],[22.034,58.214],[21.8828,58.2626],[21.854,58.3008],[21.89,58.3043],[21.926,58.3165],[21.9656,58.3494],[21.9836,58.3859],[21.8612,58.497],[21.926,58.5144],[22.0016,58.5109],[22.0808,58.4779],[22.1672,58.5161],[22.2068,58.5213],[22.268,58.5074],[22.3292,58.5803],[22.4732,58.6046],[22.5452,58.6272],[22.6172,58.622]]],[[[21.6092,78.5964],[21.746,78.5721],[22.0448,78.5774],[22.2068,78.4072],[22.3004,78.2284],[22.448,78.2145],[22.736,78.2406],[22.988,78.2527],[23.1176,78.2388],[23.3516,78.1868],[23.4524,78.1503],[23.366,78.1208],[23.1536,78.0878],[23.1176,77.9923],[23.33,77.9576],[23.6828,77.876],[23.8844,77.8656],[24.2372,77.8986],[24.572,77.8343],[24.9032,77.7562],[24.1292,77.659],[24.0608,77.6312],[23.9564,77.5583],[23.8412,77.4976],[23.7368,77.4628],[23.5064,77.4021],[23.3804,77.3795],[23.0996,77.3847],[22.9952,77.3604],[22.898,77.3118],[22.8008,77.2753],[22.5524,77.2667],[22.4264,77.3153],[22.4696,77.3309],[22.4876,77.3604],[22.4408,77.4299],[22.6784,77.4993],[22.7324,77.5392],[22.6856,77.5531],[22.6208,77.5496],[22.448,77.5705],[22.3976,77.5705],[22.2536,77.5288],[22.0556,77.501],[21.8576,77.4941],[21.0512,77.4403],[20.9288,77.4594],[20.8748,77.5653],[21.2024,77.6191],[21.2528,77.7111],[21.3356,77.7718],[21.4292,77.8118],[21.6092,77.9159],[21.6524,77.9229],[21.2096,78.0062],[21.0368,78.06],[20.846,78.1659],[20.7848,78.2527],[20.5292,78.3256],[20.5616,78.4194],[20.3744,78.4124],[20.2268,78.4784],[20.3636,78.5149],[21.0476,78.5565],[21.4544,78.5982],[21.6092,78.5964]]],[[[62.1672,80.8342],[62.2284,80.7942],[62.1924,80.73],[62.1132,80.6831],[62.0772,80.6172],[61.7676,80.6015],[61.6812,80.5859],[61.5984,80.5356],[61.2852,80.5043],[61.0512,80.4193],[60.7236,80.4349],[60.2772,80.4939],[59.8992,80.4453],[59.6508,80.4314],[59.3448,80.5043],[59.3052,80.5217],[59.2872,80.572],[59.3052,80.6172],[59.388,80.7126],[59.496,80.7665],[59.55,80.7838],[59.5932,80.8168],[59.7156,80.8359],[60.0936,80.848],[60.234,80.8376],[60.2772,80.8012],[60.4824,80.8046],[60.8208,80.8272],[61.314,80.8619],[61.5984,80.8932],[61.8504,80.8862],[62.1024,80.8671],[62.1672,80.8342]]],[[[47.4431,80.8533],[47.9003,80.8133],[48.2423,80.8237],[48.3467,80.8185],[48.4475,80.8064],[48.5483,80.7786],[48.6851,80.7178],[48.6851,80.6328],[48.6239,80.6293],[48.0443,80.6675],[47.7779,80.756],[47.7059,80.7647],[47.6015,80.7421],[47.5115,80.6883],[47.4143,80.6744],[47.3027,80.6067],[47.1983,80.6154],[47.1443,80.6085],[47.0111,80.5616],[46.6763,80.5616],[46.6223,80.5408],[46.5143,80.4748],[46.3775,80.4574],[46.1399,80.447],[46.0607,80.4835],[46.0247,80.5408],[45.9707,80.5703],[45.6395,80.5373],[45.3911,80.5599],[45.1499,80.5981],[44.905,80.6119],[45.1247,80.6519],[46.3271,80.7352],[46.7987,80.756],[47.0219,80.8151],[47.3531,80.8533],[47.4431,80.8533]]],[[[50.2799,80.9279],[50.4311,80.9105],[50.8019,80.914],[50.9171,80.8897],[51.4535,80.7439],[51.5903,80.7404],[51.7019,80.6883],[51.1475,80.6033],[50.9603,80.5408],[50.2799,80.5269],[49.8443,80.4974],[49.7507,80.4713],[49.7939,80.4262],[49.5851,80.3759],[48.8975,80.3689],[48.8111,80.3533],[48.6779,80.2995],[48.6887,80.2908],[48.9227,80.2769],[48.9587,80.2665],[48.9911,80.2422],[49.0091,80.2075],[48.9767,80.1623],[48.8903,80.1554],[48.7967,80.1606],[48.5807,80.1953],[48.5555,80.1832],[48.5339,80.1589],[48.4655,80.1102],[48.3863,80.0964],[48.1667,80.1328],[48.0947,80.1224],[48.0263,80.0998],[47.9399,80.0894],[47.7383,80.0825],[47.6339,80.112],[47.7239,80.1519],[47.9759,80.2127],[47.8931,80.2387],[47.6411,80.2457],[47.4431,80.23],[47.3423,80.1884],[47.2487,80.1797],[46.9895,80.1832],[46.8455,80.237],[46.7375,80.2578],[46.6439,80.3012],[47.4035,80.4453],[47.6555,80.5008],[47.8967,80.5286],[48.2099,80.5442],[48.3071,80.5616],[48.4043,80.5685],[48.4655,80.5581],[48.6239,80.5078],[49.0883,80.5165],[49.1855,80.5581],[49.1927,80.6553],[49.1459,80.7126],[49.2431,80.822],[49.5095,80.8654],[50.1251,80.9244],[50.2799,80.9279]]],[[[50.2655,69.1856],[50.2835,69.0884],[50.2223,69.0484],[50.1647,69.038],[50.1395,69.0988],[50.0927,69.1248],[49.9199,69.0536],[49.8407,68.9738],[49.6247,68.8592],[49.1819,68.7776],[48.9119,68.7429],[48.6671,68.7325],[48.4403,68.8054],[48.3143,68.9425],[48.2927,68.9842],[48.2783,69.0397],[48.2819,69.097],[48.2963,69.1838],[48.3215,69.2689],[48.4151,69.3453],[48.6311,69.4356],[48.8435,69.4946],[48.9551,69.5085],[49.2251,69.5119],[49.9955,69.3088],[50.1683,69.2567],[50.2655,69.1856]]],[[[60.45,69.9355],[60.4824,69.8852],[60.4788,69.7932],[60.4392,69.7255],[60.3276,69.7151],[60.216,69.6873],[60.0252,69.7168],[59.9208,69.6977],[59.8128,69.696],[59.7264,69.7064],[59.6364,69.7203],[59.5788,69.7394],[59.5824,69.7914],[59.5032,69.8661],[59.3808,69.8904],[59.2692,69.8991],[59.1432,69.9216],[59.082,69.9112],[59.0028,69.8834],[58.9524,69.8921],[58.6788,70.0518],[58.6356,70.0883],[58.6068,70.13],[58.5672,70.156],[58.4736,70.2671],[58.5204,70.3174],[58.614,70.3504],[58.6788,70.3591],[58.794,70.4338],[59.0064,70.465],[59.0496,70.4598],[59.0892,70.4372],[59.3088,70.3608],[59.4276,70.3105],[59.5284,70.2497],[59.6364,70.1977],[59.9568,70.1091],[60.1728,70.0223],[60.3924,69.9616],[60.45,69.9355]]],[[[70.6741,73.0951],[70.3789,73.0482],[70.2997,73.0447],[70.1197,73.0569],[70.0405,73.0378],[69.9217,73.0846],[69.9289,73.1263],[69.9865,73.1697],[70.0189,73.2235],[69.9973,73.3589],[70.1485,73.444],[70.3501,73.477],[70.9405,73.5152],[71.0233,73.5047],[71.1421,73.4787],[71.2321,73.4475],[71.3509,73.3728],[71.4445,73.3416],[71.5885,73.2825],[71.6317,73.2253],[71.6245,73.1732],[71.3545,73.1628],[70.8865,73.1194],[70.6741,73.0951]]],[[[92.6847,79.6849],[92.4399,79.6762],[92.1519,79.6849],[91.6839,79.7908],[91.3779,79.836],[91.1259,79.9054],[91.0719,79.9818],[91.2303,80.0304],[91.4247,80.0495],[91.7523,80.053],[92.1735,80.046],[92.5911,79.9957],[93.4803,79.9419],[93.8043,79.9054],[93.6027,79.8169],[93.3831,79.7839],[93.1563,79.737],[92.9259,79.704],[92.6847,79.6849]]],[[[113.3885,74.4005],[113.3525,74.3537],[113.2985,74.3172],[113.2589,74.2721],[113.1905,74.2391],[112.9781,74.1974],[112.8125,74.1037],[112.7837,74.095],[112.1969,74.1471],[112.1033,74.1627],[111.9125,74.22],[111.6425,74.2738],[111.5021,74.3537],[111.5705,74.3675],[111.6389,74.3745],[111.8801,74.3641],[111.9485,74.3884],[111.9845,74.4561],[111.9881,74.496],[112.0061,74.5273],[112.0853,74.5498],[112.9529,74.4804],[113.2877,74.4405],[113.3885,74.4005]]],[[[141.0116,73.9995],[140.5076,73.9179],[140.4104,73.9214],[140.1836,74.0047],[140.1008,74.1835],[140.1944,74.2373],[140.2988,74.2564],[140.4068,74.2669],[140.8496,74.2738],[140.9432,74.2651],[141.0368,74.2426],[141.08,74.2096],[141.098,74.1679],[141.0476,74.0499],[141.0116,73.9995]]],[[[23.852,35.5349],[23.9204,35.5279],[24.014,35.5297],[24.0356,35.5349],[24.0932,35.5939],[24.1652,35.5956],[24.1976,35.5366],[24.1256,35.5106],[24.1076,35.495],[24.122,35.4828],[24.1796,35.4602],[24.2552,35.4689],[24.2588,35.4238],[24.2732,35.3856],[24.3128,35.363],[24.3524,35.3595],[24.446,35.3665],[24.536,35.3804],[24.626,35.4099],[24.7196,35.4255],[25.0041,35.4099],[25.1049,35.3474],[25.2957,35.3387],[25.4757,35.3057],[25.5693,35.3283],[25.7313,35.3491],[25.7565,35.3266],[25.7349,35.1842],[25.7457,35.1425],[25.7925,35.1234],[25.8357,35.1321],[25.8933,35.179],[26.0265,35.2155],[26.1669,35.2155],[26.2857,35.3092],[26.3217,35.3144],[26.3001,35.2693],[26.2821,35.1599],[26.2569,35.0957],[26.2461,35.0453],[26.1669,35.0193],[26.0481,35.0141],[25.8285,35.0245],[25.6125,35.0071],[25.2057,34.9585],[24.7988,34.9342],[24.7448,34.9498],[24.7448,35.0141],[24.734,35.0575],[24.7088,35.0887],[24.5828,35.1148],[24.464,35.1599],[23.996,35.2224],[23.8844,35.2467],[23.7044,35.2328],[23.6396,35.2346],[23.5928,35.2571],[23.5604,35.2953],[23.546,35.4151],[23.5712,35.5349],[23.6072,35.5661],[23.6252,35.5297],[23.672,35.514],[23.7152,35.5505],[23.7152,35.6043],[23.7368,35.6547],[23.7692,35.6338],[23.7944,35.5557],[23.852,35.5349]]],[[[23.4164,38.9583],[23.4704,38.8506],[23.5244,38.8142],[23.636,38.7708],[23.69,38.7638],[23.8772,38.6857],[24.1004,38.6718],[24.1292,38.6493],[24.1544,38.5885],[24.2012,38.5416],[24.212,38.5034],[24.1868,38.4635],[24.2192,38.3385],[24.2768,38.2205],[24.3596,38.1632],[24.464,38.1458],[24.5648,38.1476],[24.59,38.1233],[24.5792,38.0208],[24.536,37.9792],[24.5036,37.9705],[24.4712,37.9809],[24.446,38.0052],[24.4172,38.0174],[24.3596,38.0191],[24.3164,38.0608],[24.212,38.1181],[24.194,38.151],[24.1904,38.2049],[24.1436,38.243],[24.104,38.3177],[24.0644,38.3368],[24.0428,38.375],[24.0392,38.3906],[23.8844,38.401],[23.7584,38.401],[23.6504,38.4427],[23.618,38.5521],[23.5532,38.5816],[23.5064,38.6128],[23.4668,38.6562],[23.3624,38.7343],[23.2508,38.802],[23.1428,38.8454],[23.0276,38.8732],[22.934,38.8402],[22.88,38.8472],[22.8692,38.8697],[22.988,38.9166],[23.1464,39.0034],[23.258,39.0312],[23.312,39.0347],[23.4164,38.9583]]],[[[34.4649,35.5939],[33.9429,35.2918],[33.9069,35.2016],[33.9321,35.1408],[34.0041,35.0644],[34.0221,35.0453],[34.0509,34.988],[33.9357,34.9707],[33.8241,34.9655],[33.7593,34.9724],[33.6981,34.9707],[33.5145,34.8058],[33.4137,34.7502],[33.2949,34.7172],[33.1761,34.6981],[33.1149,34.6964],[33.0609,34.6756],[33.0249,34.6374],[33.0249,34.5992],[33.0069,34.5697],[32.9421,34.5766],[32.9133,34.6356],[32.8665,34.6617],[32.7513,34.6478],[32.6937,34.6495],[32.5065,34.7068],[32.4489,34.7294],[32.4129,34.778],[32.3157,34.9533],[32.3013,35.0835],[32.3913,35.0505],[32.4741,35.0905],[32.5569,35.1564],[32.6541,35.1825],[32.7117,35.1703],[32.7729,35.1599],[32.8809,35.1807],[32.9277,35.278],[32.9421,35.3908],[33.1221,35.3578],[33.3093,35.3422],[33.4605,35.3352],[33.6081,35.3543],[34.0617,35.4741],[34.1913,35.5453],[34.2741,35.5696],[34.4109,35.6286],[34.5549,35.6616],[34.4649,35.5939]]],[[[19.0748,57.8356],[18.992,57.8113],[18.9452,57.7418],[18.8768,57.7297],[18.8156,57.7054],[18.7904,57.4832],[18.9092,57.3981],[18.8444,57.386],[18.7832,57.3617],[18.7436,57.3235],[18.7004,57.2419],[18.5384,57.1967],[18.4772,57.1637],[18.3872,57.0874],[18.3404,56.978],[18.2504,56.9311],[18.146,56.9207],[18.2072,57.011],[18.2864,57.0839],[18.2108,57.1325],[18.164,57.2124],[18.1064,57.2714],[18.1532,57.3391],[18.128,57.4485],[18.1352,57.5561],[18.2036,57.6116],[18.2828,57.655],[18.4052,57.7575],[18.5384,57.8304],[18.722,57.8634],[18.8048,57.8338],[18.8408,57.8998],[18.902,57.9154],[18.956,57.8998],[19.0748,57.8356]]],[[[12.5695,55.7854],[12.5695,55.6847],[12.5443,55.6552],[12.5083,55.6361],[12.4075,55.617],[12.3211,55.5875],[12.2419,55.5371],[12.2167,55.4659],[12.2743,55.4139],[12.3859,55.3861],[12.4147,55.2854],[12.3211,55.2368],[12.0907,55.1882],[12.0655,55.0701],[12.0727,54.9764],[12.0691,54.9087],[12.0511,54.8149],[11.8639,54.7733],[11.7415,54.9156],[11.7415,54.9729],[11.7019,55.0389],[11.6983,55.0962],[11.6551,55.1864],[11.4751,55.2107],[11.4067,55.2142],[11.3095,55.1986],[11.2879,55.2038],[11.1691,55.3288],[11.1907,55.4659],[11.1295,55.5354],[11.1187,55.5666],[11.1223,55.6013],[11.0719,55.6291],[11.0071,55.6447],[10.9783,55.7211],[11.0503,55.7402],[11.2231,55.7315],[11.2771,55.7368],[11.3239,55.7524],[11.4643,55.8791],[11.4607,55.9069],[11.4751,55.9433],[11.6263,55.9572],[11.6947,55.9086],[11.6839,55.8288],[11.6911,55.7298],[11.7847,55.702],[11.8207,55.6968],[11.8567,55.7715],[11.8855,55.8079],[11.9215,55.8288],[11.9359,55.8965],[11.9143,55.9381],[11.8675,55.9676],[12.0403,56.0527],[12.2203,56.1187],[12.3247,56.1221],[12.4291,56.1065],[12.5263,56.084],[12.5803,56.0649],[12.6091,56.0336],[12.5443,55.959],[12.5263,55.919],[12.5695,55.7854]]],[[[10.6435,55.61],[10.6867,55.5579],[10.7371,55.4468],[10.8199,55.3218],[10.7839,55.2698],[10.8091,55.2038],[10.7839,55.1326],[10.6255,55.0528],[10.4419,55.0493],[10.2547,55.0875],[9.9883,55.1639],[9.9667,55.2055],[9.9307,55.2281],[9.8587,55.3566],[9.8623,55.5163],[9.9955,55.5354],[10.2871,55.61],[10.3519,55.5996],[10.4239,55.5597],[10.5067,55.5579],[10.6219,55.6135],[10.6435,55.61]]],[[[3.1446,39.7898],[3.2418,39.7568],[3.3426,39.7864],[3.3966,39.7777],[3.4506,39.7621],[3.4614,39.6978],[3.4146,39.6266],[3.3498,39.5555],[3.2922,39.4773],[3.2454,39.3871],[3.1554,39.3333],[3.0726,39.302],[2.8998,39.368],[2.799,39.3853],[2.7702,39.4096],[2.745,39.5103],[2.7018,39.5416],[2.6334,39.5555],[2.5758,39.5312],[2.5002,39.4773],[2.457,39.5312],[2.3958,39.5398],[2.3706,39.5728],[2.3706,39.6128],[2.7846,39.8541],[2.9034,39.9079],[3.159,39.9704],[3.1986,39.9617],[3.1662,39.9235],[3.1662,39.9079],[3.1986,39.8905],[3.1914,39.861],[3.159,39.8367],[3.1446,39.7898]]],[[[-57.8472,-64.0544],[-57.8076,-64.0683],[-57.7752,-64.0614],[-57.7428,-64.0475],[-57.7104,-64.0145],[-57.5916,-63.9676],[-57.48,-63.9624],[-57.516,-64.011],[-57.2496,-64.0978],[-57.2712,-64.1655],[-57.2208,-64.2211],[-57.3288,-64.2384],[-57.4152,-64.2957],[-57.3396,-64.3183],[-57.2964,-64.3669],[-57.3864,-64.3791],[-57.5808,-64.3495],[-57.6816,-64.3565],[-57.6708,-64.3114],[-57.7032,-64.294],[-57.822,-64.3027],[-57.8724,-64.4016],[-57.9084,-64.4103],[-57.9516,-64.3947],[-57.9192,-64.3305],[-57.9696,-64.32],[-58.02,-64.3218],[-58.1712,-64.3686],[-58.2144,-64.3704],[-58.3044,-64.3148],[-58.02,-64.2419],[-58.1388,-64.2055],[-58.164,-64.1603],[-58.146,-64.0978],[-58.2504,-64.1065],[-58.3512,-64.1308],[-58.398,-64.1343],[-58.4376,-64.1135],[-58.4232,-64.0683],[-58.3404,-63.9937],[-58.2756,-63.9155],[-58.146,-63.8774],[-58.0704,-63.8478],[-57.9696,-63.834],[-57.9264,-63.8062],[-57.8328,-63.8044],[-57.7788,-63.8687],[-57.7824,-63.9069],[-57.8256,-63.9485],[-57.8472,-64.0544]]],[[[-63.1788,-64.4693],[-63.276,-64.5735],[-63.132,-64.5718],[-63.0312,-64.5353],[-62.9268,-64.5197],[-62.8368,-64.5718],[-63.024,-64.6117],[-63.204,-64.6811],[-63.276,-64.7176],[-63.3552,-64.7332],[-63.456,-64.728],[-63.5568,-64.7349],[-63.6468,-64.8026],[-63.7404,-64.8339],[-63.7692,-64.8079],[-63.8052,-64.7922],[-64.0068,-64.7679],[-64.1004,-64.7332],[-64.1832,-64.7089],[-64.2732,-64.6967],[-64.2264,-64.636],[-64.1724,-64.5822],[-63.8664,-64.5093],[-63.8952,-64.4867],[-63.9168,-64.4572],[-63.6756,-64.4207],[-63.6684,-64.3843],[-63.6828,-64.3426],[-63.6072,-64.3148],[-63.5352,-64.2732],[-63.4848,-64.261],[-63.3336,-64.2662],[-63.2292,-64.3235],[-63.2724,-64.3808],[-63.1788,-64.4693]]],[[[-85,70.9882],[155,70.9766],[155,71.5249],[-85,71.5342],[-85,70.9882]]],[[[-58.8516,-51.2705],[-58.6968,-51.3278],[-58.506,-51.3087],[-58.4268,-51.3243],[-58.38,-51.3729],[-58.4052,-51.4181],[-58.4664,-51.4111],[-58.5204,-51.4233],[-58.5096,-51.484],[-58.4736,-51.5083],[-58.272,-51.5743],[-58.236,-51.5778],[-58.2396,-51.5517],[-58.2756,-51.5066],[-58.29,-51.458],[-58.2576,-51.4163],[-58.2072,-51.4042],[-57.9768,-51.3851],[-57.9228,-51.4042],[-57.8076,-51.5187],[-57.9156,-51.5344],[-57.9588,-51.583],[-57.8652,-51.6038],[-57.7932,-51.6368],[-57.8328,-51.6854],[-57.84,-51.7097],[-58.0056,-51.7427],[-58.1496,-51.7653],[-58.218,-51.8225],[-58.3368,-51.8642],[-58.6824,-51.9354],[-58.6428,-51.9944],[-58.6392,-52.0222],[-58.6536,-52.0986],[-59.1324,-52.0083],[-59.1972,-52.017],[-59.0676,-52.1732],[-59.1612,-52.201],[-59.2548,-52.1836],[-59.3412,-52.1958],[-59.3952,-52.3086],[-59.532,-52.2357],[-59.6472,-52.135],[-59.6508,-52.0777],[-59.5356,-51.9701],[-59.5716,-51.925],[-59.3088,-51.7809],[-59.262,-51.7375],[-59.1792,-51.7132],[-59.0964,-51.7045],[-59.0604,-51.6854],[-59.064,-51.6507],[-59.1,-51.5899],[-59.0964,-51.491],[-58.8876,-51.3573],[-58.9164,-51.2722],[-58.8516,-51.2705]]],[[[-37.1038,-54.0655],[-37.0066,-54.1141],[-36.9274,-54.0811],[-36.8482,-54.0846],[-36.805,-54.1019],[-36.7618,-54.1071],[-36.7042,-54.1089],[-36.607,-54.1905],[-36.6466,-54.2616],[-36.5422,-54.2477],[-36.4486,-54.3085],[-36.4054,-54.3033],[-36.3874,-54.279],[-36.3262,-54.2512],[-36.2866,-54.2894],[-36.2362,-54.3606],[-36.1714,-54.3814],[-36.1174,-54.4578],[-36.0742,-54.5533],[-36.0346,-54.5672],[-35.9662,-54.5689],[-35.8942,-54.555],[-35.923,-54.6383],[-35.9122,-54.7113],[-35.797,-54.7633],[-35.8654,-54.7928],[-35.9374,-54.8345],[-36.085,-54.8675],[-36.1246,-54.8536],[-36.2506,-54.7807],[-36.3118,-54.6939],[-36.445,-54.5706],[-36.4738,-54.5342],[-36.5062,-54.5116],[-36.6286,-54.496],[-36.7366,-54.4665],[-36.823,-54.404],[-36.8518,-54.3658],[-36.8878,-54.3398],[-37.0066,-54.3415],[-37.0822,-54.312],[-37.1578,-54.272],[-37.4962,-54.1557],[-37.6294,-54.1679],[-37.6906,-54.1349],[-37.6906,-54.0776],[-37.6186,-54.0429],[-37.9138,-54.029],[-38.0182,-54.0082],[-37.9462,-53.996],[-37.5358,-53.9943],[-37.381,-53.9839],[-37.3702,-54.0099],[-37.2334,-54.0603],[-37.1038,-54.0655]]],[[[-73.7737,-43.3456],[-73.8493,-43.3665],[-73.9177,-43.3717],[-73.9897,-43.3561],[-74.1157,-43.3578],[-74.2381,-43.3196],[-74.3533,-43.2641],[-74.3857,-43.2311],[-74.3749,-43.1859],[-74.2885,-43.08],[-74.2093,-42.8787],[-74.1553,-42.5905],[-74.1985,-42.4811],[-74.1949,-42.436],[-74.1733,-42.3822],[-74.1661,-42.3249],[-74.1697,-42.2693],[-74.1589,-42.2172],[-74.0725,-42.1061],[-74.0581,-42.0558],[-74.0581,-42.002],[-74.0185,-41.8909],[-74.0293,-41.8544],[-74.0617,-41.8232],[-74.0365,-41.7954],[-73.7305,-41.877],[-73.5289,-41.8961],[-73.5181,-41.9811],[-73.4785,-42.0471],[-73.4533,-42.1652],[-73.4245,-42.1929],[-73.4389,-42.278],[-73.5325,-42.3145],[-73.5253,-42.3926],[-73.4713,-42.4655],[-73.5505,-42.4933],[-73.6333,-42.5089],[-73.6549,-42.528],[-73.7161,-42.5453],[-73.7881,-42.5853],[-73.7665,-42.6217],[-73.6729,-42.7051],[-73.5685,-42.7623],[-73.5109,-42.8474],[-73.4353,-42.9359],[-73.4713,-42.9932],[-73.5397,-43.0731],[-73.6513,-43.1269],[-73.7485,-43.1599],[-73.7377,-43.2918],[-73.7737,-43.3456]]],[[[-60.288,-51.4615],[-60.1404,-51.4806],[-60.0072,-51.4111],[-59.9172,-51.3885],[-59.8416,-51.4042],[-59.7876,-51.4458],[-59.712,-51.4389],[-59.4924,-51.3955],[-59.4636,-51.4111],[-59.388,-51.3608],[-59.3196,-51.3833],[-59.2692,-51.4267],[-59.2944,-51.4788],[-59.3556,-51.5118],[-59.3916,-51.5569],[-59.4384,-51.5934],[-59.514,-51.6264],[-59.5716,-51.6802],[-59.7156,-51.8069],[-59.9208,-51.9701],[-59.9892,-51.984],[-60.1332,-51.9944],[-60.1944,-51.9823],[-60.2448,-51.9857],[-60.288,-52.0743],[-60.3528,-52.1402],[-60.3852,-52.1541],[-60.4536,-52.1611],[-60.4824,-52.1697],[-60.5076,-52.1941],[-60.6876,-52.1888],[-60.8136,-52.1472],[-60.9612,-52.0569],[-60.7632,-51.9458],[-60.5904,-51.951],[-60.45,-51.8764],[-60.3348,-51.8399],[-60.288,-51.8017],[-60.2376,-51.7722],[-60.2376,-51.734],[-60.2772,-51.7167],[-60.3276,-51.7184],[-60.378,-51.7357],[-60.5004,-51.7566],[-60.5832,-51.7132],[-60.5292,-51.6958],[-60.468,-51.6976],[-60.2808,-51.6559],[-60.2448,-51.6385],[-60.3024,-51.5812],[-60.414,-51.5448],[-60.5076,-51.4858],[-60.522,-51.4632],[-60.5184,-51.4285],[-60.5688,-51.3573],[-60.5148,-51.3538],[-60.4464,-51.399],[-60.288,-51.4615]]],[[[-74.4757,-49.1474],[-74.4685,-49.2949],[-74.4829,-49.4425],[-74.5225,-49.623],[-74.5153,-49.6595],[-74.4721,-49.6682],[-74.4577,-49.6907],[-74.4721,-49.7862],[-74.4973,-49.8591],[-74.5441,-49.9199],[-74.5693,-49.9911],[-74.5945,-50.0067],[-74.7025,-50.0188],[-74.7637,-50.0119],[-74.8105,-49.9303],[-74.8249,-49.88],[-74.8213,-49.814],[-74.8789,-49.7255],[-74.8825,-49.6925],[-74.8609,-49.6334],[-74.8105,-49.6057],[-74.8033,-49.5154],[-74.7817,-49.4894],[-74.7277,-49.4529],[-74.7205,-49.4373],[-74.7241,-49.4234],[-74.7421,-49.4217],[-74.9617,-49.5328],[-74.9797,-49.564],[-74.9905,-49.6057],[-74.9941,-49.7515],[-75.0302,-49.8366],[-75.0662,-49.8522],[-75.167,-49.8557],[-75.3002,-49.847],[-75.4514,-49.7706],[-75.5486,-49.7914],[-75.5702,-49.6977],[-75.5198,-49.6213],[-75.3362,-49.6282],[-75.3074,-49.4946],[-75.365,-49.4633],[-75.4298,-49.4078],[-75.4658,-49.3592],[-75.4334,-49.3227],[-75.3254,-49.2689],[-75.2714,-49.2637],[-75.2174,-49.2932],[-75.0878,-49.2706],[-75.095,-49.1856],[-75.2102,-49.1474],[-75.185,-49.0831],[-75.0374,-49.0224],[-74.9509,-48.9599],[-74.9437,-48.8887],[-74.9797,-48.8193],[-74.9689,-48.7915],[-74.8969,-48.7325],[-74.7925,-48.7047],[-74.7457,-48.7082],[-74.6521,-48.7498],[-74.5657,-48.755],[-74.5477,-48.7672],[-74.5297,-48.8123],[-74.4757,-49.1474]]],[[[-72.9853,-44.7796],[-73.2301,-44.8594],[-73.3489,-44.8334],[-73.3957,-44.7744],[-73.4209,-44.724],[-73.4461,-44.6407],[-73.4029,-44.5956],[-73.3165,-44.5313],[-73.2805,-44.4897],[-73.2661,-44.4411],[-73.2733,-44.3942],[-73.2589,-44.3508],[-73.2085,-44.3352],[-73.0285,-44.3838],[-72.8413,-44.4584],[-72.7765,-44.5088],[-72.7657,-44.5487],[-72.8449,-44.639],[-72.8989,-44.7119],[-72.9853,-44.7796]]],[[[-61.8,49.0931],[-62.2212,49.0792],[-62.5524,49.1417],[-62.8008,49.1712],[-63.042,49.225],[-63.5676,49.3986],[-63.6252,49.4594],[-63.6756,49.534],[-63.7764,49.6017],[-63.8844,49.6573],[-64.4388,49.8274],[-64.4856,49.8864],[-64.374,49.9264],[-64.2444,49.9437],[-64.1328,49.942],[-63.7584,49.876],[-63.2904,49.817],[-63.0888,49.7718],[-62.8584,49.7059],[-62.6352,49.6243],[-62.1312,49.4073],[-62.0448,49.3899],[-61.818,49.284],[-61.7352,49.2042],[-61.6956,49.1382],[-61.746,49.1052],[-61.8,49.0931]]],[[[-61.1052,45.944],[-61.0728,45.937],[-60.936,45.9856],[-60.864,45.9839],[-60.8676,45.9492],[-60.9828,45.911],[-61.0368,45.8815],[-60.972,45.8554],[-60.972,45.8381],[-61.0512,45.7947],[-61.0908,45.7478],[-61.0584,45.7027],[-60.9288,45.7478],[-60.8784,45.7478],[-60.8064,45.7374],[-60.738,45.7513],[-60.6984,45.7738],[-60.4716,45.9457],[-60.4608,45.9683],[-60.7056,45.9335],[-60.7344,45.9561],[-60.5724,46.062],[-60.5868,46.1158],[-60.504,46.2044],[-60.432,46.2564],[-60.378,46.2842],[-60.2988,46.312],[-60.2448,46.2703],[-60.2268,46.1957],[-60.0936,46.2061],[-59.9604,46.1905],[-59.8668,46.1592],[-59.8488,46.1419],[-59.8488,46.1124],[-59.8812,46.062],[-59.9352,46.0186],[-59.8272,45.9648],[-59.8416,45.9422],[-60.0144,45.8797],[-60.1152,45.819],[-60.2052,45.7426],[-60.3852,45.654],[-60.6732,45.5915],[-60.7632,45.5915],[-60.8712,45.6106],[-60.9792,45.6054],[-61.0836,45.5829],[-61.188,45.5846],[-61.2348,45.5725],[-61.2852,45.5742],[-61.3248,45.5985],[-61.4076,45.6697],[-61.4508,45.7165],[-61.494,45.9422],[-61.4796,46.0603],[-61.4076,46.1696],[-61.3032,46.2443],[-61.242,46.3033],[-60.9828,46.6505],[-60.9324,46.7286],[-60.8712,46.7963],[-60.7596,46.864],[-60.6156,46.9751],[-60.5724,46.9994],[-60.4896,47.0099],[-60.4068,47.0029],[-60.432,46.963],[-60.4248,46.9231],[-60.3312,46.7686],[-60.3312,46.7373],[-60.3852,46.6141],[-60.4824,46.4127],[-60.5076,46.3033],[-60.4932,46.2703],[-60.5328,46.2148],[-60.576,46.1714],[-60.7452,46.0933],[-60.8316,46.0742],[-60.9108,46.0446],[-61.1052,45.944]]],[[[-77.2622,18.4578],[-77.1398,18.4214],[-77.0138,18.4023],[-76.9598,18.4023],[-76.9094,18.3901],[-76.7942,18.305],[-76.7006,18.2564],[-76.3514,18.1523],[-76.2326,17.97],[-76.211,17.9127],[-76.301,17.8797],[-76.4162,17.8676],[-76.5242,17.8658],[-76.625,17.9006],[-76.6682,17.9283],[-76.7726,17.9405],[-76.7474,17.9648],[-76.7942,17.9769],[-76.8518,17.9735],[-76.895,17.904],[-76.9454,17.8485],[-77.0354,17.8537],[-77.0714,17.9006],[-77.1182,17.8797],[-77.1578,17.845],[-77.2046,17.7148],[-77.2802,17.779],[-77.363,17.8329],[-77.4638,17.8554],[-77.669,17.8589],[-77.7698,17.878],[-77.849,17.9874],[-77.8814,18.0186],[-77.9642,18.0481],[-78.0434,18.1731],[-78.0722,18.1905],[-78.2954,18.2182],[-78.3386,18.2877],[-78.3242,18.3502],[-78.2522,18.4266],[-78.2162,18.4474],[-78.0938,18.4457],[-77.9786,18.4682],[-77.9282,18.5012],[-77.8742,18.522],[-77.453,18.4665],[-77.3558,18.4665],[-77.2622,18.4578]]],[[[-66.1309,18.4457],[-66.0985,18.4248],[-66.0697,18.4283],[-66.0913,18.4682],[-66.0697,18.4682],[-65.8789,18.4439],[-65.7565,18.4023],[-65.6305,18.3814],[-65.6197,18.2426],[-65.7169,18.187],[-65.7817,18.128],[-65.8357,18.0568],[-65.9725,17.9752],[-66.1345,17.9492],[-66.2461,17.9474],[-66.2857,17.9492],[-66.3253,17.9648],[-66.4081,17.9509],[-66.5125,17.9874],[-66.5989,17.9787],[-66.7717,17.9874],[-66.8365,17.9544],[-66.9013,17.9474],[-66.9625,17.9544],[-67.0129,17.9683],[-67.1425,17.9665],[-67.1965,17.9943],[-67.1749,18.1523],[-67.1713,18.2235],[-67.2037,18.2842],[-67.2397,18.3207],[-67.2649,18.3641],[-67.2145,18.3936],[-67.1713,18.4352],[-67.1569,18.4995],[-67.1137,18.5151],[-67.0597,18.522],[-66.8113,18.4925],[-66.1885,18.4752],[-66.1525,18.47],[-66.1309,18.4457]]],[[[-63.8124,46.4682],[-63.7836,46.4543],[-63.7368,46.4804],[-63.6828,46.562],[-63.5352,46.5411],[-63.456,46.5047],[-63.4128,46.5116],[-63.3696,46.5082],[-63.2868,46.4596],[-63.1284,46.4214],[-62.9628,46.4283],[-62.7108,46.4509],[-62.682,46.4596],[-62.4228,46.4786],[-62.1636,46.4873],[-62.0736,46.4665],[-62.0412,46.4457],[-62.0232,46.4214],[-62.1708,46.3554],[-62.3184,46.279],[-62.5272,46.2026],[-62.5524,46.1662],[-62.538,46.0985],[-62.5416,46.029],[-62.502,46.0238],[-62.4768,45.9995],[-62.5308,45.9769],[-62.7432,45.9665],[-62.8044,45.9735],[-62.88,46.0012],[-62.9052,46.069],[-62.9952,46.0585],[-63.0204,46.0672],[-62.8944,46.1228],[-62.952,46.1957],[-63.0168,46.1905],[-63.0564,46.2235],[-63.0528,46.2703],[-62.9952,46.2929],[-62.9772,46.3172],[-63.0564,46.2946],[-63.1176,46.253],[-63.1932,46.2373],[-63.2724,46.1992],[-63.1536,46.1887],[-63.2148,46.1592],[-63.276,46.154],[-63.5676,46.2096],[-63.6396,46.2304],[-63.7332,46.2894],[-63.8016,46.3675],[-63.762,46.371],[-63.7512,46.3849],[-63.7584,46.3971],[-63.8592,46.4075],[-64.0212,46.404],[-64.1112,46.4248],[-64.1076,46.562],[-64.1364,46.6002],[-64.2372,46.6314],[-64.3884,46.6401],[-64.4028,46.6922],[-64.356,46.7686],[-64.2804,46.8363],[-64.2228,46.9005],[-64.158,46.9543],[-63.9924,47.0619],[-63.996,46.9821],[-63.9816,46.9126],[-64.0896,46.7755],[-63.9024,46.6384],[-63.8808,46.6088],[-63.8628,46.5724],[-63.8772,46.5394],[-63.906,46.5082],[-63.834,46.4943],[-63.8124,46.4682]]],[[[-72.5101,40.9859],[-72.5821,40.9217],[-72.5173,40.9148],[-72.4597,40.9339],[-72.4093,40.972],[-72.2869,41.0241],[-72.1825,41.0467],[-72.1501,41.0519],[-72.1033,41.0154],[-72.0025,41.045],[-71.9017,41.0606],[-72.3373,40.8939],[-72.4273,40.8748],[-72.5569,40.8262],[-72.6757,40.7898],[-72.7621,40.7776],[-73.1941,40.6544],[-73.2301,40.6509],[-73.2661,40.663],[-73.6225,40.6005],[-73.7665,40.5919],[-73.8997,40.571],[-73.8025,40.6214],[-73.7989,40.6405],[-73.8241,40.6561],[-73.8745,40.6509],[-73.9285,40.5988],[-74.0149,40.5814],[-74.0329,40.6387],[-74.0041,40.6839],[-73.9645,40.7255],[-73.8781,40.7915],[-73.7557,40.8332],[-73.6945,40.8696],[-73.6513,40.8384],[-73.6441,40.8818],[-73.6081,40.9061],[-73.5721,40.92],[-73.4857,40.92],[-73.4425,40.9269],[-73.4065,40.9408],[-73.3741,40.9443],[-73.2769,40.9234],[-73.1869,40.9304],[-73.1113,40.9564],[-73.0321,40.9651],[-72.8305,40.972],[-72.6253,40.9911],[-72.5425,41.0276],[-72.3733,41.1248],[-72.2725,41.1526],[-72.4273,41.038],[-72.5101,40.9859]]],[[[151.9161,-4.296],[151.9665,-4.3168],[152.1177,-4.2127],[152.1969,-4.2856],[152.2977,-4.3203],[152.4057,-4.3411],[152.3625,-4.4904],[152.3769,-4.5599],[152.4021,-4.6293],[152.3985,-4.7317],[152.3517,-4.822],[152.2581,-4.9539],[152.2149,-4.98],[152.1681,-4.9939],[152.0133,-5.0043],[151.9845,-5.0737],[151.9953,-5.1484],[152.0781,-5.2473],[152.1429,-5.3567],[152.0781,-5.4591],[151.9701,-5.5285],[151.8657,-5.565],[151.6965,-5.5442],[151.5165,-5.5528],[151.4805,-5.591],[151.4805,-5.6553],[151.4553,-5.7039],[151.4229,-5.7473],[151.3329,-5.8393],[151.2285,-5.9191],[151.0917,-5.9973],[151.0449,-6.0146],[150.9189,-6.0268],[150.8073,-6.0719],[150.7605,-6.1153],[150.7065,-6.15],[150.5877,-6.1882],[150.4725,-6.2629],[150.4293,-6.2768],[150.1917,-6.2889],[149.8497,-6.2924],[149.7489,-6.3011],[149.6517,-6.2906],[149.5977,-6.2611],[149.4825,-6.124],[149.3817,-6.0789],[149.2737,-6.0789],[149.1261,-6.1275],[149.0973,-6.117],[148.8093,-5.9157],[148.7193,-5.8671],[148.6257,-5.8306],[148.5105,-5.8046],[148.4025,-5.7646],[148.3377,-5.6692],[148.3449,-5.5442],[148.4313,-5.4713],[148.5645,-5.5077],[148.6149,-5.5077],[148.6653,-5.4869],[148.7229,-5.4938],[148.7841,-5.5112],[149.0001,-5.4851],[149.1225,-5.5233],[149.2449,-5.5737],[149.3601,-5.5841],[149.4753,-5.5737],[149.6301,-5.5164],[149.6805,-5.5233],[149.8317,-5.5233],[149.9613,-5.447],[150.0117,-5.1397],[150.0441,-5.0355],[150.0909,-5.0112],[150.1233,-5.0182],[150.1701,-5.0702],[150.1089,-5.1362],[150.0801,-5.1866],[150.0729,-5.3098],[150.1053,-5.4296],[150.1845,-5.5233],[150.2997,-5.5355],[150.4041,-5.473],[150.5193,-5.4608],[150.6273,-5.5216],[150.7353,-5.5112],[150.7857,-5.4713],[150.8433,-5.4539],[150.9009,-5.447],[150.9513,-5.4244],[151.0233,-5.3202],[151.0701,-5.2039],[151.1385,-5.1136],[151.3257,-4.9609],[151.3797,-4.9418],[151.4409,-4.9314],[151.5741,-4.9383],[151.6713,-4.8828],[151.6785,-4.7612],[151.6641,-4.6362],[151.5525,-4.3463],[151.5453,-4.2995],[151.5597,-4.2474],[151.5921,-4.2005],[151.7037,-4.2005],[151.8189,-4.2161],[151.8657,-4.2613],[151.9161,-4.296]]],[[[127.2955,-8.4242],[127.1155,-8.5839],[126.9139,-8.7158],[126.7915,-8.7558],[126.6655,-8.7818],[126.5683,-8.8322],[126.4855,-8.912],[126.3811,-8.9572],[126.2659,-8.9728],[126.1651,-8.9971],[126.0715,-9.044],[125.9455,-9.1238],[125.8951,-9.1325],[125.8411,-9.1308],[125.7367,-9.1603],[125.4091,-9.2766],[125.2111,-9.4033],[124.9986,-9.5648],[124.9626,-9.6654],[124.8402,-9.7592],[124.707,-9.9137],[124.6026,-9.9935],[124.509,-10.0856],[124.4262,-10.148],[124.3254,-10.1706],[124.1742,-10.1828],[123.9726,-10.2956],[123.8574,-10.3442],[123.7458,-10.3477],[123.645,-10.3112],[123.6054,-10.2696],[123.6126,-10.2158],[123.6486,-10.1671],[123.6918,-10.129],[123.717,-10.0786],[123.5982,-10.0144],[123.591,-9.9675],[123.6342,-9.8373],[123.6666,-9.7054],[123.7098,-9.6151],[123.8754,-9.4536],[123.9762,-9.3738],[124.1994,-9.2557],[124.5738,-9.1551],[124.6458,-9.1169],[124.707,-9.0613],[124.8906,-8.9693],[125.0275,-8.8599],[125.1175,-8.7072],[125.1787,-8.6481],[125.3227,-8.5909],[125.3803,-8.5752],[125.8051,-8.4919],[125.9059,-8.4867],[126.1723,-8.4884],[126.5323,-8.4711],[126.6187,-8.4589],[126.7339,-8.4225],[126.8455,-8.3773],[126.9031,-8.3409],[126.9679,-8.3166],[127.0579,-8.3478],[127.2163,-8.3721],[127.2559,-8.3947],[127.2955,-8.4242]]],[[[145.0437,-40.7868],[145.1589,-40.7902],[145.2237,-40.7659],[145.2813,-40.7694],[145.3497,-40.8267],[145.4289,-40.858],[145.4865,-40.8527],[145.5333,-40.8632],[145.5765,-40.9048],[145.6845,-40.9395],[145.7349,-40.9621],[145.7745,-40.9968],[145.8213,-41.0246],[146.1129,-41.1184],[146.3181,-41.1635],[146.5737,-41.1427],[146.6493,-41.1166],[146.7249,-41.0784],[146.7861,-41.1131],[146.8473,-41.1687],[146.8365,-41.1097],[146.8581,-41.0576],[146.9193,-41.0177],[146.9913,-40.9916],[147.1065,-40.9951],[147.2181,-40.9829],[147.2685,-40.9604],[147.3189,-40.9569],[147.3873,-40.9864],[147.4557,-41.002],[147.5025,-40.9638],[147.5781,-40.8753],[147.6213,-40.8441],[147.8193,-40.8718],[147.8733,-40.8718],[147.9705,-40.7798],[148.0317,-40.7816],[148.2153,-40.8545],[148.2945,-40.9465],[148.2837,-41.1149],[148.2909,-41.1739],[148.3053,-41.2329],[148.3125,-41.3492],[148.2909,-41.4656],[148.2873,-41.5558],[148.2981,-41.6461],[148.2873,-41.8162],[148.3161,-41.9273],[148.3017,-42.0037],[148.3017,-42.0402],[148.3269,-42.0732],[148.3413,-42.1113],[148.3305,-42.16],[148.3413,-42.2155],[148.3305,-42.2624],[148.2909,-42.2554],[148.2765,-42.219],[148.2837,-42.1738],[148.2765,-42.1356],[148.2549,-42.1027],[148.1829,-42.0645],[148.2045,-42.0419],[148.2405,-42.0211],[148.2153,-41.9707],[148.1685,-42.0124],[148.1397,-42.0697],[148.1577,-42.0888],[148.1289,-42.1044],[148.0677,-42.1704],[148.0245,-42.2589],[148.0065,-42.3457],[148.0101,-42.436],[147.9741,-42.5054],[147.9237,-42.5731],[147.9129,-42.6582],[147.9165,-42.8162],[147.9561,-42.9603],[147.9813,-43.1564],[147.9453,-43.1825],[147.8373,-43.1946],[147.7869,-43.2207],[147.7005,-43.1217],[147.6465,-43.021],[147.6861,-42.9793],[147.7725,-43.0037],[147.8013,-42.9811],[147.8085,-42.9533],[147.8013,-42.9273],[147.6933,-42.8717],[147.5745,-42.8457],[147.5349,-42.8787],[147.5493,-42.9741],[147.5385,-42.9967],[147.4521,-43.0332],[147.4089,-42.8943],[147.2973,-42.7901],[147.3009,-42.8405],[147.3477,-42.9273],[147.3441,-42.9637],[147.3261,-43.0141],[147.2793,-43.0314],[147.2613,-43.0714],[147.2613,-43.1269],[147.2433,-43.2154],[147.1713,-43.2554],[146.9985,-43.1564],[146.9841,-43.1894],[146.9877,-43.2189],[147.0777,-43.2762],[147.0345,-43.3196],[147.0057,-43.3699],[146.9553,-43.5019],[146.8725,-43.613],[146.8329,-43.6199],[146.6997,-43.6026],[146.5485,-43.5088],[146.4117,-43.5192],[146.1885,-43.5123],[146.0445,-43.547],[146.0121,-43.4446],[145.9833,-43.4081],[145.9941,-43.3769],[146.1093,-43.3543],[146.2281,-43.3561],[146.2065,-43.3161],[146.1777,-43.3022],[146.1237,-43.3109],[145.9761,-43.2779],[145.8717,-43.2918],[145.8033,-43.2432],[145.6809,-43.0766],[145.6089,-42.9984],[145.5657,-42.9672],[145.5189,-42.9516],[145.4865,-42.9273],[145.2669,-42.5436],[145.2381,-42.4551],[145.1985,-42.2311],[145.3713,-42.3388],[145.4361,-42.4065],[145.4685,-42.4933],[145.5261,-42.3874],[145.5153,-42.3544],[145.3605,-42.2277],[145.3389,-42.1912],[145.3317,-42.1478],[145.2957,-42.1912],[145.2345,-42.1964],[145.2597,-42.1079],[145.2381,-42.0193],[145.0545,-41.8266],[144.914,-41.6444],[144.7772,-41.4187],[144.7664,-41.3909],[144.7628,-41.3423],[144.698,-41.1913],[144.662,-41.0784],[144.6476,-40.9812],[144.7088,-40.7833],[144.7196,-40.6722],[144.8168,-40.7225],[145.0437,-40.7868]]],[[[96.526,81.0755],[96.562,81.0303],[96.6916,80.9939],[96.7564,80.9574],[97.4152,80.8411],[97.7032,80.8272],[97.8328,80.7977],[97.8688,80.763],[97.858,80.6987],[97.7464,80.6987],[97.6672,80.6779],[97.2208,80.6519],[97.1128,80.6137],[97.0264,80.5356],[97.0732,80.5199],[97.1164,80.4974],[97.2496,80.3637],[97.2856,80.3429],[97.4188,80.3238],[97.3,80.2734],[97.174,80.2404],[95.8564,80.1762],[94.9599,80.1502],[94.6611,80.1224],[94.5639,80.1259],[94.3299,80.0755],[93.8727,80.0096],[93.6531,80.0096],[93.0015,80.1016],[92.2023,80.1797],[92.0907,80.2231],[91.8927,80.2491],[91.6371,80.27],[91.5255,80.3585],[91.6875,80.4193],[91.8963,80.4783],[92.2455,80.4991],[92.5767,80.5338],[92.8251,80.6189],[92.9799,80.7022],[93.2607,80.7908],[92.7747,80.7682],[92.5911,80.7803],[92.6091,80.8099],[92.7099,80.8723],[92.7639,80.8932],[92.9403,80.9262],[93.0663,80.9887],[93.3579,81.0321],[93.4983,81.039],[93.6351,81.0373],[93.8871,81.0581],[94.1391,81.0893],[94.3767,81.1067],[94.6107,81.1154],[94.8375,81.1397],[95.0608,81.1883],[95.158,81.2716],[95.8024,81.2803],[95.9032,81.2612],[95.9824,81.2109],[96.076,81.1935],[96.1876,81.1831],[96.472,81.0998],[96.526,81.0755]]],[[[97.6744,80.1589],[97.9048,80.0946],[98.0164,80.0234],[97.9084,80.0043],[97.8076,79.9557],[97.7608,79.8967],[97.6276,79.8498],[97.5916,79.7752],[97.6528,79.7613],[97.7248,79.7821],[97.8724,79.8533],[98.0632,79.9019],[98.272,79.8741],[98.3548,79.8846],[98.4988,79.9523],[98.4736,80.0096],[98.5312,80.0443],[98.596,80.053],[98.866,80.046],[99.2944,80.0165],[99.37,79.987],[99.4744,79.9696],[99.5356,79.9419],[99.7264,79.9193],[99.82,79.8985],[99.946,79.8498],[100.0612,79.7769],[99.9172,79.7387],[99.838,79.6693],[99.8056,79.6537],[99.7804,79.6276],[99.7696,79.5669],[99.748,79.5148],[99.7228,79.4922],[99.7048,79.4627],[99.7228,79.3846],[99.6796,79.3238],[99.5356,79.277],[99.388,79.2752],[99.1684,79.3065],[99.1036,79.3047],[99.0424,79.2926],[99.316,79.2266],[99.5176,79.1294],[99.7516,79.1068],[99.8164,79.0964],[99.8992,79.0061],[99.928,78.961],[99.5392,78.8534],[99.4384,78.8343],[98.8192,78.8187],[98.4124,78.7874],[98.2828,78.7944],[98.056,78.8204],[97.9048,78.81],[97.6888,78.8273],[97.5556,78.8273],[97.2496,78.8673],[96.9328,78.9332],[96.8716,78.9645],[96.8068,78.9853],[96.4288,79.0027],[96.346,79.0166],[95.7952,79.0009],[95.7016,79.0114],[95.5324,79.0982],[95.4352,79.0999],[95.1328,79.0495],[95.0212,79.053],[94.7907,79.086],[94.6539,79.1277],[94.6323,79.1416],[94.6179,79.1919],[94.4811,79.2179],[94.3155,79.3082],[94.2183,79.402],[93.7575,79.4506],[93.4803,79.4627],[93.2715,79.4592],[93.0699,79.4957],[93.4047,79.6311],[93.8475,79.7023],[94.0383,79.7561],[94.2579,79.829],[94.3479,79.9419],[94.7187,80.0113],[94.8159,80.0356],[94.9455,80.0894],[94.9887,80.0964],[95.2804,80.0304],[95.338,80.0425],[95.392,80.0721],[95.4964,80.105],[95.8564,80.1102],[96.1624,80.0964],[96.2776,80.1102],[96.418,80.105],[97.12,80.1536],[97.588,80.1675],[97.6744,80.1589]]],[[[102.8836,79.2544],[102.7864,79.1763],[102.7468,79.1068],[102.448,78.8759],[102.412,78.836],[102.5884,78.8707],[102.7468,78.9489],[102.844,79.0148],[102.952,79.0565],[103.0744,79.0565],[103.2004,79.0721],[103.4344,79.1259],[103.672,79.1502],[103.8016,79.1485],[103.924,79.1225],[104.0032,79.0617],[104.0896,79.0131],[104.4028,78.9766],[104.4496,78.9645],[104.4784,78.9228],[104.4532,78.8794],[104.6332,78.836],[104.8816,78.8551],[105.0149,78.843],[105.1445,78.8187],[105.2057,78.7805],[105.2561,78.7336],[105.3101,78.6659],[105.3425,78.5947],[105.3137,78.4992],[104.8312,78.3534],[104.7412,78.3395],[104.518,78.3499],[104.2984,78.3343],[103.7188,78.2579],[103.0024,78.2562],[102.7972,78.1885],[102.736,78.1902],[102.6748,78.2024],[102.6172,78.2249],[102.1816,78.2058],[101.692,78.1937],[101.2024,78.192],[101.0404,78.1434],[100.54,78.0479],[100.0828,77.975],[99.8452,77.9576],[99.4996,77.9767],[99.3916,78.001],[99.2872,78.0375],[99.4384,78.0843],[99.5464,78.1781],[99.6796,78.2336],[100.018,78.3395],[100.0576,78.3812],[100.1224,78.4697],[100.162,78.5044],[100.216,78.5357],[100.2556,78.5739],[100.2628,78.6312],[100.2844,78.6798],[100.4176,78.7527],[100.5148,78.7874],[100.6192,78.7978],[100.8748,78.7839],[100.954,78.7891],[100.8964,78.8117],[100.8568,78.8985],[100.864,78.9263],[100.9,78.9801],[100.9648,79.0061],[101.0296,79.0235],[101.0692,79.0964],[101.0512,79.1225],[101.1484,79.1572],[101.1952,79.204],[101.3104,79.2318],[101.5444,79.2544],[101.5552,79.3134],[101.5912,79.3499],[101.6416,79.362],[101.7604,79.3724],[101.8252,79.3707],[101.9116,79.3117],[102.0052,79.2631],[102.1276,79.2527],[102.25,79.2561],[102.178,79.3134],[102.1816,79.3742],[102.2248,79.4124],[102.2824,79.4297],[102.4048,79.4332],[102.79,79.3915],[103.042,79.3308],[103.0996,79.2995],[103.0528,79.2822],[102.9412,79.2718],[102.8836,79.2544]]],[[[140.0504,75.8293],[140.1512,75.8102],[140.2736,75.8223],[140.3888,75.7963],[140.4968,75.6904],[140.5472,75.6626],[140.6012,75.6435],[140.6552,75.6348],[140.8172,75.6314],[140.8892,75.6522],[140.9432,75.7008],[140.9396,75.7494],[140.9252,75.7997],[140.9252,75.8674],[140.9504,75.9282],[140.9864,75.9647],[141.0332,75.989],[141.2996,76.0636],[141.4868,76.1365],[141.7424,76.1088],[142.0016,76.0428],[142.4588,75.9039],[142.6712,75.864],[142.9268,75.8275],[143.186,75.8136],[143.312,75.8223],[143.5604,75.8605],[143.6864,75.864],[145.2561,75.5862],[145.3101,75.5636],[145.3605,75.5307],[145.0221,75.489],[144.8024,75.4161],[144.7268,75.3657],[144.8132,75.3241],[144.8852,75.2685],[144.4064,75.1019],[144.2156,75.0585],[144.0212,75.0446],[143.6252,75.0845],[143.3948,75.0828],[143.1716,75.1175],[142.9232,75.2182],[142.8188,75.2685],[142.7288,75.338],[142.7,75.4491],[142.736,75.5446],[142.8692,75.5723],[142.9844,75.6331],[143.0024,75.6591],[142.9412,75.7129],[142.5524,75.7216],[142.3076,75.6921],[142.088,75.6609],[142.1528,75.4578],[142.1996,75.3935],[142.2644,75.3466],[142.6172,75.1331],[142.6964,75.1036],[142.9304,75.0619],[143.1284,74.9699],[142.7792,74.8675],[142.6244,74.838],[142.4732,74.8206],[142.3796,74.8293],[142.286,74.8502],[142.1852,74.8988],[142.0988,74.9508],[141.9872,74.9908],[141.7496,74.9821],[141.53,74.9474],[141.3104,74.9231],[140.6624,74.8814],[140.4644,74.8554],[140.2664,74.8467],[140.0108,74.8953],[139.7588,74.963],[139.6796,74.9647],[139.6076,74.9456],[139.5464,74.904],[139.514,74.838],[139.4312,74.7495],[139.3268,74.687],[139.2152,74.6592],[139.1,74.6557],[138.9812,74.6731],[138.866,74.7009],[138.092,74.7981],[138.002,74.8276],[137.9156,74.871],[137.6816,75.0081],[137.5664,75.0411],[137.4476,75.055],[137.2172,75.1244],[137.0048,75.2355],[136.9616,75.2703],[136.9472,75.3258],[136.9832,75.3657],[137.1668,75.3466],[137.2892,75.3484],[137.2136,75.555],[137.2676,75.7494],[137.3576,75.7824],[137.7068,75.7598],[137.5952,75.824],[137.5016,75.9091],[137.5592,75.956],[137.624,75.989],[137.7752,76.015],[137.9768,76.0272],[138.038,76.048],[138.0956,76.081],[138.2072,76.1157],[138.4304,76.1296],[138.8156,76.199],[138.92,76.1973],[139.0172,76.1608],[139.1108,76.1088],[139.2116,76.081],[139.5284,76.0133],[139.7444,75.9525],[140.0504,75.8293]]],[[[142.1852,73.8954],[142.4336,73.8519],[142.6388,73.8033],[143.3444,73.569],[143.4092,73.5204],[143.4632,73.4596],[143.492,73.2461],[143.4524,73.2305],[143.1932,73.22],[142.8404,73.2443],[142.5884,73.253],[142.3436,73.253],[142.1276,73.2825],[141.5984,73.3103],[141.1844,73.3884],[140.7524,73.4457],[140.6624,73.4527],[140.3924,73.4353],[140.0252,73.3607],[139.9244,73.3555],[139.784,73.3555],[139.6868,73.4249],[139.9208,73.4492],[140.1548,73.4579],[140.3816,73.4822],[140.594,73.5638],[140.6984,73.6297],[140.882,73.7773],[140.9828,73.8311],[141.0836,73.8658],[141.1916,73.8763],[141.3104,73.871],[141.6812,73.904],[141.9332,73.9144],[142.1852,73.8954]]],[[[146.7969,75.371],[147.0597,75.364],[147.4449,75.4387],[147.4953,75.4404],[148.4313,75.4144],[148.5105,75.3883],[148.5177,75.3362],[148.4889,75.3102],[148.4745,75.272],[148.5897,75.2355],[148.8921,75.2286],[149.0829,75.2616],[149.6445,75.2442],[150.1053,75.2199],[150.2817,75.1644],[150.4185,75.1349],[150.5301,75.1001],[150.6129,75.121],[150.6921,75.1557],[150.7569,75.1626],[150.8217,75.1557],[150.6453,74.9439],[150.5805,74.9196],[150.3321,74.8675],[149.8389,74.7946],[149.5977,74.772],[149.0505,74.772],[148.2981,74.7998],[148.0929,74.8258],[147.9705,74.8571],[147.7401,74.9317],[147.6285,74.9595],[147.2577,74.9838],[147.1425,74.9977],[146.9265,75.0619],[146.7033,75.114],[146.1489,75.1991],[146.1849,75.2963],[146.2569,75.3935],[146.3433,75.4803],[146.4369,75.5584],[146.5377,75.581],[146.7501,75.5098],[146.7465,75.4282],[146.7969,75.371]]],[[[126.0067,9.3212],[126.0859,9.2605],[126.1939,9.2761],[126.1903,9.1251],[126.2083,9.0799],[126.3055,8.9515],[126.3199,8.8456],[126.2623,8.7431],[126.2191,8.6963],[126.1399,8.6268],[126.1399,8.5956],[126.1723,8.5609],[126.2839,8.54],[126.3667,8.4845],[126.3811,8.3265],[126.4603,8.2032],[126.4567,8.1494],[126.4243,7.9272],[126.4351,7.8335],[126.4927,7.7571],[126.5431,7.7241],[126.5719,7.6772],[126.5935,7.547],[126.5899,7.3248],[126.5827,7.2484],[126.5467,7.1755],[126.4387,7.0123],[126.2947,6.8821],[126.2155,6.8908],[126.1939,6.8526],[126.2407,6.7346],[126.2227,6.4829],[126.1903,6.3093],[126.1435,6.3978],[126.1111,6.4898],[126.0787,6.7328],[126.0427,6.844],[125.9851,6.9429],[125.9599,7.0332],[125.9023,7.1165],[125.8231,7.3335],[125.7727,7.3214],[125.6899,7.2623],[125.6719,7.2224],[125.6611,7.1599],[125.6395,7.1044],[125.5423,7.0158],[125.4631,6.9117],[125.4019,6.7953],[125.3803,6.6894],[125.4343,6.6079],[125.4883,6.5731],[125.5639,6.5002],[125.5891,6.4655],[125.6719,6.2242],[125.6683,5.9794],[125.6071,5.8701],[125.4559,5.6635],[125.3479,5.5992],[125.2867,5.6322],[125.2399,5.7572],[125.2327,5.8076],[125.2651,5.9256],[125.2687,6.0332],[125.2327,6.0697],[125.1895,6.0628],[125.1751,6.0471],[125.0779,5.9065],[125.0347,5.8701],[124.9734,5.8666],[124.9266,5.8753],[124.635,5.9985],[124.3974,6.12],[124.2138,6.2329],[124.077,6.4047],[124.0482,6.5332],[124.0482,6.6669],[123.987,6.863],[123.9798,6.929],[123.987,6.9932],[124.0446,7.1148],[124.1166,7.1755],[124.1598,7.2189],[124.1922,7.2675],[124.2138,7.3318],[124.2066,7.396],[124.1814,7.4359],[124.0662,7.5783],[123.969,7.6651],[123.7638,7.7432],[123.717,7.7849],[123.6666,7.8179],[123.609,7.8317],[123.5514,7.8317],[123.4938,7.8074],[123.4758,7.7571],[123.483,7.7102],[123.4758,7.6651],[123.3894,7.4082],[123.2814,7.4637],[123.177,7.5297],[123.1518,7.5748],[123.1374,7.6304],[123.1194,7.6668],[123.0978,7.6998],[123.0474,7.6147],[122.9898,7.547],[122.9178,7.5297],[122.8422,7.5297],[122.817,7.5592],[122.7918,7.7224],[122.7126,7.7745],[122.6154,7.7623],[122.4966,7.672],[122.475,7.639],[122.4498,7.5609],[122.3202,7.3404],[122.2518,7.1703],[122.1762,7.0037],[122.1438,6.9498],[122.097,6.9134],[122.0286,6.929],[121.9638,6.9689],[121.9026,7.0748],[121.9242,7.1998],[121.9926,7.278],[122.0466,7.363],[122.115,7.6599],[122.1186,7.7658],[122.133,7.8109],[122.2446,7.9446],[122.3382,8.0279],[122.385,8.0453],[122.5902,8.0939],[122.673,8.1338],[122.8026,8.1338],[122.9106,8.1564],[122.997,8.2206],[123.0042,8.2866],[122.997,8.356],[123.0186,8.3977],[123.051,8.4341],[123.0942,8.481],[123.1482,8.5157],[123.2922,8.5418],[123.3426,8.5713],[123.3786,8.6164],[123.4362,8.7032],[123.4974,8.6824],[123.5622,8.6477],[123.681,8.6199],[123.7818,8.547],[123.8502,8.4324],[123.861,8.3768],[123.879,8.1894],[123.8538,8.146],[123.753,8.0574],[123.7998,8.0487],[123.9294,8.1286],[123.9978,8.1598],[124.1598,8.2015],[124.1994,8.2293],[124.2246,8.2709],[124.2822,8.3855],[124.3254,8.5088],[124.3578,8.5591],[124.4046,8.5991],[124.4514,8.606],[124.6206,8.5227],[124.7322,8.5626],[124.761,8.6893],[124.7862,8.8733],[124.8078,8.9237],[124.869,8.9723],[124.9446,8.9567],[125.0455,8.8907],[125.1427,8.8681],[125.1751,8.9219],[125.2111,9.0278],[125.2471,9.0261],[125.3767,8.9914],[125.4991,9.014],[125.5351,9.1407],[125.5099,9.2761],[125.4127,9.6684],[125.4703,9.757],[125.5207,9.7587],[125.6431,9.6545],[125.8771,9.5139],[125.9563,9.4271],[126.0067,9.3212]]],[[[121.0998,18.6158],[121.2546,18.5637],[121.593,18.3762],[121.7154,18.3294],[121.845,18.2946],[121.9458,18.286],[122.0394,18.3276],[122.0754,18.371],[122.1474,18.4873],[122.2194,18.5012],[122.2662,18.4596],[122.2986,18.4023],[122.3166,18.3207],[122.295,18.2339],[122.223,18.1575],[122.1798,18.0637],[122.151,17.7565],[122.151,17.6645],[122.1762,17.5759],[122.2374,17.4353],[122.2698,17.3954],[122.3634,17.345],[122.3886,17.3068],[122.3922,17.2391],[122.4066,17.1784],[122.4678,17.1558],[122.5182,17.1246],[122.5002,17.0586],[122.4678,16.9909],[122.4246,16.8225],[122.2266,16.4354],[122.2158,16.352],[122.1366,16.1854],[121.9746,16.1576],[121.7874,16.0778],[121.6866,16.0153],[121.5966,15.9337],[121.5606,15.826],[121.5894,15.7774],[121.6074,15.7253],[121.6074,15.6698],[121.5786,15.6229],[121.4886,15.5101],[121.4526,15.4163],[121.413,15.3747],[121.3914,15.3243],[121.3986,15.267],[121.4346,15.2167],[121.5426,14.9997],[121.6614,14.7896],[121.6866,14.7653],[121.6938,14.7376],[121.6254,14.682],[121.629,14.5813],[121.647,14.4806],[121.7514,14.2341],[121.7658,14.1682],[121.8018,14.1143],[121.8522,14.0623],[121.9134,14.0206],[122.079,13.9477],[122.1438,13.9321],[122.2122,13.9303],[122.2266,13.9789],[122.2878,13.9963],[122.2734,14.0449],[122.2014,14.1109],[122.2014,14.1473],[122.2374,14.1751],[122.2842,14.1907],[122.385,14.2636],[122.4894,14.3227],[122.6262,14.3174],[122.7594,14.2845],[122.8566,14.2515],[122.9358,14.1872],[123.015,14.0796],[123.0726,13.9598],[123.069,13.9025],[123.0582,13.8453],[123.0582,13.788],[123.1014,13.7498],[123.231,13.748],[123.2958,13.8366],[123.3066,13.9373],[123.2598,13.9755],[123.2814,14.0241],[123.321,14.0623],[123.3786,14.0293],[123.4326,13.9668],[123.6342,13.8991],[123.6846,13.8973],[123.7242,13.8852],[123.8142,13.8366],[123.8574,13.8001],[123.807,13.722],[123.6054,13.7046],[123.5478,13.6456],[123.609,13.5276],[123.7026,13.4321],[123.7638,13.354],[123.8178,13.2689],[123.8178,13.1908],[123.7854,13.1109],[123.8718,13.1161],[123.9546,13.1005],[124.0698,13.0311],[124.1058,13.0259],[124.1418,13.0363],[124.1382,12.7915],[124.059,12.5676],[123.9618,12.5953],[123.879,12.6891],[123.8934,12.8054],[123.9474,12.9165],[123.9186,12.9408],[123.8646,12.9304],[123.8034,12.9061],[123.735,12.8974],[123.627,12.9113],[123.4038,13.0328],[123.3102,13.045],[123.2886,13.0988],[123.2958,13.2151],[123.2058,13.354],[123.1914,13.4026],[123.1626,13.4425],[122.8962,13.5918],[122.8638,13.6178],[122.781,13.7376],[122.5938,13.9078],[122.5434,13.9251],[122.4858,13.9303],[122.4678,13.8869],[122.493,13.821],[122.5038,13.7637],[122.5002,13.7029],[122.5074,13.656],[122.5974,13.5623],[122.6082,13.5171],[122.6694,13.3956],[122.6766,13.2533],[122.601,13.1943],[122.5146,13.2602],[122.511,13.314],[122.4966,13.3644],[122.4066,13.4928],[122.3778,13.5206],[122.205,13.6491],[122.0718,13.788],[121.7766,13.9373],[121.7442,13.9459],[121.6902,13.9338],[121.6434,13.9164],[121.4994,13.8418],[121.449,13.7914],[121.4454,13.7116],[121.3446,13.6491],[121.2042,13.6404],[121.0962,13.6803],[121.0062,13.7585],[120.9306,13.7619],[120.8406,13.8852],[120.729,13.9008],[120.6354,13.8053],[120.6174,13.9946],[120.6174,14.1872],[120.6426,14.2445],[120.6894,14.2914],[120.9234,14.4928],[120.9522,14.5588],[120.9414,14.6456],[120.8874,14.715],[120.8046,14.7584],[120.7074,14.7758],[120.639,14.8157],[120.585,14.8816],[120.5454,14.7653],[120.5814,14.5952],[120.5886,14.4824],[120.5562,14.4407],[120.495,14.4407],[120.4374,14.4529],[120.3978,14.4928],[120.3654,14.6091],[120.2826,14.6837],[120.2502,14.7931],[120.2142,14.8087],[120.1386,14.8001],[120.081,14.8504],[120.045,14.9789],[120.0378,15.1143],[120.0054,15.2288],[119.9586,15.34],[119.9334,15.4302],[119.8902,15.8382],[119.883,15.8746],[119.8614,15.9059],[119.8074,15.9528],[119.7678,16.0083],[119.7606,16.0552],[119.7714,16.2548],[119.7894,16.3034],[119.829,16.326],[119.8866,16.2878],[119.9298,16.2392],[119.9838,16.2149],[120.0342,16.1854],[120.1242,16.0656],[120.1602,16.0482],[120.2718,16.0517],[120.3366,16.0656],[120.369,16.109],[120.387,16.1611],[120.3906,16.2218],[120.3258,16.4007],[120.3042,16.5291],[120.3042,16.6454],[120.3222,16.7617],[120.4086,16.9562],[120.4194,17.0898],[120.4122,17.2704],[120.4266,17.3763],[120.423,17.4388],[120.3726,17.5343],[120.3582,17.6384],[120.5058,18.1627],[120.5526,18.2634],[120.585,18.3693],[120.5994,18.5082],[120.711,18.5464],[120.8154,18.6036],[120.8694,18.5984],[120.9234,18.5845],[121.053,18.6141],[121.0998,18.6158]]],[[[133.4731,-0.7268],[133.7251,-0.7406],[133.8511,-0.732],[133.9735,-0.7441],[134.0239,-0.7702],[134.1103,-0.8465],[134.0851,-0.8969],[134.0707,-1.001],[134.1175,-1.1017],[134.1895,-1.2024],[134.2471,-1.3101],[134.2579,-1.3621],[134.2363,-1.475],[134.2183,-1.5288],[134.1463,-1.6208],[134.1067,-1.7215],[134.1319,-1.8447],[134.1463,-1.968],[134.1427,-2.0826],[134.1571,-2.1954],[134.1931,-2.3083],[134.3623,-2.6207],[134.4595,-2.8325],[134.4919,-2.7145],[134.4847,-2.5825],[134.5171,-2.5357],[134.5675,-2.5096],[134.6287,-2.5374],[134.6431,-2.5895],[134.6503,-2.7058],[134.7007,-2.9332],[134.7691,-2.9436],[134.8447,-2.9089],[134.8555,-2.9784],[134.8519,-3.1068],[134.8879,-3.2092],[134.9167,-3.2492],[135.0392,-3.3325],[135.0932,-3.3481],[135.2516,-3.369],[135.3704,-3.3742],[135.4856,-3.3447],[135.5612,-3.2683],[135.626,-3.1867],[135.86,-2.9957],[135.9248,-2.9037],[135.9896,-2.7648],[136.0148,-2.7336],[136.2416,-2.5825],[136.2704,-2.5287],[136.3028,-2.4263],[136.3532,-2.3256],[136.3892,-2.2735],[136.6124,-2.2249],[136.8428,-2.1972],[137.0732,-2.1051],[137.1704,-2.0253],[137.1776,-1.9732],[137.1272,-1.8812],[137.1236,-1.8413],[137.1776,-1.8013],[137.3792,-1.685],[137.6168,-1.5652],[137.8076,-1.4837],[137.912,-1.4837],[138.0092,-1.5566],[138.11,-1.6156],[138.65,-1.7909],[138.7364,-1.8447],[138.812,-1.9177],[138.92,-1.968],[139.0388,-1.9923],[139.1504,-2.0392],[139.2512,-2.0999],[139.4816,-2.211],[139.7912,-2.3482],[139.8668,-2.3569],[140.1548,-2.3499],[140.2052,-2.376],[140.252,-2.4124],[140.2952,-2.4211],[140.6228,-2.4454],[140.6732,-2.4714],[140.72,-2.5079],[140.7488,-2.6069],[141.1052,-2.6121],[141.1844,-2.6277],[141.6884,-2.8447],[141.836,-2.9315],[141.8864,-2.9523],[141.9368,-2.9541],[141.9872,-2.9627],[142.2104,-3.0843],[142.5488,-3.204],[142.9052,-3.3203],[143.0168,-3.3447],[143.1284,-3.3551],[143.3768,-3.395],[143.51,-3.4315],[143.7008,-3.5738],[143.798,-3.6172],[143.888,-3.6971],[144.014,-3.7839],[144.068,-3.8047],[144.122,-3.8151],[144.248,-3.8186],[144.374,-3.803],[144.428,-3.8099],[144.4784,-3.8255],[144.5252,-3.855],[144.5468,-3.9123],[144.626,-3.9939],[144.7376,-4.0286],[144.842,-4.1015],[144.9392,-4.1883],[145.0077,-4.2751],[145.0869,-4.3498],[145.2093,-4.381],[145.3353,-4.3845],[145.7673,-4.8237],[145.7889,-4.8914],[145.7925,-5.1779],[145.7457,-5.4018],[145.8537,-5.4713],[145.9977,-5.4973],[146.2065,-5.5459],[146.4045,-5.6171],[147.0345,-5.9191],[147.1209,-5.9452],[147.2469,-5.9556],[147.3765,-5.9504],[147.4233,-5.966],[147.5169,-6.0216],[147.5673,-6.0563],[147.6537,-6.1552],[147.7293,-6.2611],[147.7617,-6.2906],[147.8013,-6.315],[147.8229,-6.3722],[147.8553,-6.551],[147.8445,-6.6622],[147.8121,-6.7038],[147.7113,-6.7229],[147.3549,-6.742],[147.1209,-6.7212],[146.9553,-6.834],[146.9481,-6.8826],[146.9625,-6.9295],[147.1065,-7.1673],[147.1893,-7.3774],[147.2613,-7.4642],[147.3657,-7.5336],[147.4593,-7.617],[147.5457,-7.7107],[147.7257,-7.8756],[147.8229,-7.9381],[147.9345,-7.9746],[148.1253,-8.103],[148.1505,-8.1603],[148.2081,-8.3391],[148.2297,-8.4589],[148.2333,-8.5093],[148.2477,-8.5544],[148.4133,-8.6638],[148.4529,-8.695],[148.5249,-8.9381],[148.5825,-9.0509],[148.6797,-9.0926],[148.7913,-9.0891],[149.0973,-9.0162],[149.1405,-9.0144],[149.1981,-9.0318],[149.2485,-9.0717],[149.2629,-9.1811],[149.2161,-9.2957],[149.2017,-9.4068],[149.2629,-9.497],[149.4177,-9.5682],[149.4753,-9.5891],[149.7561,-9.6116],[149.8641,-9.6307],[149.9721,-9.6602],[150.0117,-9.688],[149.9829,-9.7366],[149.9289,-9.7609],[149.8641,-9.7713],[149.7597,-9.8061],[149.7633,-9.8686],[149.8209,-9.9345],[149.8749,-10.0126],[149.9181,-10.0422],[149.9685,-10.0612],[150.0873,-10.0873],[150.2061,-10.1255],[150.2853,-10.1637],[150.3645,-10.1897],[150.5373,-10.2071],[150.6669,-10.2574],[150.8505,-10.2366],[150.6921,-10.3182],[150.6381,-10.3373],[150.4473,-10.3078],[150.4113,-10.339],[150.4905,-10.4258],[150.6057,-10.4848],[150.6489,-10.5178],[150.6165,-10.5577],[150.4833,-10.6376],[150.4257,-10.648],[150.3213,-10.655],[150.1413,-10.6202],[150.0153,-10.5768],[149.9829,-10.5178],[149.9469,-10.4831],[149.8353,-10.398],[149.7525,-10.3529],[149.6517,-10.3373],[149.5437,-10.339],[149.3529,-10.2904],[148.9353,-10.2557],[148.8381,-10.2348],[148.7121,-10.1671],[148.6545,-10.1567],[148.5897,-10.1776],[148.4313,-10.1914],[148.3845,-10.1862],[148.2693,-10.129],[148.1505,-10.1081],[148.1001,-10.1237],[148.0497,-10.129],[147.8913,-10.0873],[147.7689,-10.0699],[147.6681,-10.0126],[147.6141,-9.9606],[147.5529,-9.912],[147.4953,-9.7904],[147.4089,-9.6741],[147.2973,-9.5804],[147.0633,-9.4259],[147.0165,-9.3877],[146.9265,-9.2471],[146.9301,-9.1533],[146.9625,-9.0596],[146.9121,-9.0926],[146.8545,-9.0874],[146.6961,-9.0249],[146.6313,-8.9519],[146.5233,-8.7506],[146.4549,-8.6429],[146.2965,-8.4554],[146.2497,-8.3443],[146.1849,-8.2471],[146.1417,-8.2107],[146.1093,-8.169],[146.0769,-8.1135],[146.0337,-8.077],[145.8105,-7.9919],[145.7709,-7.9659],[145.7277,-7.952],[145.5621,-7.9433],[145.4685,-7.9294],[145.2885,-7.8617],[145.1949,-7.8409],[145.0833,-7.8287],[144.9752,-7.8027],[144.9212,-7.7767],[144.8852,-7.7333],[144.8636,-7.6308],[144.7736,-7.643],[144.6836,-7.6256],[144.5972,-7.5892],[144.5108,-7.5666],[144.4496,-7.5979],[144.4316,-7.6795],[144.4028,-7.6829],[144.3524,-7.6673],[144.3272,-7.676],[144.2696,-7.7142],[144.2264,-7.7645],[144.1436,-7.7576],[143.9744,-7.7055],[143.8988,-7.6742],[143.834,-7.6152],[143.78,-7.5493],[143.7224,-7.4989],[143.654,-7.4607],[143.7404,-7.5493],[143.942,-7.9451],[143.8916,-7.952],[143.8412,-7.9416],[143.888,-8.018],[143.834,-8.0284],[143.78,-8.0284],[143.6648,-7.9954],[143.5532,-7.985],[143.5172,-8.0006],[143.5424,-8.0284],[143.582,-8.1135],[143.6144,-8.2003],[143.4488,-8.2402],[143.2832,-8.2645],[143.096,-8.3114],[142.9052,-8.3148],[142.808,-8.2871],[142.7072,-8.2714],[142.6136,-8.2871],[142.5236,-8.3218],[142.448,-8.3166],[142.3976,-8.2541],[142.376,-8.2072],[142.3472,-8.1673],[142.2752,-8.1742],[142.2068,-8.195],[142.3256,-8.1985],[142.3616,-8.2506],[142.3904,-8.3131],[142.4732,-8.3686],[142.5776,-8.3357],[142.7972,-8.3443],[143.0132,-8.4433],[143.0636,-8.4554],[143.1104,-8.4745],[143.222,-8.5718],[143.3084,-8.6603],[143.3768,-8.7627],[143.3912,-8.8026],[143.3876,-8.9085],[143.366,-8.9606],[143.2256,-9.0353],[143.078,-9.0926],[142.8584,-9.2019],[142.646,-9.3287],[142.5344,-9.3026],[142.4336,-9.2366],[142.3976,-9.2193],[142.2932,-9.1828],[142.2284,-9.1707],[141.98,-9.1985],[141.728,-9.2123],[141.62,-9.2106],[141.5192,-9.1898],[141.404,-9.1498],[141.2924,-9.1689],[141.2168,-9.2141],[141.134,-9.221],[140.9252,-9.0856],[140.7848,-8.9745],[140.6624,-8.846],[140.5796,-8.728],[140.4896,-8.6204],[140.1008,-8.3009],[140.0036,-8.195],[139.982,-8.1673],[139.9928,-8.1395],[140.036,-8.0839],[140.1152,-7.9242],[140.0324,-8.0232],[139.9352,-8.1013],[139.7912,-8.1065],[139.6508,-8.1256],[139.5176,-8.1725],[139.3844,-8.1898],[139.3196,-8.1655],[139.28,-8.1065],[139.2584,-8.0457],[139.2476,-7.9833],[139.1936,-8.0857],[139.082,-8.143],[138.9344,-8.2627],[138.8912,-8.2384],[138.866,-8.1916],[138.8552,-8.1447],[138.884,-8.0944],[138.9056,-8.0405],[138.9344,-7.9138],[139.0028,-7.8374],[139.046,-7.6916],[139.0748,-7.6395],[139.0892,-7.5874],[139.0496,-7.5284],[138.9848,-7.5076],[138.938,-7.4729],[138.884,-7.3739],[138.8516,-7.3392],[138.794,-7.2993],[138.7472,-7.2507],[138.7976,-7.2159],[138.866,-7.2021],[138.92,-7.2038],[139.0172,-7.2264],[139.064,-7.2264],[139.1756,-7.1899],[139.1144,-7.2021],[139.0496,-7.2003],[138.8444,-7.1361],[138.7184,-7.0701],[138.5996,-6.9364],[138.5996,-6.9104],[138.6824,-6.8861],[138.866,-6.8583],[138.8084,-6.7906],[138.7256,-6.7316],[138.6968,-6.6257],[138.6428,-6.5597],[138.5204,-6.4538],[138.4376,-6.3427],[138.3692,-6.1188],[138.2972,-5.9487],[138.3152,-5.8879],[138.3764,-5.8445],[138.2828,-5.8393],[138.2,-5.8063],[138.2432,-5.7247],[138.3404,-5.6761],[138.2504,-5.6883],[138.1676,-5.7126],[138.128,-5.716],[138.0884,-5.7091],[138.0668,-5.6761],[138.0632,-5.6292],[138.074,-5.5459],[138.0596,-5.466],[137.984,-5.4279],[137.9228,-5.3706],[137.8868,-5.348],[137.84,-5.3497],[137.7968,-5.3115],[137.7608,-5.256],[137.3072,-5.0147],[137.2784,-4.9452],[137.2388,-4.9765],[137.1956,-4.9904],[137.1452,-4.9505],[137.0876,-4.9244],[137.03,-4.9279],[136.976,-4.9071],[136.9184,-4.8949],[136.8572,-4.8932],[136.6196,-4.8185],[136.3928,-4.7005],[136.2092,-4.6501],[136.0976,-4.5842],[135.9788,-4.5303],[135.716,-4.4783],[135.4496,-4.4435],[135.3524,-4.4418],[135.2732,-4.454],[135.194,-4.4505],[134.7547,-4.1953],[134.6791,-4.079],[134.6863,-4.0113],[134.7079,-3.954],[134.8879,-3.9384],[134.7583,-3.9227],[134.7079,-3.9297],[134.6035,-3.9766],[134.5459,-3.98],[134.4667,-3.9488],[134.3911,-3.9106],[134.2651,-3.9453],[134.2039,-3.8863],[134.1787,-3.8255],[134.1463,-3.796],[134.0995,-3.7995],[134.0383,-3.8221],[133.9735,-3.8186],[133.9339,-3.7752],[133.9051,-3.7196],[133.8619,-3.6797],[133.8079,-3.6502],[133.7215,-3.5773],[133.6783,-3.4801],[133.6819,-3.3099],[133.6963,-3.2474],[133.7827,-3.1485],[133.8403,-3.0547],[133.7683,-3.0443],[133.6999,-3.0877],[133.6711,-3.1311],[133.6603,-3.1849],[133.6531,-3.3637],[133.5991,-3.4158],[133.5199,-3.4124],[133.5415,-3.5165],[133.5091,-3.6155],[133.4155,-3.7318],[133.4083,-3.7856],[133.4227,-3.8429],[133.4011,-3.8984],[133.2499,-4.0616],[133.1995,-4.0703],[133.0843,-4.0686],[132.9691,-4.0946],[132.9151,-4.0564],[132.8683,-4.0078],[132.8359,-3.9488],[132.7891,-3.8273],[132.7531,-3.704],[132.8683,-3.5512],[132.8287,-3.4124],[132.7531,-3.2943],[132.5551,-3.1311],[132.3499,-2.9749],[132.2563,-2.9436],[132.1015,-2.9297],[132.0547,-2.9141],[132.0079,-2.8568],[131.9719,-2.7891],[132.0655,-2.7596],[132.2311,-2.6798],[132.3247,-2.685],[132.5767,-2.7266],[132.6523,-2.7666],[132.7243,-2.7891],[132.8971,-2.6589],[133.0339,-2.4871],[133.1203,-2.4506],[133.1923,-2.4385],[133.2643,-2.4541],[133.4119,-2.5131],[133.5271,-2.5409],[133.6099,-2.5478],[133.6531,-2.5999],[133.6999,-2.6242],[133.7107,-2.5444],[133.7539,-2.4506],[133.8331,-2.4211],[133.8763,-2.4159],[133.9051,-2.3916],[133.8979,-2.3048],[133.7899,-2.2944],[133.8511,-2.2197],[133.9015,-2.1833],[133.9195,-2.1468],[133.9231,-2.1017],[133.7107,-2.1885],[133.4875,-2.2249],[133.3579,-2.2162],[133.2247,-2.2145],[132.9619,-2.2718],[132.8647,-2.2701],[132.6307,-2.2475],[132.5011,-2.218],[132.4039,-2.2406],[132.3067,-2.2423],[132.2059,-2.1763],[132.1231,-2.093],[132.0799,-2.034],[132.0223,-1.9906],[131.9971,-1.9333],[131.9359,-1.7145],[131.9287,-1.56],[131.8315,-1.5566],[131.7307,-1.5409],[131.2951,-1.3934],[131.2411,-1.4298],[131.1799,-1.4489],[131.1187,-1.4559],[131.0575,-1.4472],[130.9963,-1.4246],[130.9999,-1.3847],[131.0467,-1.284],[131.0899,-1.2476],[131.1511,-1.218],[131.1907,-1.166],[131.2555,-1.0063],[131.2591,-0.9524],[131.2519,-0.8969],[131.2555,-0.8552],[131.2951,-0.8344],[131.4607,-0.7823],[131.8027,-0.7042],[131.8891,-0.6573],[131.9611,-0.5827],[132.0475,-0.5375],[132.0835,-0.4907],[132.1267,-0.4542],[132.3931,-0.3553],[132.5083,-0.3483],[132.6235,-0.3587],[132.8575,-0.4177],[133.0771,-0.5115],[133.2679,-0.6365],[133.4731,-0.7268]]],[[[124.8906,0.9954],[124.6998,0.8252],[124.6386,0.7436],[124.5882,0.6551],[124.5126,0.5579],[124.4262,0.4711],[124.383,0.445],[124.2786,0.3982],[124.2174,0.3808],[124.1022,0.3739],[123.753,0.3062],[123.6414,0.2975],[123.5262,0.301],[123.3102,0.3183],[123.267,0.327],[123.1806,0.4155],[123.0834,0.485],[122.997,0.4937],[122.9106,0.4867],[122.2806,0.4815],[122.061,0.4676],[121.8414,0.4364],[121.7226,0.4503],[121.6038,0.4867],[121.5174,0.4989],[121.4274,0.4954],[121.0134,0.4416],[120.909,0.4468],[120.7002,0.5145],[120.5778,0.5284],[120.459,0.511],[120.3474,0.4485],[120.3078,0.4086],[120.1926,0.268],[120.1278,0.1673],[120.0774,0.0406],[120.0378,-0.0896],[120.0126,-0.1955],[120.0126,-0.3066],[120.0306,-0.4316],[120.063,-0.5549],[120.099,-0.6504],[120.2394,-0.8691],[120.2682,-0.8986],[120.4266,-0.9611],[120.5166,-1.0392],[120.6066,-1.258],[120.6678,-1.3708],[120.729,-1.3708],[120.7974,-1.3639],[120.9162,-1.3778],[121.035,-1.4073],[121.1502,-1.3396],[121.2114,-1.2128],[121.2762,-1.1174],[121.431,-0.9386],[121.521,-0.8552],[121.575,-0.8292],[121.6326,-0.8396],[121.6794,-0.8882],[121.737,-0.9264],[121.8522,-0.9455],[121.971,-0.9333],[122.0934,-0.8743],[122.1366,-0.8396],[122.1762,-0.7945],[122.2806,-0.7563],[122.529,-0.7563],[122.6586,-0.7702],[122.889,-0.7545],[122.8854,-0.7216],[122.8422,-0.6868],[122.8278,-0.6591],[122.871,-0.64],[123.0186,-0.6],[123.1698,-0.5705],[123.2814,-0.5914],[123.3786,-0.6486],[123.4182,-0.7077],[123.4326,-0.7788],[123.3966,-0.9611],[123.3786,-1.0045],[123.2994,-1.0254],[123.2274,-1.001],[123.1518,-0.9073],[123.051,-0.8726],[122.9034,-0.9004],[122.853,-0.9281],[122.8062,-0.9663],[122.7234,-1.0635],[122.655,-1.1746],[122.5074,-1.3482],[122.3346,-1.4975],[122.2518,-1.5548],[122.1582,-1.5948],[121.8594,-1.6937],[121.7802,-1.7666],[121.719,-1.8621],[121.6506,-1.8951],[121.5714,-1.9055],[121.5138,-1.8881],[121.395,-1.8343],[121.3554,-1.8777],[121.3482,-1.9454],[121.4058,-1.9697],[121.503,-2.0444],[121.575,-2.1503],[121.6218,-2.1728],[121.7262,-2.2076],[121.7694,-2.2406],[121.8486,-2.3308],[121.971,-2.5426],[122.0142,-2.6572],[122.0826,-2.7492],[122.2914,-2.9072],[122.3022,-2.9523],[122.2914,-3.0044],[122.3058,-3.0513],[122.3814,-3.1415],[122.3994,-3.2006],[122.3166,-3.2752],[122.313,-3.3828],[122.2626,-3.5269],[122.2518,-3.5755],[122.2518,-3.6207],[122.2878,-3.6623],[122.3274,-3.6936],[122.385,-3.7109],[122.4354,-3.7405],[122.529,-3.8533],[122.5794,-3.8828],[122.6082,-3.9227],[122.6082,-3.9852],[122.6514,-4.02],[122.691,-4.0842],[122.7486,-4.0998],[122.7774,-4.0825],[122.799,-4.0547],[122.8494,-4.0651],[122.8782,-4.1085],[122.8926,-4.1658],[122.8998,-4.23],[122.8962,-4.3498],[122.871,-4.3915],[122.817,-4.3897],[122.7198,-4.3411],[122.7162,-4.3758],[122.7234,-4.4106],[122.673,-4.4227],[122.6154,-4.4175],[122.4714,-4.4227],[122.2086,-4.4956],[122.115,-4.5408],[122.0538,-4.6206],[122.0502,-4.6744],[122.0718,-4.7925],[122.0394,-4.8324],[121.917,-4.848],[121.7478,-4.8168],[121.647,-4.7855],[121.5894,-4.7595],[121.5138,-4.6814],[121.485,-4.5807],[121.5426,-4.2821],[121.557,-4.2439],[121.5822,-4.2109],[121.611,-4.1571],[121.6182,-4.0929],[121.539,-4.0147],[121.4166,-3.9835],[121.3122,-3.9193],[120.9126,-3.5564],[120.891,-3.52],[120.891,-3.461],[120.9054,-3.4037],[121.0386,-3.2058],[121.053,-3.1676],[121.071,-3.0096],[121.0674,-2.8811],[121.053,-2.7509],[120.9918,-2.6711],[120.8802,-2.645],[120.765,-2.6416],[120.6534,-2.6676],[120.5454,-2.7318],[120.3402,-2.869],[120.261,-2.9488],[120.2538,-3.053],[120.3006,-3.1537],[120.3618,-3.2474],[120.3906,-3.3481],[120.4374,-3.7075],[120.4338,-3.7474],[120.3834,-3.8516],[120.3618,-4.0859],[120.3834,-4.4158],[120.4194,-4.6171],[120.405,-4.7265],[120.3114,-4.9626],[120.2826,-5.0928],[120.279,-5.1466],[120.3906,-5.3931],[120.4158,-5.4904],[120.4302,-5.591],[120.3114,-5.5424],[120.2574,-5.5442],[120.1998,-5.5598],[120.0774,-5.5754],[119.9514,-5.5772],[119.9082,-5.5962],[119.8182,-5.6622],[119.7642,-5.6883],[119.7174,-5.6935],[119.559,-5.6119],[119.4618,-5.5216],[119.3754,-5.4244],[119.361,-5.315],[119.3898,-5.2004],[119.433,-5.0789],[119.5194,-4.8775],[119.5158,-4.7421],[119.5446,-4.631],[119.595,-4.5234],[119.613,-4.4227],[119.6238,-4.0338],[119.613,-3.9991],[119.4942,-3.7682],[119.4798,-3.73],[119.4798,-3.6675],[119.4906,-3.6085],[119.4942,-3.5547],[119.469,-3.513],[119.4186,-3.4749],[119.361,-3.4592],[119.2386,-3.4749],[118.9938,-3.5373],[118.9218,-3.4835],[118.8678,-3.3985],[118.8318,-3.2804],[118.8138,-3.1572],[118.821,-3.0409],[118.857,-2.928],[118.8282,-2.8499],[118.785,-2.7648],[118.785,-2.7214],[118.8102,-2.6815],[118.8534,-2.6503],[118.9074,-2.6312],[118.9578,-2.5982],[119.091,-2.4836],[119.1342,-2.3829],[119.1378,-2.2579],[119.1738,-2.1399],[119.2422,-2.0305],[119.3214,-1.9298],[119.3466,-1.8256],[119.307,-1.659],[119.325,-1.5843],[119.3106,-1.4958],[119.3106,-1.409],[119.3574,-1.2441],[119.5086,-0.9073],[119.6526,-0.7285],[119.7102,-0.6816],[119.7858,-0.7632],[119.8434,-0.8622],[119.847,-0.7736],[119.829,-0.6868],[119.7714,-0.4837],[119.721,-0.0879],[119.7354,-0.0515],[119.7858,-0.0567],[119.8398,-0.0219],[119.865,0.0406],[119.811,0.1864],[119.811,0.2385],[119.9118,0.445],[119.9982,0.5197],[120.0342,0.5666],[120.0558,0.6933],[120.099,0.7402],[120.1566,0.7749],[120.2286,0.8617],[120.2682,0.9711],[120.2934,0.9797],[120.3222,0.9832],[120.3654,0.8877],[120.4158,0.8495],[120.5166,0.8183],[120.603,0.8547],[120.6282,0.9016],[120.6606,0.9433],[120.711,0.9867],[120.7542,1.0353],[120.8046,1.1499],[120.8694,1.2523],[120.9126,1.2887],[120.9666,1.3113],[121.0242,1.3252],[121.0818,1.3269],[121.2078,1.2627],[121.2834,1.2505],[121.3554,1.254],[121.4058,1.2436],[121.4418,1.2141],[121.4742,1.1551],[121.5138,1.1047],[121.5498,1.0804],[121.593,1.0683],[121.8666,1.0891],[122.1078,1.0318],[122.4354,1.0179],[122.5506,0.9849],[122.6586,0.9398],[122.7882,0.8634],[122.8386,0.8461],[122.8926,0.8495],[122.961,0.9224],[123.0114,0.9398],[123.0654,0.9415],[123.2778,0.9277],[123.8466,0.8374],[123.9294,0.8513],[124.275,1.0231],[124.4118,1.1846],[124.5342,1.2297],[124.5738,1.3044],[124.599,1.3929],[124.6422,1.4155],[124.7466,1.4415],[124.7862,1.4675],[124.8618,1.5752],[124.9482,1.6724],[124.9878,1.7002],[125.1103,1.6863],[125.1643,1.6429],[125.2327,1.5023],[125.2219,1.478],[125.1427,1.4085],[125.1175,1.379],[125.0275,1.1794],[124.9662,1.0822],[124.8906,0.9954]]],[[[107.3729,-6.0077],[107.4737,-6.1223],[107.5637,-6.183],[107.6681,-6.216],[107.7761,-6.2195],[107.8841,-6.2334],[108.0101,-6.2768],[108.1361,-6.2959],[108.1973,-6.2889],[108.2549,-6.2663],[108.2945,-6.2646],[108.3305,-6.2854],[108.4205,-6.3827],[108.5177,-6.4712],[108.5393,-6.5163],[108.6041,-6.7299],[108.6761,-6.7906],[108.7805,-6.808],[108.8993,-6.808],[109.0181,-6.8167],[109.2953,-6.867],[109.4033,-6.8601],[109.5005,-6.8097],[109.5869,-6.8427],[109.8209,-6.9017],[109.9361,-6.9156],[110.0657,-6.8983],[110.1989,-6.8948],[110.2601,-6.9121],[110.3213,-6.9382],[110.3717,-6.9486],[110.4257,-6.9469],[110.5193,-6.8965],[110.5841,-6.8062],[110.6345,-6.6899],[110.6741,-6.5701],[110.6993,-6.5181],[110.7353,-6.4729],[110.7857,-6.4434],[110.8361,-6.4243],[110.9729,-6.4365],[111.0017,-6.4642],[111.1529,-6.6691],[111.1817,-6.6865],[111.3437,-6.7003],[111.3869,-6.6934],[111.4841,-6.6517],[111.5417,-6.6483],[111.6425,-6.6986],[111.6893,-6.742],[111.7361,-6.7733],[111.9881,-6.8062],[112.0889,-6.893],[112.1357,-6.9052],[112.3121,-6.8948],[112.4345,-6.9035],[112.5389,-6.926],[112.5857,-7.051],[112.6253,-7.1777],[112.6505,-7.2211],[112.7513,-7.2645],[112.7945,-7.3045],[112.7837,-7.4312],[112.7945,-7.5527],[113.0141,-7.6569],[113.2481,-7.7176],[113.4965,-7.7246],[113.7485,-7.7038],[113.8745,-7.6777],[114.0365,-7.6326],[114.0689,-7.6326],[114.3821,-7.7715],[114.4109,-7.7923],[114.4433,-7.8965],[114.4433,-8.0041],[114.3857,-8.2627],[114.3821,-8.3339],[114.3857,-8.4051],[114.4505,-8.5596],[114.4829,-8.603],[114.5945,-8.6846],[114.5981,-8.728],[114.5837,-8.7697],[114.4577,-8.7402],[114.3821,-8.7054],[114.3389,-8.6481],[114.2777,-8.6152],[114.1589,-8.6273],[113.9393,-8.5683],[113.6909,-8.478],[113.2517,-8.2871],[113.1329,-8.2888],[113.0177,-8.3131],[112.8989,-8.3617],[112.7729,-8.3964],[112.6793,-8.4086],[112.5857,-8.3999],[112.3517,-8.353],[112.1141,-8.3235],[111.5093,-8.3044],[111.3401,-8.261],[111.0557,-8.2402],[110.8289,-8.202],[110.6057,-8.1499],[110.0369,-7.8912],[109.8533,-7.8287],[109.2809,-7.7055],[109.1945,-7.6951],[108.9857,-7.7038],[108.8561,-7.6673],[108.7409,-7.6673],[108.5717,-7.7072],[108.5177,-7.7367],[108.4529,-7.7975],[108.3341,-7.794],[108.2189,-7.7819],[107.9165,-7.7246],[107.8049,-7.6881],[107.6969,-7.6361],[107.5961,-7.5666],[107.5457,-7.5423],[107.2865,-7.4711],[107.0705,-7.4468],[106.6313,-7.4156],[106.5341,-7.3947],[106.4549,-7.3687],[106.4117,-7.3114],[106.4153,-7.2385],[106.4477,-7.176],[106.4909,-7.1135],[106.5197,-7.0545],[106.1993,-6.9278],[105.9437,-6.8583],[105.8357,-6.8462],[105.7241,-6.8462],[105.6017,-6.8601],[105.4793,-6.8531],[105.4217,-6.834],[105.3605,-6.8253],[105.3029,-6.841],[105.2561,-6.8358],[105.2417,-6.7785],[105.2741,-6.7299],[105.3353,-6.6743],[105.3713,-6.6639],[105.3857,-6.7507],[105.4037,-6.7681],[105.4613,-6.7871],[105.4829,-6.7819],[105.5801,-6.6708],[105.6089,-6.617],[105.6557,-6.4695],[105.7061,-6.4972],[105.7565,-6.4799],[105.7853,-6.4573],[105.8681,-6.117],[105.9365,-6.0164],[106.0301,-5.9348],[106.0733,-5.9139],[106.1669,-5.9643],[106.3505,-5.9834],[106.4585,-6.0181],[106.5701,-6.0216],[106.6745,-6.0389],[106.8257,-6.098],[106.8797,-6.0927],[106.9301,-6.0736],[107.0129,-6.0077],[107.0453,-5.9035],[107.1605,-5.9573],[107.3333,-5.9782],[107.3729,-6.0077]]],[[[96.4936,5.2295],[96.616,5.2208],[96.8428,5.2746],[96.9688,5.2694],[97.084,5.2295],[97.192,5.2069],[97.4512,5.2364],[97.5016,5.2277],[97.5484,5.2052],[97.588,5.1704],[97.7068,5.0402],[97.9084,4.8805],[97.966,4.7781],[97.9984,4.6618],[98.02,4.6358],[98.2468,4.4153],[98.272,4.3215],[98.2396,4.1948],[98.308,4.0924],[98.5276,3.9969],[98.6572,3.9275],[98.686,3.8858],[98.704,3.8355],[98.7796,3.7591],[98.8696,3.7105],[99.1504,3.582],[99.5212,3.3112],[99.7336,3.1827],[99.9064,2.9883],[99.9712,2.8945],[100.0216,2.7939],[100.126,2.648],[100.306,2.4658],[100.3528,2.4119],[100.3996,2.3321],[100.4572,2.2574],[100.5256,2.1897],[100.6048,2.1376],[100.684,2.1203],[100.8172,1.9901],[100.8892,1.9484],[100.8784,2.0508],[100.8172,2.1394],[100.8172,2.1949],[100.828,2.2418],[100.8784,2.2835],[100.936,2.2939],[101.0476,2.2574],[101.224,2.1029],[101.2996,2.0127],[101.3572,1.8877],[101.404,1.7575],[101.476,1.6932],[101.5732,1.6707],[101.6848,1.662],[101.7856,1.6221],[102.0196,1.4415],[102.0988,1.3582],[102.1564,1.2592],[102.1996,1.1412],[102.2248,1.0179],[102.2392,0.9901],[102.3904,0.8426],[102.4696,0.7801],[102.5668,0.7488],[102.8476,0.7159],[102.9484,0.6638],[103.0312,0.5787],[103.0672,0.4919],[103.006,0.4155],[102.7864,0.2975],[102.5488,0.2159],[102.7792,0.2437],[102.8944,0.2784],[103.0024,0.3322],[103.1104,0.3999],[103.276,0.4954],[103.3372,0.5145],[103.4128,0.5075],[103.4776,0.4798],[103.5784,0.3878],[103.672,0.2888],[103.744,0.1742],[103.7872,0.0475],[103.708,-0.0202],[103.5892,-0.0688],[103.4272,-0.1921],[103.4128,-0.2407],[103.4452,-0.2719],[103.4056,-0.3622],[103.4956,-0.4177],[103.51,-0.4664],[103.4308,-0.5341],[103.438,-0.5757],[103.5316,-0.7545],[103.5784,-0.7962],[103.7224,-0.8865],[103.9384,-0.9785],[104.0608,-1.0219],[104.1976,-1.0549],[104.2588,-1.0531],[104.3596,-1.0392],[104.3812,-1.074],[104.4244,-1.251],[104.446,-1.3621],[104.4784,-1.6],[104.518,-1.6989],[104.5144,-1.8187],[104.5684,-1.9211],[104.6764,-1.9871],[104.7916,-2.0409],[104.8456,-2.093],[104.8456,-2.1711],[104.8276,-2.2336],[104.788,-2.2822],[104.6692,-2.3864],[104.6476,-2.4298],[104.6296,-2.5426],[104.6512,-2.5947],[104.698,-2.5982],[104.734,-2.5704],[104.878,-2.4194],[104.9176,-2.3916],[104.9716,-2.3708],[105.0257,-2.3569],[105.2849,-2.3569],[105.3965,-2.3794],[105.4937,-2.4298],[105.5837,-2.4923],[105.9005,-2.8881],[106.0445,-3.1068],[106.0553,-3.1606],[106.0589,-3.2179],[106.0337,-3.2613],[105.9005,-3.4106],[105.8861,-3.4505],[105.8429,-3.6137],[105.8501,-3.73],[105.8969,-3.7804],[105.9293,-3.8325],[105.9293,-3.8811],[105.8393,-4.1224],[105.8321,-4.1623],[105.8861,-4.5546],[105.8897,-4.6605],[105.8789,-4.7942],[105.8861,-5.0095],[105.8177,-5.6761],[105.8033,-5.716],[105.7493,-5.8185],[105.6773,-5.8167],[105.6197,-5.7994],[105.5765,-5.7612],[105.5549,-5.7126],[105.5225,-5.6726],[105.3497,-5.5494],[105.3029,-5.5702],[105.1265,-5.723],[105.0797,-5.7455],[105.0221,-5.7264],[104.932,-5.6813],[104.6404,-5.5199],[104.6224,-5.5719],[104.6188,-5.6414],[104.6764,-5.8167],[104.6836,-5.8931],[104.6296,-5.9087],[104.6008,-5.9053],[104.482,-5.8028],[104.3704,-5.69],[104.2444,-5.539],[104.1508,-5.466],[104.068,-5.3862],[103.8304,-5.0789],[103.7692,-5.032],[103.4056,-4.8168],[103.3336,-4.7647],[103.24,-4.6762],[103.1392,-4.5963],[102.9196,-4.4713],[102.538,-4.1519],[102.3724,-3.9696],[102.1888,-3.6745],[102.1276,-3.5998],[101.818,-3.3776],[101.6488,-3.244],[101.5768,-3.1676],[101.4148,-2.8985],[101.3644,-2.8082],[101.3068,-2.7284],[101.206,-2.6641],[101.1196,-2.5878],[100.9432,-2.3447],[100.8892,-2.2492],[100.8496,-2.1433],[100.8568,-1.935],[100.486,-1.2996],[100.3924,-1.1017],[100.3096,-0.8274],[100.288,-0.7997],[100.0864,-0.5532],[100.018,-0.475],[99.9316,-0.4004],[99.8596,-0.3136],[99.7228,-0.0324],[99.6688,0.0458],[99.5968,0.1031],[99.334,0.2089],[99.2368,0.268],[99.1576,0.3513],[99.1108,0.4589],[99.0604,0.6863],[98.9344,1.0318],[98.7976,1.4953],[98.704,1.7019],[98.596,1.8651],[98.5636,1.9016],[98.0848,2.1949],[98.0056,2.2383],[97.9192,2.2644],[97.7968,2.2835],[97.6996,2.3581],[97.6636,2.4935],[97.642,2.6758],[97.6168,2.7852],[97.5916,2.8459],[97.39,2.9761],[97.3144,3.0768],[97.2496,3.1897],[97.1884,3.2765],[96.9688,3.5751],[96.8932,3.6532],[96.7996,3.7087],[96.526,3.766],[96.4432,3.8164],[96.31,3.9865],[96.2308,4.0733],[95.9896,4.2625],[95.5792,4.6618],[95.4964,4.7607],[95.4316,4.8649],[95.3812,4.976],[95.2084,5.2833],[95.2192,5.3458],[95.248,5.41],[95.2444,5.4638],[95.2228,5.5176],[95.2264,5.5645],[95.2804,5.5923],[95.3956,5.6288],[95.518,5.6253],[95.6296,5.6097],[95.7376,5.5801],[95.842,5.5142],[96.0256,5.351],[96.1336,5.2937],[96.2524,5.2677],[96.4936,5.2295]]],[[[116.8086,6.6912],[116.787,6.6061],[116.8122,6.6079],[116.913,6.6599],[117.0174,6.7971],[117.0786,6.9169],[117.129,6.9689],[117.2298,6.9394],[117.2514,6.9186],[117.2442,6.8335],[117.255,6.7832],[117.2946,6.6773],[117.381,6.6131],[117.4998,6.5714],[117.6114,6.5124],[117.6474,6.4742],[117.669,6.4273],[117.6942,6.3492],[117.6942,6.2728],[117.615,6.1964],[117.651,6.0732],[117.6438,6.002],[117.6186,5.9412],[117.4998,5.8839],[117.8166,5.9412],[117.8958,5.9725],[118.0038,6.0541],[118.0614,5.9829],[118.1154,5.8631],[118.0722,5.8319],[117.9354,5.7867],[117.9282,5.7694],[117.975,5.7069],[118.0326,5.7121],[118.1442,5.7537],[118.2486,5.8197],[118.299,5.8197],[118.353,5.8058],[118.4574,5.7642],[118.515,5.7294],[118.5618,5.6843],[118.5942,5.5923],[118.713,5.5593],[118.9578,5.4291],[119.001,5.417],[119.0514,5.4152],[119.1774,5.4308],[119.2242,5.4135],[119.2566,5.3666],[119.2674,5.3076],[119.2638,5.2451],[119.2494,5.1982],[119.2206,5.16],[119.1306,5.101],[118.911,5.0229],[118.6734,4.9639],[118.551,4.9673],[118.3818,5.0177],[118.3206,5.0125],[118.2594,4.9882],[118.1838,4.8285],[118.3242,4.6687],[118.5618,4.5021],[118.5942,4.4604],[118.587,4.4101],[118.5474,4.3788],[118.497,4.3632],[118.3638,4.3354],[118.227,4.3163],[118.119,4.2868],[118.0074,4.2504],[117.8958,4.2625],[117.741,4.3372],[117.6978,4.3424],[117.651,4.3042],[117.6042,4.2],[117.5646,4.1618],[117.4962,4.1341],[117.4638,4.0768],[117.561,3.9882],[117.5646,3.9292],[117.6402,3.8771],[117.7266,3.7973],[117.7302,3.7695],[117.7626,3.733],[117.777,3.6896],[117.7158,3.6445],[117.6294,3.6358],[117.5682,3.6775],[117.5106,3.7296],[117.4962,3.6653],[117.4494,3.6289],[117.2874,3.6393],[117.1722,3.6393],[117.057,3.6219],[117.1146,3.6133],[117.165,3.5924],[117.345,3.4258],[117.3846,3.365],[117.3234,3.2435],[117.3522,3.1931],[117.4206,3.1654],[117.507,3.1046],[117.5682,3.0977],[117.6114,3.0647],[117.6114,3.0056],[117.6366,2.9501],[117.5682,2.9293],[117.6366,2.9154],[117.6978,2.8876],[117.6654,2.8598],[117.6402,2.8251],[117.6654,2.8077],[117.7482,2.7748],[117.7842,2.747],[117.8058,2.6689],[117.885,2.5421],[118.0326,2.3772],[118.065,2.3182],[118.065,2.2626],[118.0434,2.2158],[117.957,2.1602],[117.8886,2.0873],[117.8814,2.0613],[117.7878,2.0265],[117.831,2.0022],[117.8634,1.9693],[117.9282,1.8668],[118.0794,1.7019],[118.1586,1.6412],[118.4718,1.4172],[118.6374,1.3183],[118.8534,1.096],[118.965,1.044],[118.9866,0.9815],[118.893,0.8877],[118.7562,0.8391],[118.533,0.8131],[118.3098,0.8478],[118.1946,0.8738],[118.0938,0.9294],[118.0146,1.0388],[117.9102,1.0995],[117.9534,1.0318],[117.9786,0.9641],[117.9642,0.8895],[117.9246,0.8322],[117.8526,0.7888],[117.777,0.7541],[117.7446,0.7297],[117.5538,0.3409],[117.5214,0.2367],[117.4638,-0.2007],[117.4638,-0.324],[117.5502,-0.5549],[117.5574,-0.6747],[117.5754,-0.7268],[117.561,-0.7702],[117.5214,-0.7962],[117.3558,-0.8674],[117.2406,-0.9264],[117.147,-1.0097],[117.0714,-1.1122],[117.003,-1.1885],[116.913,-1.2233],[116.8482,-1.218],[116.7978,-1.1833],[116.7618,-1.1174],[116.7402,-1.0444],[116.7258,-1.0983],[116.7294,-1.1503],[116.7582,-1.2076],[116.7726,-1.2667],[116.7546,-1.3274],[116.715,-1.376],[116.6106,-1.4281],[116.553,-1.4732],[116.5458,-1.5531],[116.517,-1.5982],[116.4774,-1.633],[116.3334,-1.7128],[116.301,-1.7441],[116.2758,-1.7857],[116.355,-1.7788],[116.4234,-1.7857],[116.4306,-1.8638],[116.4522,-1.9229],[116.4234,-2.0531],[116.3154,-2.1399],[116.3694,-2.159],[116.4198,-2.1867],[116.5278,-2.2076],[116.5638,-2.2996],[116.5494,-2.4107],[116.5278,-2.5114],[116.4522,-2.5391],[116.4018,-2.52],[116.3514,-2.5218],[116.3154,-2.5513],[116.3082,-2.6034],[116.3766,-2.5773],[116.373,-2.7075],[116.355,-2.8325],[116.3298,-2.902],[116.2902,-2.9593],[116.2254,-2.9766],[116.1678,-2.935],[116.1534,-2.9836],[116.1714,-3.0252],[116.2578,-3.1259],[116.2038,-3.1485],[116.1678,-3.1832],[116.1498,-3.2335],[116.0562,-3.3481],[116.0166,-3.4332],[115.9986,-3.5235],[115.9554,-3.5946],[115.257,-3.9071],[114.6953,-4.1693],[114.6521,-4.1519],[114.6269,-4.112],[114.6053,-3.704],[114.5369,-3.4939],[114.5261,-3.3759],[114.4469,-3.4818],[114.3965,-3.4714],[114.3425,-3.4436],[114.3029,-3.4106],[114.3029,-3.3655],[114.3425,-3.2353],[114.2921,-3.3065],[114.2345,-3.3603],[114.1769,-3.3551],[114.1265,-3.3273],[114.1085,-3.2856],[114.0833,-3.2787],[113.9573,-3.395],[113.7953,-3.4558],[113.7053,-3.4558],[113.6333,-3.4193],[113.6369,-3.3325],[113.6297,-3.2457],[113.6117,-3.1954],[113.5649,-3.178],[113.5253,-3.1849],[113.4101,-3.2283],[113.3669,-3.2231],[113.3417,-3.2457],[113.0357,-2.9332],[112.9709,-3.1867],[112.7585,-3.3221],[112.6001,-3.4002],[112.4453,-3.3707],[112.2833,-3.3203],[112.1249,-3.3811],[111.9557,-3.5304],[111.9089,-3.553],[111.8585,-3.5512],[111.8225,-3.5321],[111.8333,-3.4193],[111.8369,-3.3082],[111.8225,-3.0565],[111.8081,-3.0079],[111.7613,-2.9384],[111.6965,-2.8898],[111.6569,-2.9263],[111.6245,-2.9749],[111.4949,-2.9731],[111.3689,-2.9332],[111.2609,-2.9558],[111.0449,-3.0565],[110.9297,-3.0704],[110.8685,-3.0495],[110.8289,-2.9957],[110.8505,-2.9454],[110.9009,-2.9089],[110.8109,-2.9384],[110.7353,-2.9888],[110.7029,-3.0218],[110.6669,-3.0044],[110.5733,-2.8916],[110.3789,-2.9332],[110.3501,-2.9471],[110.3033,-2.9853],[110.2565,-2.9662],[110.2313,-2.9245],[110.2241,-2.6884],[110.1233,-2.2336],[110.0981,-2.001],[110.0765,-1.9472],[109.9613,-1.8621],[109.9649,-1.7423],[110.0225,-1.6434],[110.0369,-1.5253],[110.0189,-1.3986],[109.9829,-1.2753],[109.9397,-1.1816],[109.8749,-1.1017],[109.7885,-1.0115],[109.6805,-0.9438],[109.4537,-0.8691],[109.3349,-0.8761],[109.2881,-0.8465],[109.2593,-0.8066],[109.2701,-0.732],[109.3133,-0.6799],[109.3673,-0.6677],[109.3745,-0.6382],[109.2557,-0.5775],[109.1621,-0.4941],[109.1297,-0.4455],[109.1225,-0.3917],[109.1225,-0.265],[109.1513,-0.1851],[109.1657,-0.1417],[109.1945,-0.0098],[109.2593,0.0319],[109.2485,0.0562],[109.2197,0.0735],[109.1801,0.1169],[109.1477,0.1673],[109.0757,0.2523],[108.9461,0.3565],[108.9245,0.5336],[108.9065,0.794],[108.9173,0.912],[108.9569,1.1342],[109.0325,1.2037],[109.0901,1.2245],[109.1333,1.254],[109.0973,1.2575],[109.0649,1.2471],[109.0109,1.2401],[109.0541,1.438],[109.0757,1.4953],[109.1657,1.6064],[109.2737,1.7054],[109.3169,1.8217],[109.3781,1.9224],[109.6301,2.0283],[109.6949,1.8894],[109.7201,1.8582],[109.8641,1.7644],[109.9829,1.7175],[110.1125,1.6984],[110.2457,1.695],[110.2997,1.7019],[110.3501,1.7193],[110.4005,1.7002],[110.6741,1.5474],[110.7821,1.5214],[110.8937,1.5318],[110.9405,1.5179],[111.0989,1.4016],[111.1457,1.3877],[111.2249,1.3964],[111.1241,1.4485],[111.0593,1.4866],[111.0305,1.5578],[111.0449,1.6342],[111.1097,1.6846],[111.1529,1.7384],[111.1709,1.9016],[111.1997,1.9849],[111.2501,2.0647],[111.2681,2.1394],[111.2105,2.1984],[111.1961,2.2974],[111.2069,2.379],[111.2429,2.4362],[111.2969,2.398],[111.3509,2.3651],[111.4049,2.3685],[111.4445,2.3807],[111.4517,2.4241],[111.4409,2.4987],[111.4445,2.6341],[111.5129,2.7435],[111.6245,2.8182],[111.7289,2.8546],[112.1177,2.9154],[112.7369,3.0699],[112.9205,3.1306],[112.9889,3.1619],[113.0429,3.2053],[113.1401,3.3442],[113.3201,3.5612],[113.4461,3.74],[113.7125,4.0021],[113.9249,4.2434],[113.9537,4.2886],[113.9861,4.4205],[113.9897,4.483],[113.9825,4.5455],[114.0113,4.575],[114.0545,4.5924],[114.1769,4.5906],[114.2993,4.608],[114.4253,4.6601],[114.5441,4.7243],[114.6449,4.7989],[114.7421,4.8805],[114.8393,4.9465],[114.9941,5.0229],[115.0482,5.0159],[115.0482,4.9621],[115.0266,4.8996],[115.1418,4.8996],[115.3758,4.9326],[115.4262,4.9691],[115.5198,5.0489],[115.5558,5.0941],[115.581,5.1947],[115.4658,5.2538],[115.4226,5.3302],[115.419,5.4135],[115.5558,5.5663],[115.6026,5.6027],[115.6242,5.5489],[115.6854,5.535],[115.7394,5.5333],[115.797,5.5367],[115.8762,5.6131],[115.9194,5.7242],[116.0598,5.8822],[116.1102,6.0037],[116.139,6.1287],[116.4954,6.5211],[116.5386,6.5836],[116.751,6.9776],[116.7762,6.9898],[116.8338,6.9516],[116.8482,6.8266],[116.841,6.7728],[116.8086,6.6912]]],[[[67.7653,76.2372],[67.3657,76.1608],[67.1281,76.1088],[66.8941,76.0723],[66.6565,76.0463],[66.2821,75.9838],[65.6197,75.9039],[65.2021,75.8397],[64.7448,75.7876],[64.2624,75.7199],[63.78,75.673],[63.6612,75.6695],[63.3156,75.6036],[63.0456,75.5758],[62.0664,75.4282],[61.6164,75.3189],[61.4868,75.3102],[61.3572,75.3154],[61.2492,75.2807],[61.1484,75.2234],[60.936,75.1644],[60.828,75.1106],[60.72,75.0689],[60.6552,75.055],[60.5328,75.0585],[60.4752,75.055],[60.2772,75.0081],[60.2412,74.9699],[60.4536,74.9456],[60.5004,74.904],[60.4392,74.8762],[60.3024,74.8363],[60.2232,74.7963],[60.0792,74.7564],[59.982,74.7443],[59.748,74.746],[59.7336,74.6956],[59.7732,74.6644],[59.7516,74.6366],[59.6724,74.6106],[59.5968,74.6141],[59.2404,74.6922],[59.1828,74.6661],[59.1576,74.6106],[59.1468,74.5516],[59.1,74.5082],[59.0388,74.4856],[58.9272,74.463],[58.5348,74.4995],[58.5024,74.4648],[58.5636,74.4214],[58.6464,74.3276],[58.6644,74.2894],[58.6176,74.2269],[58.4412,74.1297],[57.768,74.0134],[57.7788,73.9735],[57.8544,73.8971],[57.8724,73.8502],[57.8436,73.8051],[57.7572,73.7686],[57.6564,73.7686],[57.6024,73.7756],[57.4476,73.8259],[57.3144,73.8381],[57.2892,73.8138],[57.4656,73.7461],[57.5412,73.6575],[57.4584,73.6106],[57.1344,73.5047],[56.9652,73.3659],[56.634,73.3051],[56.4288,73.2964],[56.2272,73.3138],[56.0364,73.345],[55.5504,73.3572],[55.2804,73.3919],[55.0068,73.4544],[54.7691,73.4492],[54.5675,73.4179],[54.3011,73.3502],[54.1319,73.4804],[54.2039,73.5412],[53.8403,73.6974],[53.7611,73.7669],[53.8511,73.7999],[53.9627,73.8224],[54.1751,73.8849],[54.3875,73.9353],[54.6071,73.9509],[54.6431,73.9596],[54.7331,74.0342],[54.8303,74.095],[54.9203,74.1297],[55.0212,74.187],[55.3416,74.4196],[55.4172,74.437],[56.0796,74.4821],[56.1372,74.496],[55.9464,74.5429],[55.752,74.5411],[55.662,74.5568],[55.6116,74.5898],[55.5828,74.6279],[55.6584,74.6557],[55.914,74.7963],[56.2164,74.897],[56.4972,74.9578],[56.4288,74.9734],[56.3388,75.0133],[55.9968,75.0029],[55.8636,75.0585],[55.8204,75.0915],[55.8096,75.1244],[55.9212,75.1678],[56.0364,75.1939],[56.1624,75.1869],[56.2884,75.1644],[56.3892,75.1383],[56.4864,75.0967],[56.5692,75.0984],[56.8752,75.2442],[56.8284,75.2772],[56.8104,75.3276],[56.8428,75.3519],[56.9904,75.3744],[57.0876,75.3831],[57.3,75.3727],[57.606,75.3414],[57.6312,75.3571],[57.7068,75.4543],[57.7824,75.5064],[58.092,75.5932],[58.074,75.6192],[58.0596,75.6626],[58.4196,75.7199],[58.6536,75.7772],[58.8804,75.8553],[58.9956,75.8709],[59.1108,75.8744],[59.3448,75.9074],[59.7804,75.9456],[60.036,75.9838],[60.1188,76.0671],[60.2808,76.0966],[60.6048,76.1088],[60.7308,76.1035],[60.8028,76.0688],[60.9432,76.0706],[60.9972,76.0897],[61.0548,76.1192],[61.0368,76.1695],[61.0332,76.2337],[61.1556,76.2737],[61.2024,76.2824],[61.5696,76.298],[61.7856,76.291],[62.2356,76.2424],[62.4696,76.2303],[62.7828,76.2459],[62.97,76.2372],[63.5244,76.3101],[64.464,76.3778],[64.7088,76.4264],[64.95,76.4837],[65.0725,76.4959],[65.1985,76.4994],[65.3101,76.5185],[65.5297,76.5671],[65.6377,76.5792],[65.7565,76.5792],[65.8645,76.6139],[65.9581,76.6886],[66.0625,76.7459],[66.3469,76.8205],[66.8293,76.9247],[67.2649,76.9646],[67.5349,77.008],[67.6501,77.0115],[68.0173,76.9906],[68.4853,76.9334],[68.6977,76.8709],[68.8741,76.7893],[68.9101,76.7598],[68.9425,76.7077],[68.8921,76.6591],[68.8597,76.6105],[68.8993,76.5723],[68.5573,76.449],[68.2225,76.3136],[68.1649,76.2841],[67.7653,76.2372]]],[[[55.32,73.3086],[55.788,73.2687],[56.1372,73.2565],[56.3496,73.2253],[56.4288,73.2009],[56.3964,73.1385],[56.3352,73.1141],[56.1876,73.0326],[56.166,72.9839],[56.1912,72.9058],[56.1696,72.8485],[56.1228,72.8069],[56.0832,72.7895],[55.8204,72.7895],[55.7232,72.7669],[55.7196,72.7218],[55.7016,72.6715],[55.6152,72.5986],[55.4424,72.576],[55.4028,72.5482],[55.4172,72.5013],[55.356,72.4649],[55.3596,72.4093],[55.392,72.3781],[55.3992,72.3139],[55.518,72.2201],[55.4964,72.1819],[55.4028,72.1073],[55.374,72.0153],[55.2984,71.9354],[55.4712,71.8694],[55.5468,71.7826],[55.6152,71.6906],[55.8204,71.5083],[56.0436,71.3452],[56.454,71.1073],[56.8932,70.9268],[57.066,70.8764],[57.4836,70.7931],[57.5556,70.7653],[57.624,70.7289],[57.4476,70.6612],[57.264,70.6369],[57.246,70.6056],[57.1452,70.5883],[56.6484,70.6473],[56.6232,70.656],[56.5692,70.6976],[56.5116,70.7289],[56.3856,70.7341],[56.2596,70.715],[56.3352,70.6768],[56.418,70.6646],[56.562,70.5935],[56.5008,70.5657],[56.436,70.5622],[56.1408,70.6577],[56.1156,70.6456],[56.0868,70.6178],[55.9428,70.649],[55.9068,70.6265],[55.7952,70.616],[55.7052,70.6421],[55.7052,70.6751],[55.6872,70.6924],[55.2372,70.6664],[55.05,70.6664],[54.8663,70.6785],[54.6467,70.741],[54.6071,70.7133],[54.5999,70.6803],[54.5171,70.6942],[54.3335,70.7445],[54.2003,70.7653],[53.7215,70.8139],[53.3831,70.873],[53.4695,70.9007],[53.6135,70.9146],[53.6171,70.9511],[53.5919,71.0014],[53.5883,71.0518],[53.6711,71.0865],[53.8583,71.0709],[53.8331,71.1264],[53.9231,71.1368],[54.0923,71.1056],[54.1571,71.1247],[53.8871,71.1959],[53.5919,71.2966],[53.6207,71.333],[53.5163,71.3417],[53.4083,71.34],[53.3183,71.399],[53.3327,71.4771],[53.4119,71.5309],[53.3651,71.5413],[52.9079,71.4945],[52.6775,71.5049],[52.4183,71.5361],[52.1807,71.491],[51.9395,71.4754],[51.8135,71.491],[51.6911,71.5257],[51.5903,71.5708],[51.5111,71.649],[51.4391,71.7774],[51.4283,71.826],[51.4427,71.9337],[51.4823,71.9805],[51.5831,72.0708],[51.6515,72.0986],[51.8063,72.142],[51.8855,72.1524],[52.0691,72.1316],[52.2527,72.1298],[52.3319,72.1541],[52.4075,72.1975],[52.4615,72.2531],[52.5875,72.2843],[52.6235,72.3017],[52.6631,72.3364],[52.7063,72.3902],[52.7135,72.4371],[52.7495,72.4822],[52.8647,72.5499],[52.8215,72.5916],[52.8395,72.6194],[52.9151,72.6697],[52.6847,72.6819],[52.6055,72.7045],[52.5299,72.7374],[52.5515,72.7687],[52.5803,72.7913],[52.8107,72.8746],[52.9115,72.9006],[53.0231,72.9128],[53.1347,72.9128],[53.2535,72.9041],[53.3687,72.9162],[53.2463,72.9735],[53.2355,73.0117],[53.1887,73.1037],[53.1995,73.1471],[53.2499,73.1836],[53.3579,73.2253],[53.5127,73.2391],[53.6351,73.26],[53.7539,73.293],[53.8655,73.2982],[54.0923,73.2773],[54.2039,73.2808],[54.3263,73.2999],[54.6755,73.3693],[54.8051,73.3884],[54.9419,73.3832],[55.122,73.3572],[55.32,73.3086]]],[[[142.7612,54.3931],[142.9772,54.1414],[142.9844,54.0858],[142.9664,54.0285],[142.9268,53.9556],[142.9124,53.8792],[142.9376,53.8115],[142.9196,53.7942],[143.096,53.4886],[143.222,53.2959],[143.2616,53.2178],[143.2868,53.1345],[143.3264,52.9626],[143.3336,52.7005],[143.3228,52.6137],[143.294,52.5286],[143.2652,52.4783],[143.2004,52.4436],[143.1716,52.3498],[143.1572,52.0842],[143.1896,51.9453],[143.2508,51.8481],[143.294,51.7439],[143.3012,51.6328],[143.3192,51.5825],[143.4164,51.52],[143.456,51.4714],[143.4668,51.402],[143.474,51.2995],[143.4884,51.277],[143.5352,51.2457],[143.7368,50.5062],[143.816,50.2822],[144.0464,49.8951],[144.14,49.6607],[144.2012,49.5496],[144.2408,49.4316],[144.2732,49.3118],[144.3416,49.1799],[144.4316,49.0514],[144.608,48.9351],[144.6872,48.8709],[144.7052,48.8188],[144.7124,48.64],[144.6728,48.6782],[144.6224,48.8153],[144.536,48.8934],[144.41,48.9872],[144.284,49.0705],[144.1256,49.2094],[144.05,49.2493],[143.9672,49.2771],[143.8196,49.3083],[143.7332,49.3118],[143.3804,49.291],[143.2364,49.2632],[143.1032,49.199],[143.0276,49.1052],[142.97,48.9177],[142.6496,48.2476],[142.574,48.0723],[142.5452,47.8848],[142.556,47.7373],[142.5776,47.6834],[142.6712,47.5376],[142.7468,47.4525],[142.8008,47.4161],[142.8656,47.3918],[142.9052,47.3623],[142.9412,47.3223],[143.006,47.2234],[143.0888,47.0012],[143.1788,46.8432],[143.2184,46.7946],[143.3192,46.8068],[143.384,46.805],[143.4488,46.7911],[143.4848,46.7512],[143.5388,46.5759],[143.5784,46.4057],[143.582,46.3606],[143.51,46.2304],[143.492,46.1748],[143.4812,46.1158],[143.4632,46.069],[143.4308,46.029],[143.42,46.2217],[143.3696,46.3589],[143.3516,46.4769],[143.2832,46.5585],[143.0492,46.5932],[142.8296,46.6054],[142.7972,46.621],[142.7468,46.6713],[142.6928,46.7113],[142.6352,46.7165],[142.5776,46.7009],[142.4804,46.6436],[142.4048,46.555],[142.3508,46.4596],[142.304,46.3571],[142.2068,46.088],[142.1492,45.9995],[142.0772,45.9162],[142.016,45.9613],[141.962,46.0134],[141.9296,46.088],[141.9152,46.1714],[141.8288,46.4509],[141.8648,46.6939],[142.0124,47.0307],[142.0376,47.1401],[142.016,47.2442],[141.9836,47.3484],[141.962,47.5446],[141.9656,47.588],[142.016,47.7008],[142.0772,47.8084],[142.1492,47.9022],[142.1816,48.0133],[142.1348,48.2893],[142.0304,48.4768],[141.8972,48.6539],[141.872,48.7025],[141.8648,48.7493],[141.98,48.9715],[142.0196,49.0792],[142.0664,49.3118],[142.1096,49.4403],[142.142,49.5687],[142.1528,50.2163],[142.142,50.3117],[142.07,50.5149],[142.0664,50.6312],[142.0988,50.777],[142.1456,50.8898],[142.2068,50.9992],[142.2068,51.2231],[142.0916,51.4297],[142.0052,51.52],[141.872,51.6294],[141.7712,51.6901],[141.7208,51.737],[141.7712,51.7526],[141.8072,51.7891],[141.7208,51.8464],[141.6668,51.9332],[141.6596,52.2734],[141.6812,52.3585],[141.746,52.454],[141.8036,52.5564],[141.854,52.7942],[141.872,53.039],[141.8396,53.138],[141.8252,53.3393],[141.854,53.3897],[141.9656,53.4556],[142.142,53.4956],[142.1816,53.4834],[142.3184,53.4053],[142.3688,53.4018],[142.4228,53.4105],[142.5272,53.447],[142.5848,53.5372],[142.5092,53.5876],[142.5524,53.6518],[142.6784,53.6744],[142.6892,53.7299],[142.6424,53.7369],[142.682,53.8167],[142.7072,53.8949],[142.6712,53.9678],[142.466,54.1483],[142.3364,54.2802],[142.5524,54.2785],[142.6172,54.3028],[142.6676,54.3584],[142.6928,54.4157],[142.7612,54.3931]]],[[[143.8232,44.1177],[143.9492,44.1125],[144.0068,44.1159],[144.1004,44.1021],[144.482,43.9493],[144.5972,43.9302],[144.716,43.9285],[144.7988,43.9406],[144.8708,43.9823],[145.1013,44.1663],[145.3425,44.3347],[145.3713,44.3277],[145.3713,44.2809],[145.3533,44.2305],[145.2453,44.076],[145.1265,43.8694],[145.1013,43.7653],[145.1409,43.6628],[145.2129,43.5778],[145.2741,43.4632],[145.3425,43.3018],[145.4361,43.2827],[145.4865,43.2792],[145.5837,43.3278],[145.6737,43.3886],[145.7529,43.3955],[145.8321,43.3851],[145.7241,43.3434],[145.6233,43.2913],[145.5369,43.1924],[145.5045,43.175],[145.4037,43.1802],[145.3461,43.1768],[145.2309,43.1351],[145.1265,43.0882],[145.0293,43.0309],[144.9212,43.0014],[144.806,42.9945],[144.6296,42.9476],[144.5144,42.9441],[144.302,42.9841],[144.1976,42.9737],[143.9708,42.8816],[143.762,42.748],[143.582,42.5987],[143.4308,42.4181],[143.3696,42.3244],[143.3336,42.2202],[143.3264,42.1508],[143.312,42.0848],[143.2796,42.038],[143.2364,41.9998],[143.1104,42.0223],[142.9052,42.1178],[142.5092,42.2584],[142.088,42.472],[141.8504,42.5796],[141.4076,42.5466],[140.9864,42.3418],[140.9468,42.3591],[140.7884,42.4997],[140.7092,42.5553],[140.6156,42.5709],[140.5472,42.5692],[140.4788,42.5588],[140.3852,42.4876],[140.3492,42.4355],[140.324,42.3765],[140.3168,42.3348],[140.3276,42.2931],[140.4176,42.2011],[140.5292,42.1317],[140.576,42.1178],[140.684,42.123],[140.7344,42.1161],[140.9108,41.9772],[141.1088,41.8487],[141.152,41.8053],[141.08,41.7602],[141.0008,41.7376],[140.9072,41.7428],[140.8172,41.7602],[140.6588,41.8157],[140.594,41.7689],[140.4896,41.6717],[140.432,41.5675],[140.3852,41.5189],[140.27,41.4564],[140.1476,41.4234],[140.0864,41.4338],[140.036,41.4737],[140.0108,41.5206],[139.9964,41.5762],[140.0216,41.696],[140.0828,41.8036],[140.108,41.913],[140.0576,42.0675],[140.0252,42.0987],[139.8956,42.1907],[139.8344,42.2775],[139.82,42.3869],[139.8272,42.4476],[139.8596,42.5813],[139.892,42.649],[139.9496,42.6716],[140.0144,42.6855],[140.1152,42.7324],[140.2232,42.7948],[140.3276,42.866],[140.432,42.9546],[140.486,43.05],[140.396,43.1681],[140.378,43.2375],[140.3924,43.3035],[140.486,43.3382],[140.5832,43.3122],[140.7812,43.215],[140.8208,43.2063],[140.954,43.2011],[141.1376,43.1802],[141.2456,43.1854],[141.296,43.1993],[141.3752,43.2792],[141.4112,43.3816],[141.3968,43.5118],[141.3968,43.642],[141.4472,43.7479],[141.602,43.9198],[141.6452,44.0187],[141.6596,44.2635],[141.7172,44.3711],[141.7604,44.4822],[141.782,44.7166],[141.7208,44.9405],[141.656,45.0517],[141.584,45.1558],[141.5948,45.2565],[141.6524,45.3485],[141.6524,45.3763],[141.6668,45.4006],[141.7784,45.4197],[141.8288,45.4388],[141.8792,45.4839],[141.9368,45.51],[141.98,45.4839],[142.016,45.4388],[142.1708,45.3259],[142.4156,45.1246],[142.7036,44.819],[142.8836,44.6697],[143.0744,44.5343],[143.2868,44.3972],[143.5136,44.2774],[143.654,44.2218],[143.7584,44.1316],[143.8232,44.1177]]],[[[141.2276,41.3731],[141.2672,41.354],[141.4544,41.4043],[141.4184,41.2515],[141.4004,41.097],[141.4148,40.8401],[141.4292,40.7238],[141.4616,40.611],[141.5408,40.5311],[141.6452,40.4738],[141.7964,40.2915],[141.8792,40.0676],[141.9368,39.9582],[141.9764,39.8436],[141.9908,39.7916],[141.9908,39.7395],[141.98,39.6683],[141.9944,39.611],[141.9764,39.4287],[141.908,39.2187],[141.9008,39.111],[141.8432,39.0902],[141.8072,39.0399],[141.7748,39.0173],[141.7424,38.9999],[141.692,38.9947],[141.6596,38.9756],[141.6452,38.9184],[141.6236,38.8645],[141.5804,38.8159],[141.548,38.7621],[141.5192,38.6319],[141.5084,38.4982],[141.4688,38.4045],[141.368,38.3802],[141.2528,38.3819],[141.1088,38.3385],[141.0764,38.3125],[140.9612,38.1493],[140.9288,38.0521],[140.9288,37.9497],[140.9612,37.8229],[141.0044,37.6979],[141.0368,37.4671],[141.0008,37.1146],[140.9684,37.0018],[140.8964,36.9254],[140.8388,36.8907],[140.792,36.8473],[140.7308,36.7327],[140.6264,36.5036],[140.6192,36.4445],[140.6192,36.3855],[140.5904,36.3074],[140.5724,36.231],[140.5904,36.1425],[140.6228,36.0592],[140.7596,35.8456],[140.8136,35.7831],[140.8748,35.7241],[140.6408,35.6616],[140.5976,35.6321],[140.4572,35.5106],[140.414,35.3943],[140.4176,35.2675],[140.3924,35.2207],[140.3564,35.1807],[140.3132,35.1547],[140.1584,35.0957],[140.0576,35.0384],[139.9604,34.9481],[139.9208,34.8995],[139.8452,34.9151],[139.7984,34.9568],[139.8416,35.0106],[139.8308,35.0714],[139.8524,35.2328],[139.8272,35.297],[139.9064,35.3457],[139.9424,35.4238],[140.0288,35.4845],[140.0864,35.5401],[140.0972,35.5852],[140.0432,35.6338],[139.9892,35.6686],[139.91,35.6686],[139.8344,35.6581],[139.7876,35.6113],[139.7696,35.5488],[139.7732,35.521],[139.766,35.495],[139.6508,35.4099],[139.6652,35.3196],[139.7012,35.2745],[139.7444,35.2519],[139.73,35.2224],[139.676,35.1495],[139.6364,35.1425],[139.5644,35.2432],[139.4744,35.2988],[139.3628,35.2988],[139.2512,35.278],[139.1612,35.2102],[139.1324,35.1547],[139.1144,35.0974],[139.1216,34.9568],[139.0856,34.8387],[139.0172,34.7363],[138.9812,34.6981],[138.8984,34.6287],[138.8372,34.62],[138.794,34.6513],[138.7616,34.6999],[138.8048,34.8752],[138.8012,34.9742],[138.902,35.0245],[138.8192,35.0957],[138.7184,35.1234],[138.578,35.087],[138.5384,35.0436],[138.5096,34.9863],[138.434,34.9151],[138.3476,34.8474],[138.254,34.7328],[138.1892,34.5957],[137.9804,34.6408],[137.8652,34.6513],[137.75,34.6478],[137.5448,34.6634],[137.318,34.6356],[137.0624,34.5836],[137.0768,34.6217],[137.2892,34.7033],[137.2964,34.7276],[137.2748,34.7728],[137.2244,34.7745],[137.0984,34.7589],[137.0336,34.7658],[137.0048,34.8144],[136.9616,34.8353],[136.9364,34.8144],[136.9436,34.7207],[136.9112,34.7085],[136.8716,34.7328],[136.886,34.8058],[136.8572,34.9117],[136.8536,34.9794],[136.8968,35.0349],[136.8536,35.0592],[136.8032,35.0505],[136.742,35.0228],[136.6916,34.9846],[136.5764,34.7901],[136.5332,34.679],[136.616,34.5888],[136.8428,34.4638],[136.8788,34.4343],[136.8824,34.3804],[136.8536,34.3249],[136.7924,34.2988],[136.544,34.2572],[136.3316,34.1773],[136.2668,34.0957],[136.0724,33.778],[135.9176,33.561],[135.6944,33.4864],[135.4532,33.5541],[135.3956,33.6287],[135.3452,33.7225],[135.2552,33.8058],[135.176,33.8978],[135.1292,34.0072],[135.1364,34.1825],[135.1004,34.2884],[135.1328,34.3162],[135.266,34.3804],[135.3092,34.4169],[135.3848,34.5002],[135.4136,34.5471],[135.4172,34.6183],[135.356,34.6547],[135.1976,34.653],[135.0428,34.6304],[134.9311,34.6617],[134.7835,34.7467],[134.7403,34.7658],[134.5855,34.771],[134.4739,34.7554],[134.3623,34.7242],[134.2471,34.7138],[134.2075,34.6981],[134.0743,34.594],[133.9699,34.528],[133.8763,34.495],[133.6783,34.4863],[133.5775,34.4655],[133.4731,34.4308],[133.4443,34.4325],[133.3363,34.3856],[133.2103,34.344],[133.1419,34.3023],[133.0195,34.3301],[132.7747,34.2554],[132.6559,34.2468],[132.5335,34.2867],[132.4219,34.3527],[132.3139,34.3249],[132.2383,34.2277],[132.2023,34.0315],[132.1591,33.9447],[132.1447,33.8388],[132.0907,33.8562],[131.7631,34.0454],[131.7415,34.0523],[131.4751,34.0194],[131.4067,34.0037],[131.3239,33.9655],[131.2339,33.9482],[131.1511,33.976],[131.0719,34.0211],[130.9963,34.0072],[130.9171,33.976],[130.8883,34.2624],[130.9027,34.2988],[130.9531,34.3492],[131.0035,34.3926],[131.1331,34.4082],[131.2627,34.3926],[131.3527,34.4134],[131.4319,34.469],[131.5147,34.5506],[131.6083,34.6148],[131.7343,34.6669],[131.8567,34.7259],[131.9647,34.8092],[132.0655,34.8995],[132.1591,34.9672],[132.2599,35.0228],[132.4147,35.1564],[132.6199,35.3075],[132.6991,35.4186],[132.7459,35.4498],[132.9223,35.5106],[133.1563,35.5592],[133.2679,35.5557],[133.3759,35.4585],[133.4371,35.4724],[133.4947,35.4967],[133.6171,35.5106],[133.7395,35.495],[133.8619,35.495],[133.9807,35.5071],[134.2147,35.5401],[134.3371,35.5783],[134.4559,35.6286],[134.8807,35.6633],[135.176,35.7467],[135.2192,35.7415],[135.266,35.7224],[135.2696,35.6599],[135.2336,35.5922],[135.2696,35.5505],[135.3272,35.5262],[135.6008,35.5175],[135.68,35.5036],[135.7952,35.5488],[135.9032,35.6061],[136.0148,35.6824],[136.094,35.7675],[136.022,35.8734],[136.0076,35.9897],[136.0688,36.1164],[136.1552,36.2241],[136.2632,36.2883],[136.3604,36.3612],[136.5548,36.5713],[136.6988,36.7414],[136.7492,36.9515],[136.7204,37.198],[136.8428,37.382],[136.9616,37.4132],[137.1992,37.4983],[137.3216,37.5226],[137.3396,37.4861],[137.336,37.4375],[137.1524,37.283],[137.0444,37.2205],[136.9832,37.1997],[136.9256,37.1719],[136.9004,37.1181],[136.994,37.0261],[137.0192,36.9601],[137.012,36.8959],[137.0156,36.8369],[137.1236,36.7744],[137.246,36.7536],[137.2964,36.7536],[137.3432,36.7709],[137.4836,36.9254],[137.5124,36.9515],[137.912,37.0643],[138.11,37.1511],[138.218,37.1737],[138.3188,37.2188],[138.5492,37.3924],[138.632,37.4723],[138.7076,37.5608],[138.7724,37.6632],[138.8192,37.7743],[138.884,37.8438],[139.2476,38.0087],[139.3628,38.099],[139.4024,38.1424],[139.4456,38.2691],[139.478,38.3993],[139.5212,38.5017],[139.5788,38.5989],[139.658,38.6979],[139.748,38.7882],[139.802,38.8819],[139.8776,39.1041],[139.9136,39.2291],[139.9388,39.2725],[139.9784,39.3107],[140.0108,39.3576],[140.036,39.4114],[140.0468,39.4635],[140.0648,39.6249],[140.054,39.7499],[139.9964,39.8558],[139.946,39.8853],[139.892,39.887],[139.8092,39.8784],[139.7408,39.92],[139.7552,39.9582],[139.8272,39.9652],[139.874,39.986],[139.9064,40.0225],[139.9712,40.137],[140.0108,40.2603],[140.0144,40.3141],[139.964,40.4148],[139.9244,40.5346],[139.9244,40.5988],[139.9676,40.6735],[140.0288,40.7325],[140.0864,40.7481],[140.1476,40.7516],[140.2016,40.7741],[140.252,40.8089],[140.2808,40.8453],[140.3276,40.9477],[140.342,41.005],[140.3168,41.1613],[140.3456,41.2029],[140.3852,41.229],[140.4428,41.2099],[140.4968,41.2064],[140.5652,41.2116],[140.6264,41.196],[140.6408,41.1561],[140.6804,40.8939],[140.702,40.8575],[140.7488,40.8297],[140.7992,40.8349],[140.846,40.8748],[140.8748,40.9304],[140.936,40.9408],[141.1196,40.8818],[141.1844,40.9234],[141.224,40.9877],[141.2636,41.1022],[141.2456,41.2064],[141.1988,41.2429],[141.1556,41.2359],[141.116,41.2081],[141.0692,41.1925],[140.7992,41.1387],[140.8028,41.2533],[140.8604,41.4251],[140.8928,41.479],[140.936,41.505],[141.0512,41.4755],[141.1052,41.4564],[141.2276,41.3731]]],[[[134.3587,34.2572],[134.4955,34.2155],[134.6359,34.2259],[134.6359,34.0437],[134.6539,33.9829],[134.6935,33.9273],[134.6755,33.8475],[134.7403,33.8197],[134.5495,33.7294],[134.3767,33.6079],[134.3047,33.5263],[134.2435,33.4395],[134.2039,33.3475],[134.1823,33.2468],[134.1247,33.2868],[133.9591,33.4482],[133.8547,33.4933],[133.6855,33.5159],[133.6315,33.5107],[133.2859,33.3597],[133.2391,33.2503],[133.1455,33.0836],[133.1023,33.0281],[133.0519,33.0125],[133.0159,32.9847],[132.9763,32.8423],[132.8683,32.7538],[132.8035,32.7521],[132.6919,32.7764],[132.6415,32.7625],[132.7099,32.9031],[132.6019,32.9187],[132.4939,32.917],[132.4939,33.0073],[132.4291,33.0593],[132.4759,33.127],[132.4759,33.1809],[132.5047,33.2121],[132.5155,33.2555],[132.5119,33.2937],[132.4471,33.3041],[132.4039,33.3319],[132.4111,33.4308],[132.3751,33.4343],[132.2815,33.417],[132.0871,33.3406],[132.0331,33.3406],[132.1159,33.3944],[132.2887,33.469],[132.3643,33.5124],[132.5371,33.6322],[132.6415,33.6895],[132.6991,33.7902],[132.7171,33.8527],[132.7531,33.9065],[132.7855,33.9916],[132.8395,34.0211],[132.9367,34.0957],[132.9907,34.0888],[133.0519,33.9968],[133.1347,33.9273],[133.1923,33.9326],[133.3003,33.969],[133.3507,33.9777],[133.4731,33.9725],[133.5811,34.0176],[133.6279,34.0697],[133.6423,34.1339],[133.6027,34.2433],[133.6567,34.2329],[133.7071,34.2381],[133.8259,34.3075],[133.9483,34.3475],[134.0743,34.3579],[134.2183,34.3197],[134.3587,34.2572]]],[[[131.1763,33.6027],[131.3095,33.5732],[131.3671,33.5715],[131.4175,33.5836],[131.5003,33.6235],[131.5831,33.6531],[131.6443,33.6374],[131.6947,33.6027],[131.7235,33.5541],[131.7091,33.502],[131.6155,33.3927],[131.5363,33.2746],[131.7163,33.252],[131.8963,33.2538],[131.8531,33.1809],[131.8495,33.1184],[131.9035,33.0871],[131.9503,33.0472],[131.9359,33.0107],[131.9107,32.9743],[132.0079,32.9187],[132.0007,32.8823],[131.9755,32.8441],[131.7307,32.5924],[131.6587,32.4656],[131.6119,32.325],[131.5651,32.2226],[131.5327,32.1167],[131.5039,32.0021],[131.4607,31.8841],[131.4751,31.7782],[131.4607,31.6705],[131.3383,31.4049],[131.2483,31.4101],[131.1403,31.4414],[131.0719,31.4362],[131.0359,31.3772],[131.0971,31.2556],[130.9027,31.1115],[130.6867,31.0143],[130.6831,31.0595],[130.7047,31.0942],[130.7371,31.122],[130.7587,31.1549],[130.7911,31.2695],[130.7731,31.3824],[130.7083,31.5264],[130.7047,31.5768],[130.7479,31.5976],[130.7803,31.6046],[130.7947,31.6237],[130.7983,31.6705],[130.7767,31.707],[130.7155,31.7174],[130.6543,31.7191],[130.6147,31.6653],[130.5571,31.5629],[130.5283,31.4605],[130.5391,31.4032],[130.5643,31.3528],[130.6435,31.2678],[130.6219,31.2174],[130.5895,31.1792],[130.3123,31.266],[130.2511,31.273],[130.2007,31.2921],[130.1467,31.4084],[130.2619,31.4362],[130.2943,31.4501],[130.3051,31.4883],[130.3231,31.6011],[130.2691,31.6966],[130.2259,31.7296],[130.1863,31.7695],[130.2115,31.8493],[130.1971,31.95],[130.1935,32.0907],[130.2151,32.115],[130.3195,32.1427],[130.3951,32.2191],[130.4635,32.3042],[130.5607,32.4552],[130.6399,32.6184],[130.5643,32.6271],[130.4995,32.6566],[130.5679,32.7347],[130.5463,32.8319],[130.4419,32.9517],[130.3807,33.0923],[130.2871,33.1548],[130.2367,33.1774],[130.1755,33.1444],[130.1251,33.1045],[130.1719,33.0125],[130.1683,32.9326],[130.1755,32.851],[130.2223,32.8475],[130.2799,32.8666],[130.3267,32.8528],[130.3519,32.8111],[130.3591,32.7555],[130.3411,32.7017],[130.2979,32.6757],[130.2439,32.6774],[130.1935,32.7069],[130.1503,32.7486],[130.0531,32.7712],[129.9523,32.7226],[129.8515,32.6219],[129.7687,32.5715],[129.8083,32.6444],[129.8263,32.726],[129.7867,32.7816],[129.6895,32.8753],[129.6679,32.9291],[129.6607,32.9951],[129.6787,33.0593],[129.7795,32.9847],[129.8299,32.8927],[129.9019,32.8528],[129.9919,32.851],[129.9235,32.9882],[129.8983,33.0229],[129.7975,33.0836],[129.6643,33.1861],[129.5815,33.2364],[129.6103,33.344],[129.6607,33.3649],[129.7039,33.3597],[129.8443,33.3215],[129.8587,33.3753],[129.8371,33.4031],[129.8263,33.4378],[129.9199,33.4829],[130.0711,33.5211],[130.1035,33.5402],[130.1323,33.5784],[130.1683,33.5975],[130.2763,33.5975],[130.3663,33.634],[130.4383,33.7346],[130.4563,33.7885],[130.4851,33.8353],[130.6687,33.9152],[130.7155,33.9273],[130.8379,33.9169],[130.9531,33.8718],[131.0107,33.7763],[131.0575,33.6722],[131.1763,33.6027]]],[[[121.0098,22.6208],[120.9486,22.5027],[120.8982,22.3794],[120.8766,22.2614],[120.8802,22.1416],[120.8658,22.0322],[120.8406,21.9246],[120.7434,21.9559],[120.6894,22.0322],[120.6786,22.159],[120.6066,22.3117],[120.5814,22.3569],[120.4806,22.4419],[120.387,22.4853],[120.315,22.5478],[120.3258,22.5426],[120.2718,22.6277],[120.2322,22.718],[120.1494,22.9749],[120.1206,23.0374],[120.0846,23.0929],[120.0738,23.1502],[120.0846,23.2127],[120.1206,23.3047],[120.1422,23.3985],[120.1242,23.5269],[120.1314,23.6537],[120.1602,23.7092],[120.6282,24.4783],[120.7578,24.6415],[120.837,24.7231],[120.9018,24.8133],[120.963,24.9279],[121.0422,25.0321],[121.0962,25.065],[121.3662,25.1588],[121.449,25.2491],[121.5174,25.2768],[121.593,25.2751],[121.6434,25.2317],[121.6866,25.1814],[121.7334,25.1536],[121.8522,25.105],[121.9062,25.0564],[121.9278,24.973],[121.8558,24.8949],[121.8198,24.8237],[121.8126,24.7456],[121.827,24.6397],[121.827,24.5338],[121.737,24.2856],[121.6398,24.1293],[121.6146,24.053],[121.5822,23.8603],[121.5246,23.6676],[121.4778,23.4245],[121.3986,23.1728],[121.3518,23.0669],[121.2942,22.9662],[121.161,22.777],[121.0098,22.6208]]],[[[110.8901,19.9924],[110.9369,19.9473],[110.9693,19.8831],[110.9981,19.765],[111.0125,19.6557],[110.9117,19.5862],[110.8217,19.5584],[110.6417,19.2911],[110.6021,19.2078],[110.5733,19.1713],[110.5625,19.1349],[110.5661,19.0984],[110.5193,18.9699],[110.4761,18.812],[110.4509,18.7477],[110.4005,18.6991],[110.3321,18.6731],[110.2925,18.6696],[110.2529,18.6557],[110.1557,18.5707],[110.0477,18.5047],[110.0657,18.4752],[110.0657,18.4474],[110.0189,18.4162],[109.9685,18.4214],[109.8173,18.3971],[109.7597,18.3484],[109.7021,18.2599],[109.6805,18.2478],[109.5905,18.2269],[109.5185,18.2182],[109.3997,18.2807],[109.3421,18.2998],[109.1837,18.3259],[109.0289,18.3675],[108.9209,18.4162],[108.7013,18.5359],[108.6761,18.7495],[108.6365,18.8658],[108.6365,18.9074],[108.6509,19.2651],[108.6653,19.3032],[108.6941,19.338],[108.7913,19.4178],[108.9029,19.4821],[109.0613,19.614],[109.1801,19.6748],[109.2773,19.7616],[109.2197,19.7581],[109.1765,19.7685],[109.2197,19.8431],[109.2629,19.8831],[109.3133,19.9039],[109.4177,19.8883],[109.5149,19.9039],[109.5833,19.9699],[109.6517,19.9838],[109.9073,19.9629],[110.0837,19.9924],[110.1701,20.0532],[110.2133,20.0567],[110.3429,20.0393],[110.3933,19.9751],[110.3897,20.0185],[110.3933,20.0584],[110.4185,20.0549],[110.5877,19.9768],[110.5877,20.0723],[110.5985,20.0983],[110.6525,20.1383],[110.6777,20.1365],[110.7461,20.0601],[110.8073,20.015],[110.8901,19.9924]]],[[[79.9838,9.8125],[80.0774,9.8073],[80.1818,9.8108],[80.2538,9.7969],[80.3762,9.6424],[80.711,9.3664],[80.8946,9.0851],[80.909,9.0244],[80.9342,8.9723],[80.9774,8.9567],[81.017,8.9324],[81.197,8.6615],[81.2186,8.6077],[81.215,8.5487],[81.2258,8.5053],[81.2762,8.4827],[81.3338,8.4723],[81.3734,8.4307],[81.4238,8.2154],[81.4238,8.1477],[81.4346,8.1182],[81.665,7.7831],[81.6794,7.7415],[81.6758,7.7102],[81.683,7.6842],[81.7262,7.6252],[81.7982,7.4654],[81.8306,7.429],[81.8738,7.2884],[81.8774,7.021],[81.863,6.9012],[81.8198,6.7554],[81.7694,6.6148],[81.7118,6.5124],[81.6362,6.4256],[81.3806,6.2416],[81.305,6.2034],[80.9702,6.0888],[80.7254,5.9794],[80.495,5.9499],[80.2682,6.0089],[80.0954,6.153],[80.009,6.3648],[79.9478,6.5853],[79.8578,6.8301],[79.793,7.5852],[79.7606,7.797],[79.7066,8.0661],[79.7138,8.1824],[79.7498,8.2935],[79.7498,8.0487],[79.7822,8.0192],[79.8074,8.0505],[79.8326,8.3039],[79.8506,8.4116],[79.9406,8.6911],[79.9442,8.7414],[79.9262,8.8473],[79.9298,8.8994],[80.0666,9.0955],[80.099,9.2101],[80.117,9.3264],[80.1098,9.4532],[80.0846,9.5782],[80.1962,9.5382],[80.2574,9.4948],[80.3186,9.4653],[80.369,9.4809],[80.4266,9.4809],[80.387,9.5486],[80.2574,9.6111],[80.045,9.6493],[79.9802,9.6997],[79.955,9.7431],[79.9658,9.7934],[79.9838,9.8125]]],[[[49.5383,-12.4326],[49.5851,-12.5368],[49.6391,-12.6375],[49.8047,-12.8805],[49.8767,-12.9725],[49.9379,-13.0715],[49.9667,-13.2694],[50.0747,-13.5784],[50.1755,-14.0402],[50.2043,-14.5141],[50.2367,-14.7328],[50.3123,-14.9377],[50.4419,-15.1495],[50.4815,-15.3856],[50.4059,-15.6286],[50.2907,-15.8578],[50.2619,-15.9012],[50.2079,-15.9602],[50.1863,-15.9585],[50.0927,-15.8994],[50.0207,-15.8022],[49.9271,-15.5731],[49.8911,-15.4585],[49.8551,-15.4394],[49.7435,-15.4498],[49.6643,-15.521],[49.6499,-15.5679],[49.6679,-15.6963],[49.6967,-15.8109],[49.7111,-15.9289],[49.7111,-16.0765],[49.7435,-16.1216],[49.7867,-16.1598],[49.8299,-16.2553],[49.8407,-16.4862],[49.8119,-16.6025],[49.7327,-16.7032],[49.7399,-16.7588],[49.7687,-16.8143],[49.7399,-16.849],[49.6355,-16.8924],[49.5959,-16.9306],[49.5383,-17.033],[49.4483,-17.2414],[49.4375,-17.3473],[49.4951,-17.6702],[49.4771,-17.8993],[49.3619,-18.3368],[49.2971,-18.5434],[49.2035,-18.7916],[49.0595,-19.1197],[48.9191,-19.5311],[48.7967,-19.953],[48.7067,-20.2082],[48.6059,-20.4582],[48.4691,-20.9009],[48.3503,-21.3487],[48.1775,-21.8435],[47.9327,-22.3938],[47.9075,-22.465],[47.8571,-22.748],[47.8031,-22.991],[47.7383,-23.234],[47.6051,-23.6333],[47.5871,-23.7566],[47.5583,-23.8746],[47.4287,-24.1246],[47.3711,-24.2184],[47.3351,-24.3173],[47.3135,-24.4423],[47.2739,-24.5638],[47.1767,-24.7878],[47.0363,-24.9787],[46.9391,-25.0482],[46.7303,-25.1506],[46.6223,-25.1697],[46.3883,-25.1732],[46.1579,-25.2304],[45.9203,-25.3416],[45.6935,-25.4683],[45.6035,-25.529],[45.5063,-25.5638],[45.2075,-25.5707],[45.1139,-25.5429],[44.8114,-25.3346],[44.6962,-25.2999],[44.473,-25.2704],[44.4082,-25.253],[44.347,-25.2252],[44.257,-25.1176],[44.077,-25.0239],[44.0338,-24.9961],[44.0086,-24.9319],[43.9906,-24.8642],[43.9438,-24.786],[43.9078,-24.6402],[43.8502,-24.5378],[43.6882,-24.3572],[43.6702,-24.2999],[43.6558,-24.109],[43.663,-23.9788],[43.645,-23.7427],[43.663,-23.6299],[43.7206,-23.5292],[43.699,-23.4215],[43.6378,-23.307],[43.6162,-23.1889],[43.5694,-23.0813],[43.3966,-22.8868],[43.357,-22.7914],[43.3282,-22.6924],[43.2634,-22.3834],[43.2562,-22.2758],[43.267,-22.0501],[43.2922,-21.932],[43.3318,-21.8504],[43.3426,-21.7897],[43.3714,-21.7376],[43.411,-21.6959],[43.4362,-21.6473],[43.501,-21.3557],[43.5838,-21.2915],[43.7026,-21.255],[43.7998,-21.1786],[43.8574,-21.0762],[43.9114,-20.8661],[44.0626,-20.6561],[44.1166,-20.5467],[44.239,-20.3801],[44.347,-20.1457],[44.3794,-20.0346],[44.4046,-19.9217],[44.4334,-19.6735],[44.4514,-19.5502],[44.4478,-19.4287],[44.3866,-19.3037],[44.239,-19.0746],[44.2354,-19.0329],[44.2462,-18.8628],[44.2318,-18.7413],[44.1778,-18.618],[44.1094,-18.5034],[44.041,-18.2882],[44.005,-17.9323],[44.0122,-17.8038],[43.9942,-17.691],[43.9438,-17.5816],[43.9798,-17.3924],[44.4226,-16.7032],[44.437,-16.6216],[44.419,-16.4115],[44.4262,-16.2883],[44.4442,-16.2432],[44.4766,-16.2171],[44.5522,-16.205],[44.9086,-16.1737],[44.9554,-16.1529],[45.0455,-16.0956],[45.1679,-15.9828],[45.2219,-15.9498],[45.2723,-15.9619],[45.3011,-16.0105],[45.3407,-16.0366],[45.4847,-15.9862],[45.5423,-15.9845],[45.5999,-15.9932],[45.6251,-15.9463],[45.6395,-15.8838],[45.6611,-15.8387],[45.7007,-15.8144],[45.8843,-15.8005],[46.0031,-15.7814],[46.1579,-15.738],[46.1903,-15.7467],[46.3127,-15.9046],[46.3523,-15.9185],[46.3991,-15.9255],[46.4423,-15.896],[46.3415,-15.8126],[46.3271,-15.7675],[46.3307,-15.7137],[46.3847,-15.6008],[46.4747,-15.514],[46.6763,-15.3821],[46.8815,-15.2293],[46.9427,-15.2189],[46.9931,-15.2432],[47.0327,-15.422],[47.0291,-15.4515],[47.0615,-15.4567],[47.0975,-15.4342],[47.1335,-15.3613],[47.1335,-15.3022],[47.1083,-15.2432],[47.0939,-15.1946],[47.0939,-15.1495],[47.1983,-15.0436],[47.2811,-14.9429],[47.3171,-14.8214],[47.3531,-14.7658],[47.4395,-14.7033],[47.4647,-14.7137],[47.4863,-14.7641],[47.4971,-14.8179],[47.4755,-14.8717],[47.4431,-14.9255],[47.4287,-14.995],[47.4791,-15.0089],[47.5259,-14.9915],[47.5943,-14.8648],[47.6699,-14.7433],[47.7167,-14.6808],[47.7743,-14.6374],[47.8715,-14.646],[47.9651,-14.6721],[47.8103,-14.5453],[47.7743,-14.37],[47.9543,-14.0679],[47.9579,-14.0037],[47.9831,-13.9846],[47.9939,-13.9603],[47.9003,-13.8579],[47.8823,-13.8075],[47.8967,-13.7312],[47.9399,-13.6617],[47.9831,-13.6148],[48.0407,-13.5958],[48.0875,-13.6218],[48.1883,-13.7069],[48.2567,-13.719],[48.3395,-13.6392],[48.4043,-13.5385],[48.5051,-13.469],[48.6203,-13.4256],[48.7967,-13.2676],[48.9119,-12.9361],[48.9191,-12.8389],[48.8939,-12.7225],[48.8543,-12.6097],[48.7859,-12.4708],[48.8039,-12.4396],[48.9011,-12.4587],[48.9335,-12.4396],[49.0343,-12.3163],[49.2071,-12.0802],[49.2647,-12.0802],[49.3115,-12.1236],[49.3295,-12.1879],[49.3655,-12.2365],[49.4807,-12.3493],[49.5383,-12.4326]]],[[[53.1095,38.8038],[53.0987,38.7569],[53.0447,38.8975],[53.0195,39.052],[53.0519,39.0972],[53.0915,39.0937],[53.0555,39.0381],[53.1095,38.8038]]],[[[50.1827,44.8555],[50.1503,44.826],[50.0963,44.8312],[49.9955,44.9371],[50.0243,45.0447],[50.0603,45.0673],[50.1107,45.0812],[50.1179,45.0586],[50.0459,45.01],[50.0387,44.9492],[50.0999,44.8815],[50.1827,44.8555]]],[[[50.3123,44.9718],[50.2763,44.9579],[50.2547,45.0221],[50.2943,45.076],[50.3483,45.0829],[50.3303,44.9978],[50.3123,44.9718]]],[[[-69.1657,-52.668],[-69.0793,-52.6749],[-68.7913,-52.576],[-68.7589,-52.5812],[-68.6581,-52.6315],[-68.6293,-52.6524],[-68.5717,-52.6958],[-68.3377,-52.9006],[-68.2765,-52.9839],[-68.2405,-53.0812],[-68.3341,-53.0204],[-68.4313,-53.0551],[-68.4781,-53.1141],[-68.5213,-53.1766],[-68.5213,-53.2218],[-68.4889,-53.2617],[-68.3917,-53.2947],[-68.1613,-53.3068],[-68.1433,-53.319],[-68.0101,-53.5638],[-67.9417,-53.6193],[-67.8625,-53.6627],[-67.6789,-53.7877],[-67.5025,-53.9214],[-67.2937,-54.0498],[-67.0705,-54.1488],[-66.8653,-54.2217],[-66.6709,-54.3137],[-66.4621,-54.4404],[-66.2353,-54.5342],[-65.9941,-54.5984],[-65.7457,-54.654],[-65.3677,-54.6314],[-65.2525,-54.6383],[-65.1805,-54.6783],[-65.2525,-54.7894],[-65.3461,-54.8779],[-65.4721,-54.9144],[-65.6017,-54.9283],[-65.7241,-54.9265],[-65.8429,-54.9092],[-65.9545,-54.9196],[-66.0589,-54.956],[-66.1705,-54.9751],[-66.2857,-54.9786],[-66.3973,-55.0099],[-66.5125,-55.0324],[-66.6277,-55.0133],[-66.9301,-54.9248],[-67.1281,-54.904],[-67.7941,-54.8692],[-68.0065,-54.8484],[-68.2189,-54.8172],[-68.3305,-54.8172],[-68.4925,-54.8363],[-68.6185,-54.8345],[-68.6545,-54.8536],[-68.8021,-54.8536],[-68.8453,-54.8762],[-69.0829,-54.9092],[-69.4861,-54.8588],[-69.5869,-54.8119],[-69.7237,-54.7113],[-69.7705,-54.739],[-69.9001,-54.7824],[-70.0297,-54.8154],[-70.1377,-54.8189],[-70.2385,-54.7772],[-70.2601,-54.7564],[-70.2817,-54.7512],[-70.4977,-54.8102],[-70.7353,-54.7512],[-70.9261,-54.7147],[-71.2285,-54.6939],[-71.4409,-54.6192],[-71.8333,-54.6262],[-71.9017,-54.6019],[-71.9269,-54.529],[-71.9053,-54.4943],[-71.8225,-54.4752],[-71.8009,-54.4335],[-71.7145,-54.4439],[-71.6065,-54.4977],[-71.5741,-54.496],[-71.5021,-54.4456],[-71.3941,-54.4005],[-71.3545,-54.3953],[-71.1601,-54.4509],[-71.0809,-54.4439],[-70.9657,-54.4196],[-70.9477,-54.3988],[-70.9297,-54.3606],[-70.8973,-54.338],[-70.7965,-54.3276],[-70.6993,-54.3484],[-70.6885,-54.4144],[-70.7029,-54.4856],[-70.5733,-54.5047],[-70.4185,-54.5029],[-70.3105,-54.529],[-70.2961,-54.4856],[-70.4689,-54.3727],[-70.5409,-54.3033],[-70.6345,-54.2616],[-70.7605,-54.2408],[-70.8613,-54.1106],[-70.8577,-53.996],[-70.8685,-53.8849],[-70.6453,-53.8224],[-70.6957,-53.7269],[-70.6201,-53.6558],[-70.5301,-53.628],[-70.4437,-53.8936],[-70.3789,-53.9873],[-70.4617,-54.0064],[-70.6309,-54.0047],[-70.5337,-54.1366],[-70.3789,-54.18],[-70.2457,-54.2773],[-70.2421,-54.3484],[-70.1701,-54.3797],[-69.9901,-54.3814],[-69.8677,-54.3675],[-69.8101,-54.3207],[-69.7417,-54.305],[-69.6229,-54.3641],[-69.4177,-54.4075],[-69.3637,-54.437],[-69.3241,-54.489],[-69.3241,-54.5429],[-69.3133,-54.5706],[-69.2521,-54.5568],[-69.1693,-54.4838],[-69.1261,-54.4578],[-69.0757,-54.4456],[-69.0469,-54.4283],[-69.0433,-54.4075],[-69.1945,-54.3536],[-69.9865,-54.1089],[-70.0873,-54.0116],[-70.1521,-53.8884],[-70.1485,-53.7617],[-70.0909,-53.7217],[-69.9505,-53.6714],[-69.6913,-53.6002],[-69.3889,-53.4995],[-69.3529,-53.4804],[-69.3565,-53.4162],[-69.3925,-53.3728],[-69.5113,-53.3416],[-69.6373,-53.3346],[-69.7561,-53.3363],[-69.8749,-53.3502],[-70.0909,-53.4179],[-70.2133,-53.4145],[-70.3285,-53.378],[-70.4149,-53.3051],[-70.4617,-53.2061],[-70.4617,-53.1436],[-70.4437,-53.0864],[-70.3897,-53.0256],[-70.3213,-53.0013],[-70.2565,-53.0048],[-70.1953,-52.9909],[-70.1593,-52.97],[-70.1305,-52.9423],[-70.1413,-52.9197],[-70.1629,-52.8989],[-70.2601,-52.8572],[-70.2961,-52.8173],[-70.3789,-52.7513],[-70.3357,-52.7339],[-70.1881,-52.7235],[-70.0873,-52.7687],[-69.9937,-52.8208],[-69.9361,-52.8208],[-69.8821,-52.7982],[-69.7633,-52.7322],[-69.6625,-52.6471],[-69.5725,-52.5499],[-69.4969,-52.4909],[-69.4141,-52.4857],[-69.1657,-52.668]]],[[[-81.8378,23.1624],[-81.575,23.1172],[-81.3626,23.1294],[-81.2618,23.1572],[-81.2726,23.1294],[-81.179,23.06],[-81.143,23.0548],[-81.0062,23.0895],[-80.6498,23.1034],[-80.6138,23.0843],[-80.549,23.0166],[-80.459,22.9749],[-80.3654,22.9436],[-80.2646,22.935],[-80.1674,22.9489],[-80.0738,22.9419],[-79.9586,22.8777],[-79.9226,22.869],[-79.8218,22.8864],[-79.8506,22.8273],[-79.6778,22.7423],[-79.5482,22.5774],[-79.4582,22.5096],[-79.3574,22.4489],[-79.2746,22.4072],[-79.1846,22.3881],[-78.9002,22.3968],[-78.8354,22.3916],[-78.7742,22.3673],[-78.7202,22.3586],[-78.6878,22.3673],[-78.1442,22.1086],[-77.9714,21.9715],[-77.8634,21.9003],[-77.6366,21.7979],[-77.5466,21.7753],[-77.4962,21.7875],[-77.507,21.8118],[-77.5718,21.8691],[-77.5826,21.8899],[-77.4962,21.8708],[-77.3414,21.7545],[-77.2982,21.7128],[-77.2226,21.6729],[-77.1434,21.6434],[-77.183,21.5982],[-77.2442,21.593],[-77.3666,21.6121],[-77.2694,21.5375],[-77.2514,21.4837],[-77.2082,21.4785],[-77.1398,21.5392],[-77.1002,21.5896],[-76.9274,21.4594],[-76.8374,21.4003],[-76.859,21.3656],[-76.8662,21.3309],[-76.7654,21.3621],[-76.7258,21.3587],[-76.6898,21.3396],[-76.6466,21.284],[-76.553,21.2719],[-76.4558,21.2736],[-76.2578,21.2267],[-76.0742,21.133],[-75.8978,21.1139],[-75.7214,21.1104],[-75.635,21.0618],[-75.5954,20.9941],[-75.6386,20.9472],[-75.6638,20.8986],[-75.599,20.8379],[-75.7394,20.8118],[-75.761,20.7754],[-75.7538,20.7355],[-75.725,20.7146],[-75.6422,20.7337],[-75.5234,20.7164],[-75.3398,20.7025],[-75.2138,20.7146],[-74.9581,20.673],[-74.8825,20.6504],[-74.7313,20.574],[-74.6629,20.5219],[-74.5117,20.3848],[-74.3857,20.331],[-74.2741,20.3171],[-74.2345,20.3258],[-74.1985,20.3119],[-74.1661,20.2928],[-74.1373,20.232],[-74.1553,20.1678],[-74.2165,20.1174],[-74.2525,20.0792],[-74.4109,20.0758],[-74.6341,20.0584],[-74.8501,20.0029],[-74.9545,19.9577],[-75.005,19.9282],[-75.1166,19.9022],[-75.1238,19.9247],[-75.1238,19.9543],[-75.1526,20.0081],[-75.1778,19.9595],[-75.221,19.923],[-75.2894,19.8935],[-75.5522,19.8918],[-75.6566,19.9317],[-75.7646,19.9612],[-76.157,19.989],[-76.2542,19.9872],[-76.517,19.956],[-76.7798,19.9404],[-76.8914,19.9213],[-76.9994,19.8935],[-77.2118,19.8935],[-77.4638,19.8622],[-77.7158,19.8553],[-77.5538,20.0827],[-77.2118,20.2997],[-77.1506,20.3466],[-77.1038,20.4073],[-77.093,20.4525],[-77.1074,20.4924],[-77.1902,20.5601],[-77.2046,20.6105],[-77.2298,20.6434],[-77.3486,20.673],[-77.4674,20.6903],[-77.5934,20.6903],[-77.8562,20.7129],[-77.9966,20.7146],[-78.1154,20.7615],[-78.3134,20.9281],[-78.407,20.9733],[-78.4538,21.0115],[-78.4898,21.0531],[-78.5366,21.2962],[-78.5762,21.4142],[-78.6374,21.5149],[-78.7274,21.593],[-78.8246,21.6191],[-79.1882,21.5531],[-79.2746,21.5618],[-79.3574,21.5844],[-79.9118,21.7423],[-80.1386,21.8291],[-80.2322,21.8725],[-80.3114,21.9333],[-80.3942,22.034],[-80.4842,22.1243],[-80.4842,22.0878],[-80.4986,22.0635],[-80.963,22.0531],[-81.035,22.0739],[-81.0818,22.0982],[-81.1178,22.1347],[-81.143,22.2076],[-81.1862,22.2683],[-81.2006,22.2024],[-81.2222,22.1434],[-81.2834,22.1086],[-81.3554,22.1034],[-81.4418,22.1833],[-81.8162,22.2006],[-81.8486,22.2145],[-81.971,22.2909],[-82.079,22.3881],[-81.9746,22.4211],[-81.7586,22.4662],[-81.7118,22.4975],[-81.683,22.534],[-81.701,22.5912],[-81.7442,22.6329],[-81.791,22.6572],[-81.8378,22.6728],[-81.9026,22.6798],[-82.7378,22.6885],[-82.7846,22.6589],[-82.8602,22.5947],[-83.0078,22.5149],[-83.1086,22.4298],[-83.1446,22.3864],[-83.1878,22.3551],[-83.2922,22.3031],[-83.3786,22.2232],[-83.4866,22.1868],[-83.5442,22.2093],[-83.6018,22.2093],[-83.6414,22.1885],[-83.6882,22.1798],[-83.9006,22.1694],[-83.933,22.1503],[-83.9618,22.0913],[-83.9978,21.9802],[-84.0302,21.9437],[-84.1382,21.9298],[-84.239,21.8986],[-84.4478,21.7909],[-84.5018,21.7753],[-84.491,21.8534],[-84.5018,21.9298],[-84.5594,21.9333],[-84.6278,21.9211],[-84.6818,21.8986],[-84.7862,21.843],[-84.8366,21.8274],[-84.887,21.8569],[-84.8762,21.8934],[-84.5342,22.0305],[-84.4946,22.0409],[-84.4334,22.0305],[-84.3722,22.0357],[-84.3254,22.0739],[-84.383,22.2562],[-84.3614,22.3794],[-84.2822,22.4749],[-84.1202,22.619],[-84.0446,22.6659],[-83.2562,22.968],[-83.177,22.9836],[-82.6658,23.0443],[-82.5866,23.0652],[-82.349,23.1537],[-82.1006,23.1902],[-81.8378,23.1624]]],[[[20.8964,80.2491],[20.9972,80.2387],[21.548,80.2422],[21.656,80.2179],[21.6956,80.1589],[21.782,80.138],[21.8972,80.1328],[22.1888,80.0599],[22.2896,80.0495],[22.376,80.0894],[22.4444,80.1901],[22.4444,80.3081],[22.4192,80.3654],[22.4516,80.4019],[22.5488,80.4158],[22.6712,80.4123],[22.7936,80.4331],[22.898,80.4696],[23.0096,80.4748],[23.2508,80.447],[23.3156,80.4245],[23.2508,80.3811],[23.2256,80.3168],[23.114,80.1866],[23.3516,80.1797],[23.6864,80.2057],[23.7728,80.2439],[23.9528,80.3047],[24.1436,80.296],[24.2336,80.3029],[24.2804,80.329],[24.2984,80.3602],[24.4028,80.355],[24.5468,80.296],[24.6152,80.2856],[24.7376,80.3012],[24.7844,80.3012],[24.9068,80.2769],[25.4721,80.2335],[25.6665,80.2092],[25.7529,80.1884],[25.8357,80.1745],[26.4369,80.1762],[26.8617,80.1606],[27.0165,80.1259],[27.1497,80.0599],[27.2001,79.9071],[27.0813,79.8655],[26.2209,79.678],[26.0049,79.6172],[25.9005,79.5617],[25.7277,79.4401],[25.6413,79.4037],[25.2381,79.3447],[25.1445,79.3395],[24.842,79.3672],[24.752,79.3638],[24.3848,79.3013],[24.2552,79.2631],[24.1328,79.2162],[23.9492,79.1936],[23.7584,79.2058],[22.9052,79.2301],[22.79,79.2648],[22.6964,79.329],[22.8656,79.4124],[21.9116,79.3811],[20.8604,79.3985],[20.8064,79.4089],[20.7596,79.4419],[20.3996,79.4627],[20.1296,79.4888],[19.8992,79.5339],[19.676,79.5912],[19.748,79.6172],[19.82,79.6328],[20.0144,79.6398],[20.1872,79.6328],[20.4932,79.6328],[20.5652,79.6901],[20.6876,79.7075],[20.7848,79.7492],[20.4608,79.7752],[20.1224,79.7787],[19.8992,79.7439],[19.6364,79.7283],[19.3988,79.7266],[18.9416,79.737],[18.7256,79.7613],[18.4268,79.8238],[18.326,79.8603],[18.2864,79.888],[18.254,79.9297],[18.596,79.9662],[18.7256,79.9957],[18.8552,80.0373],[18.344,80.0599],[18.128,80.0929],[17.9156,80.1432],[18.0884,80.171],[18.7796,80.1936],[18.9632,80.1745],[19.1432,80.138],[19.3448,80.1172],[19.5356,80.1641],[19.3556,80.1849],[19.19,80.263],[19.1576,80.3012],[19.1792,80.3307],[19.262,80.3359],[19.3268,80.3238],[19.568,80.2509],[19.7516,80.2266],[19.802,80.2943],[19.8092,80.3272],[19.7768,80.3533],[19.6904,80.4019],[19.6148,80.4627],[19.7336,80.4783],[19.8524,80.4713],[20.1044,80.4297],[20.36,80.4002],[20.4752,80.3724],[20.6948,80.2995],[20.8964,80.2491]]],[[[16.7852,79.9071],[16.8392,79.9054],[16.8896,79.9158],[16.9256,79.9436],[16.9652,79.9592],[17.2208,79.9401],[17.5772,79.8846],[17.6852,79.8568],[17.8328,79.7995],[17.9552,79.704],[17.858,79.6346],[17.732,79.5703],[17.6888,79.5339],[17.7356,79.4818],[17.714,79.4315],[17.6672,79.3863],[17.8616,79.4367],[18.272,79.5999],[18.3332,79.6103],[18.398,79.6051],[18.5816,79.5721],[18.7472,79.4888],[18.7868,79.461],[18.8156,79.4263],[18.8336,79.3846],[18.8228,79.336],[18.8084,79.303],[18.7184,79.2822],[18.6788,79.2613],[18.7724,79.2596],[18.8804,79.2336],[18.9776,79.1797],[19.0892,79.1572],[19.4888,79.1763],[19.7516,79.1468],[19.892,79.0565],[20.1152,79.0773],[20.1152,79.1242],[20.162,79.145],[20.4572,79.1294],[20.612,79.1068],[20.7668,79.06],[20.5004,78.9818],[20.72,78.9072],[21.0908,78.8534],[21.3104,78.7961],[21.3536,78.7718],[21.3896,78.7405],[21.2456,78.6989],[21.098,78.6763],[20.7236,78.6728],[20.3888,78.6433],[19.7696,78.6225],[19.676,78.6103],[19.6544,78.5982],[19.6184,78.5617],[19.3808,78.4801],[19.1504,78.3794],[19.0568,78.3187],[18.9848,78.2336],[18.956,78.1833],[19.01,78.1329],[18.9956,78.0809],[18.8228,78.0409],[18.7112,78.0409],[18.5744,78.0479],[18.4376,78.0253],[18.4304,77.9906],[18.4376,77.942],[18.4052,77.7944],[18.362,77.6816],[18.2972,77.5791],[18.2288,77.5219],[18.1388,77.5062],[17.8472,77.4976],[17.624,77.3986],[17.444,77.225],[17.3504,77.1573],[17.1524,77.0497],[17.1884,77.0115],[17.2496,76.9698],[17.1416,76.8952],[16.976,76.8118],[16.9796,76.7789],[17.0372,76.7198],[17.0624,76.6591],[16.9364,76.607],[16.6988,76.5792],[16.4612,76.6087],[16.346,76.6452],[16.238,76.7007],[16.1228,76.7389],[16.004,76.7615],[15.5468,76.8865],[15.1256,77.0844],[14.7367,77.1625],[14.4883,77.199],[14.3659,77.2337],[14.2471,77.2823],[14.1463,77.3361],[14.0491,77.4038],[14.0059,77.4455],[13.9951,77.508],[14.0275,77.5444],[14.0707,77.5635],[14.3767,77.5791],[14.4883,77.5705],[14.5963,77.5375],[14.6935,77.5253],[14.9203,77.6885],[16.2056,77.7823],[16.6196,77.7979],[17.0336,77.7979],[16.9688,77.8413],[16.9148,77.8986],[16.8536,77.9107],[16.5404,77.8795],[16.0616,77.8465],[15.8276,77.8465],[15.5864,77.8691],[15.3452,77.8569],[15.0968,77.8083],[14.8483,77.7788],[14.6035,77.7666],[14.0887,77.7718],[13.9627,77.7961],[13.7899,77.8534],[13.7503,77.883],[13.7143,77.9194],[13.6819,78.0288],[13.7179,78.0583],[13.7683,78.0739],[13.8223,78.0843],[13.9375,78.0861],[14.0491,78.067],[14.3083,78.0045],[14.2471,78.0722],[14.9959,78.152],[15.3416,78.2215],[15.518,78.2319],[15.698,78.2284],[15.6584,78.2649],[15.6584,78.2996],[15.7844,78.3274],[15.8744,78.3395],[16.1516,78.3534],[16.778,78.3499],[17.0012,78.369],[17.1704,78.4176],[16.9904,78.4003],[16.8104,78.3968],[16.7276,78.4072],[16.5368,78.4489],[16.4504,78.5027],[16.6952,78.6121],[16.7816,78.6642],[16.5296,78.6555],[16.4468,78.6381],[16.1588,78.5374],[15.9428,78.4923],[15.68,78.4715],[15.4172,78.4732],[15.3596,78.4871],[15.2804,78.5548],[15.2552,78.5895],[15.266,78.6086],[15.3488,78.6624],[15.392,78.7214],[15.3848,78.7718],[15.3236,78.7805],[15.2264,78.7319],[15.1364,78.6642],[15.0176,78.6294],[14.8915,78.6398],[14.8375,78.6659],[14.7907,78.7058],[14.7439,78.7214],[14.6899,78.7214],[14.5783,78.7058],[14.4667,78.6746],[14.5063,78.6312],[14.5171,78.5808],[14.4667,78.5409],[14.4307,78.4923],[14.5459,78.4628],[14.6395,78.4142],[14.4991,78.3916],[14.3623,78.3604],[14.2399,78.31],[14.1103,78.2701],[13.9087,78.2666],[13.6567,78.2458],[13.1491,78.2371],[12.9115,78.3013],[12.8683,78.3308],[12.8215,78.3517],[12.6631,78.3847],[12.4363,78.4836],[12.2563,78.5947],[12.1375,78.6051],[11.9611,78.6416],[11.8639,78.6746],[11.7739,78.7162],[11.7451,78.7666],[11.7559,78.8117],[11.8603,78.8325],[11.6119,78.8829],[11.3671,78.9506],[11.4571,78.9732],[11.5471,78.9836],[12.2743,78.9037],[12.3247,78.9141],[12.4039,78.9541],[12.3751,78.9662],[12.2527,78.9749],[12.0871,78.9749],[12.0475,78.9836],[11.9827,79.0252],[11.9251,79.0773],[11.9035,79.112],[11.8927,79.152],[12.0151,79.2127],[12.0835,79.2683],[11.9791,79.2926],[11.6803,79.2908],[11.5795,79.2839],[11.6155,79.2058],[11.5219,79.152],[11.3383,79.1086],[11.2087,79.1294],[11.1079,79.2336],[10.9747,79.3047],[10.9243,79.3499],[10.8883,79.4158],[10.8343,79.4627],[10.7371,79.52],[10.7263,79.5547],[10.7371,79.5825],[10.8091,79.6415],[10.7551,79.6901],[10.6867,79.7335],[10.6831,79.7578],[10.7479,79.7891],[10.8055,79.7995],[10.8667,79.796],[11.0503,79.7596],[11.1511,79.7162],[11.1835,79.7196],[11.2519,79.7856],[11.3419,79.7995],[11.7019,79.8203],[12.1015,79.737],[12.2059,79.7196],[12.2887,79.7127],[12.2455,79.7492],[12.2203,79.7978],[12.2815,79.8151],[12.6019,79.7735],[12.7531,79.7752],[13.1059,79.8325],[13.6927,79.8603],[13.9159,79.8169],[13.9267,79.7926],[13.9195,79.7613],[13.9087,79.7526],[13.7791,79.7144],[13.0375,79.6849],[12.5551,79.5703],[13.2139,79.5877],[13.3327,79.5756],[13.3831,79.4801],[13.4299,79.4714],[13.6027,79.4575],[13.7179,79.4297],[13.8331,79.3759],[13.9555,79.3395],[14.0311,79.3447],[14.0563,79.3829],[14.0275,79.4297],[14.0095,79.4818],[14.0203,79.5391],[14.0383,79.586],[14.1787,79.619],[14.3803,79.7266],[14.5927,79.7995],[14.8303,79.7665],[15.0536,79.6745],[15.2516,79.546],[15.4424,79.4072],[15.6584,79.2353],[15.7628,79.1745],[15.86,79.1606],[16.2956,78.9818],[16.3424,78.9766],[16.2524,79.112],[16.0292,79.3429],[15.8744,79.52],[15.842,79.5877],[15.8168,79.6814],[15.8276,79.7092],[15.8456,79.7335],[15.9572,79.836],[16.1012,79.8846],[16.058,79.954],[16.094,80.0078],[16.2452,80.0495],[16.3856,80.053],[16.5224,80.02],[16.7852,79.9071]]],[[[9.6319,40.8818],[9.6823,40.8175],[9.7939,40.5554],[9.8047,40.4999],[9.7831,40.4408],[9.7543,40.4009],[9.6427,40.269],[9.6607,40.1596],[9.7003,40.0919],[9.7075,40.0172],[9.6859,39.9235],[9.6175,39.3541],[9.5851,39.2534],[9.5635,39.1666],[9.4879,39.1388],[9.3871,39.1683],[9.2647,39.2169],[9.2071,39.2135],[9.1495,39.1961],[9.1027,39.2117],[9.0559,39.2395],[9.0235,39.0433],[8.9659,38.9635],[8.8831,38.9131],[8.8003,38.9097],[8.7175,38.927],[8.6491,38.927],[8.5951,38.9635],[8.5519,39.0295],[8.4871,39.111],[8.4187,39.2065],[8.4115,39.2916],[8.4007,39.4808],[8.4187,39.5225],[8.4475,39.5624],[8.4619,39.6475],[8.4511,39.7221],[8.4727,39.7482],[8.5123,39.7221],[8.5411,39.7308],[8.5375,39.769],[8.5483,39.8384],[8.4943,39.8975],[8.4079,39.9166],[8.4007,39.9773],[8.4079,40.0381],[8.4547,40.078],[8.4691,40.1301],[8.4727,40.2933],[8.4079,40.3523],[8.3863,40.4426],[8.3539,40.4999],[8.2963,40.5589],[8.2315,40.6057],[8.1883,40.6509],[8.1811,40.7707],[8.2027,40.8714],[8.2243,40.913],[8.2459,40.9078],[8.3107,40.8575],[8.3647,40.8471],[8.4691,40.8349],[8.5735,40.8505],[8.6995,40.8957],[8.8219,40.9495],[8.9983,41.1109],[9.1063,41.1422],[9.1639,41.1856],[9.1819,41.2429],[9.2287,41.2567],[9.2827,41.2012],[9.3511,41.196],[9.4555,41.1509],[9.4987,41.1057],[9.5383,41.0536],[9.5743,41.0311],[9.6139,41.0172],[9.6211,41.005],[9.5887,40.9929],[9.5527,40.9321],[9.5743,40.9148],[9.6319,40.8818]]],[[[9.4807,42.8053],[9.4555,42.6594],[9.4735,42.616],[9.5095,42.5848],[9.5275,42.5518],[9.5563,42.1612],[9.5491,42.13],[9.4267,41.972],[9.4015,41.9268],[9.3943,41.7307],[9.3727,41.6786],[9.3295,41.6265],[9.2539,41.4599],[9.1855,41.3852],[9.0019,41.4772],[8.8939,41.5154],[8.8435,41.5588],[8.8075,41.5883],[8.8291,41.6283],[8.8795,41.6682],[8.8867,41.7012],[8.7715,41.7376],[8.7175,41.7619],[8.7175,41.8036],[8.7571,41.8696],[8.7391,41.9251],[8.6743,41.9216],[8.6203,41.9303],[8.6167,41.9598],[8.6527,41.9963],[8.7031,42.0432],[8.6995,42.0952],[8.6419,42.1178],[8.5879,42.1612],[8.5663,42.2185],[8.6095,42.2584],[8.6743,42.2845],[8.6275,42.3435],[8.5915,42.3452],[8.5663,42.3574],[8.5879,42.3852],[8.6383,42.4268],[8.7139,42.5501],[8.8147,42.6074],[8.9947,42.6456],[9.0451,42.6612],[9.0883,42.7046],[9.1387,42.7324],[9.1963,42.7289],[9.2539,42.7133],[9.2863,42.6942],[9.3151,42.7133],[9.3367,42.7671],[9.3223,42.8139],[9.3295,42.9441],[9.3619,43.0171],[9.4159,43.0223],[9.4627,42.9806],[9.4591,42.9459],[9.4771,42.8608],[9.4807,42.8053]]],[[[15.5756,38.2205],[15.5072,38.1059],[15.4748,38.0625],[15.2336,37.7847],[15.2084,37.7205],[15.1904,37.6511],[15.1652,37.5903],[15.1328,37.5313],[15.1004,37.4584],[15.104,37.375],[15.1184,37.3351],[15.1472,37.3073],[15.194,37.283],[15.23,37.2448],[15.1724,37.2084],[15.2372,37.1389],[15.2876,37.0973],[15.2948,37.0556],[15.2948,37.014],[15.1868,36.9341],[15.1436,36.8924],[15.1148,36.8386],[15.104,36.7848],[15.1148,36.7362],[15.1112,36.6876],[15.0032,36.6945],[14.8879,36.724],[14.7763,36.7102],[14.6143,36.7674],[14.5567,36.7761],[14.5027,36.7987],[14.3659,36.9723],[14.2579,37.0469],[14.1427,37.1042],[14.0239,37.1077],[13.9051,37.1008],[13.8007,37.1355],[13.5883,37.2535],[13.3615,37.349],[13.2643,37.4098],[13.2211,37.4514],[13.1707,37.4792],[13.0411,37.507],[12.9223,37.5712],[12.8719,37.5747],[12.7567,37.5677],[12.6991,37.5712],[12.6415,37.5938],[12.5263,37.6702],[12.4543,37.7743],[12.4363,37.8195],[12.4867,37.9392],[12.5479,38.0521],[12.6019,38.0851],[12.6631,38.1076],[12.7027,38.1424],[12.7351,38.1823],[12.8503,38.0642],[12.9043,38.0347],[12.9547,38.0417],[13.0483,38.0833],[13.0555,38.1302],[13.1599,38.191],[13.2895,38.191],[13.3507,38.1806],[13.3831,38.1267],[13.4335,38.1111],[13.4911,38.1024],[13.6819,38],[13.7359,37.9844],[13.7899,37.9809],[13.9375,38.0243],[14.0491,38.0399],[14.2867,38.0174],[14.4163,38.0434],[14.5063,38.0451],[14.6359,38.0851],[14.7367,38.151],[14.7907,38.1667],[14.8447,38.1719],[14.9815,38.1684],[15.1184,38.1528],[15.176,38.1684],[15.2228,38.2118],[15.2804,38.2309],[15.3416,38.217],[15.5,38.2917],[15.5684,38.2951],[15.6332,38.2674],[15.5756,38.2205]]],[[[-52.7315,69.9442],[-52.3967,69.8626],[-52.0439,69.8071],[-52.0115,69.781],[-51.9827,69.7428],[-51.9755,69.722],[-51.9863,69.7029],[-52.0079,69.6855],[-51.9827,69.6647],[-51.9071,69.6369],[-51.8999,69.6039],[-51.9899,69.5501],[-52.1123,69.4894],[-52.7711,69.3644],[-53.0015,69.3418],[-53.5775,69.2567],[-53.7539,69.2602],[-53.7935,69.2637],[-53.9015,69.3019],[-54.0527,69.3366],[-54.1211,69.3644],[-54.1823,69.4043],[-54.1571,69.4286],[-54.0491,69.4373],[-53.8907,69.4373],[-53.6567,69.4651],[-53.7215,69.4911],[-53.7827,69.5067],[-53.8259,69.5397],[-53.9231,69.5345],[-53.9951,69.5536],[-54.1319,69.5658],[-54.4955,69.5779],[-54.7331,69.6109],[-54.8051,69.63],[-54.8663,69.6647],[-54.9203,69.7133],[-54.8411,69.9025],[-54.7871,69.9494],[-54.6647,69.965],[-54.3623,69.9234],[-54.3227,69.9425],[-54.6539,70.0119],[-54.7727,70.0518],[-54.8087,70.0848],[-54.8303,70.1334],[-54.8303,70.1612],[-54.8159,70.189],[-54.7871,70.2185],[-54.7043,70.2567],[-54.3731,70.3174],[-54.0059,70.2966],[-53.3759,70.222],[-53.2967,70.2046],[-53.1023,70.1404],[-52.7315,69.9442]]],[[[-71.9557,19.7216],[-71.8333,19.6973],[-71.7793,19.7182],[-71.7361,19.7355],[-71.7073,19.7945],[-71.6677,19.8484],[-71.6173,19.8779],[-71.5561,19.8952],[-71.4409,19.8935],[-71.2825,19.8466],[-71.2357,19.8484],[-71.0809,19.89],[-70.9549,19.9143],[-70.8325,19.8865],[-70.7857,19.8501],[-70.6849,19.7928],[-70.6345,19.7754],[-70.4797,19.7772],[-70.4365,19.772],[-70.3033,19.6765],[-70.1953,19.6383],[-70.1305,19.6366],[-70.0153,19.673],[-69.9577,19.6713],[-69.8929,19.5897],[-69.8785,19.4734],[-69.8245,19.3675],[-69.7381,19.2998],[-69.3241,19.3276],[-69.2341,19.272],[-69.2629,19.2251],[-69.3241,19.2008],[-69.5185,19.2112],[-69.6049,19.206],[-69.6229,19.1609],[-69.6229,19.1175],[-69.5077,19.1071],[-69.3961,19.0862],[-69.2809,19.0515],[-69.1621,19.029],[-69.0325,19.0133],[-68.9029,18.989],[-68.6833,18.904],[-68.4457,18.7147],[-68.3809,18.6713],[-68.3377,18.6123],[-68.3593,18.5377],[-68.4457,18.4179],[-68.4925,18.3797],[-68.5645,18.3554],[-68.6113,18.3068],[-68.6581,18.2217],[-68.6869,18.2148],[-68.7193,18.2182],[-68.7769,18.2669],[-68.8201,18.3398],[-68.9353,18.4075],[-69.0721,18.3988],[-69.2737,18.4405],[-69.3961,18.4196],[-69.5185,18.4162],[-69.6445,18.437],[-69.7705,18.4439],[-69.8965,18.4179],[-70.0189,18.3745],[-70.0621,18.345],[-70.1413,18.2773],[-70.1845,18.2512],[-70.4797,18.2165],[-70.5661,18.2669],[-70.6453,18.3363],[-70.7605,18.345],[-70.9261,18.2929],[-71.0269,18.2738],[-71.0701,18.2495],[-71.0809,18.2252],[-71.0809,18.128],[-71.1061,18.0707],[-71.2681,17.8502],[-71.3581,17.694],[-71.3941,17.6454],[-71.4373,17.635],[-71.5201,17.7252],[-71.5705,17.7582],[-71.6317,17.7738],[-71.6569,17.8207],[-71.6569,17.8884],[-71.6749,17.9544],[-71.7109,18.0047],[-71.7685,18.0394],[-71.8513,18.1193],[-71.9449,18.1853],[-72.0025,18.2113],[-72.0601,18.2287],[-72.5029,18.22],[-72.5533,18.2078],[-72.5929,18.187],[-72.6325,18.1766],[-72.7549,18.1558],[-72.8773,18.1523],[-73.1617,18.2061],[-73.2733,18.2339],[-73.3849,18.2512],[-73.5145,18.246],[-73.6441,18.2287],[-73.7485,18.1905],[-73.8241,18.121],[-73.8385,18.0585],[-73.8853,18.0412],[-73.9897,18.1436],[-74.0869,18.2148],[-74.1949,18.2686],[-74.4181,18.3467],[-74.4613,18.3936],[-74.4793,18.4491],[-74.3857,18.6245],[-74.2849,18.6575],[-74.2273,18.6627],[-74.1013,18.6418],[-73.9753,18.6019],[-73.8637,18.5759],[-73.6873,18.5654],[-73.5901,18.522],[-72.9169,18.4561],[-72.7909,18.4352],[-72.7405,18.4422],[-72.6973,18.4682],[-72.6613,18.5151],[-72.6181,18.5516],[-72.4165,18.5585],[-72.3769,18.5741],[-72.3481,18.6245],[-72.3481,18.6748],[-72.4669,18.7443],[-72.6505,18.8936],[-72.8125,19.0724],[-72.7405,19.1314],[-72.7693,19.2408],[-72.7405,19.3414],[-72.7045,19.4404],[-72.8629,19.5255],[-73.0537,19.6105],[-73.3165,19.6366],[-73.3957,19.6591],[-73.4389,19.7216],[-73.3993,19.8067],[-73.3165,19.8553],[-73.2193,19.8831],[-73.1185,19.9039],[-72.8773,19.9282],[-72.6361,19.9004],[-72.4309,19.8136],[-72.2185,19.7442],[-71.9557,19.7216]]],[[[-49.6283,-0.2285],[-49.5347,-0.2337],[-49.4015,-0.2146],[-49.3151,-0.1678],[-49.2143,-0.1591],[-49.1171,-0.1643],[-48.7859,-0.2164],[-48.5879,-0.232],[-48.5159,-0.2476],[-48.4439,-0.2719],[-48.3935,-0.298],[-48.3791,-0.3535],[-48.4295,-0.4421],[-48.4655,-0.5341],[-48.4979,-0.6643],[-48.5231,-0.692],[-48.5663,-0.6851],[-48.5411,-0.8014],[-48.5483,-0.8483],[-48.5699,-0.8934],[-48.6239,-0.9872],[-48.7031,-1.1069],[-48.7283,-1.1312],[-48.7895,-1.1729],[-48.8399,-1.2267],[-48.8291,-1.2771],[-48.8039,-1.3274],[-48.8327,-1.3899],[-48.9299,-1.4819],[-48.9875,-1.5045],[-49.0379,-1.5149],[-49.0883,-1.5045],[-49.1711,-1.4125],[-49.1819,-1.4854],[-49.2035,-1.5583],[-49.2323,-1.6],[-49.3439,-1.5948],[-49.4051,-1.5548],[-49.5059,-1.5114],[-49.5239,-1.6312],[-49.5887,-1.7128],[-49.6499,-1.7388],[-49.7471,-1.7562],[-49.8047,-1.7909],[-49.9127,-1.7632],[-50.0099,-1.7093],[-50.0675,-1.7041],[-50.1107,-1.7475],[-50.3375,-1.7562],[-50.4419,-1.8013],[-50.5067,-1.7875],[-50.6003,-1.6972],[-50.6183,-1.6382],[-50.6723,-1.5166],[-50.7227,-1.3708],[-50.7587,-1.2406],[-50.7299,-1.126],[-50.6687,-1.1312],[-50.5967,-1.1469],[-50.5823,-1.1399],[-50.5787,-1.1035],[-50.5931,-1.0722],[-50.7083,-1.0774],[-50.7839,-1.0097],[-50.7947,-0.9056],[-50.7803,-0.6903],[-50.7731,-0.6452],[-50.7191,-0.5827],[-50.7047,-0.5289],[-50.7155,-0.4698],[-50.6939,-0.3639],[-50.6471,-0.2737],[-50.4599,-0.1573],[-50.2475,-0.1157],[-49.6283,-0.2285]]],[[[-3.1086,58.5161],[-3.1014,58.4345],[-3.1122,58.4085],[-3.1374,58.379],[-3.213,58.3217],[-3.411,58.2401],[-3.7746,58.0526],[-3.9906,57.9588],[-4.0194,57.9137],[-4.0338,57.8512],[-3.9078,57.8391],[-3.8574,57.8182],[-3.8862,57.787],[-4.077,57.6776],[-4.1346,57.5769],[-3.987,57.5804],[-3.8682,57.5995],[-3.627,57.662],[-3.4038,57.7089],[-3.2958,57.7106],[-3.0834,57.6741],[-3.0366,57.6724],[-2.9466,57.6898],[-2.8566,57.6915],[-2.2446,57.6811],[-2.0754,57.7019],[-1.9602,57.6759],[-1.8666,57.6116],[-1.7766,57.4936],[-1.7802,57.4745],[-1.8342,57.4207],[-1.935,57.353],[-2.0214,57.2592],[-2.0466,57.2089],[-2.061,57.1533],[-2.0898,57.103],[-2.259,56.8634],[-2.4282,56.7315],[-2.5002,56.636],[-2.5938,56.5614],[-2.6802,56.5145],[-2.7738,56.4832],[-3.0474,56.4485],[-3.123,56.4259],[-3.213,56.3843],[-3.3102,56.3635],[-3.1986,56.3669],[-3.087,56.3895],[-2.8854,56.3982],[-2.6514,56.3183],[-2.673,56.2541],[-2.7666,56.202],[-2.979,56.1933],[-3.177,56.0805],[-3.267,56.0458],[-3.3606,56.0284],[-3.4794,56.0336],[-3.6954,56.0631],[-3.789,56.0944],[-3.7026,56.044],[-3.609,56.0163],[-3.0474,55.952],[-3.015,55.959],[-2.8386,56.0267],[-2.601,56.0267],[-2.1474,55.9034],[-2.0178,55.8079],[-1.8306,55.6725],[-1.7298,55.6187],[-1.6542,55.5701],[-1.611,55.4989],[-1.521,55.2594],[-1.4238,55.0267],[-1.2906,54.7733],[-1.233,54.7038],[-1.1538,54.6552],[-0.7578,54.5406],[-0.6714,54.5042],[-0.5166,54.3948],[-0.369,54.2785],[-0.2322,54.19],[-0.0846,54.1188],[-0.1566,54.0806],[-0.207,54.0216],[-0.1674,53.9417],[-0.1098,53.8653],[0.009,53.7421],[0.117,53.6084],[0.0774,53.6292],[0.0378,53.6397],[-0.0198,53.6379],[-0.0738,53.6431],[-0.1746,53.6848],[-0.2718,53.7369],[-0.4626,53.716],[-0.567,53.7247],[-0.6606,53.7247],[-0.4842,53.6952],[-0.2934,53.6917],[0.1278,53.4678],[0.2718,53.3359],[0.3546,53.1605],[0.297,53.0807],[0.207,53.0303],[0.1242,52.9713],[0.045,52.9053],[0.279,52.8081],[0.3294,52.8116],[0.3834,52.8255],[0.4302,52.8585],[0.5166,52.9383],[0.5598,52.9661],[0.7038,52.9765],[0.8262,52.9713],[0.9486,52.9539],[1.0566,52.9591],[1.2726,52.9244],[1.3806,52.8932],[1.6578,52.7543],[1.7154,52.6779],[1.7442,52.579],[1.7478,52.4696],[1.701,52.3689],[1.647,52.2786],[1.6146,52.1623],[1.593,52.1189],[1.5606,52.0877],[1.413,51.9939],[1.3158,51.9575],[1.2762,51.9731],[1.233,51.9714],[1.2294,51.9488],[1.2726,51.9019],[1.2762,51.8446],[1.1898,51.803],[1.0998,51.7856],[0.9558,51.8082],[0.7506,51.7301],[0.8982,51.6901],[0.927,51.6467],[0.891,51.5721],[0.801,51.5374],[0.6966,51.5235],[0.5922,51.52],[0.5058,51.5009],[0.423,51.4662],[0.5274,51.4853],[0.5994,51.4679],[0.6462,51.4054],[0.6858,51.3863],[0.891,51.3603],[1.0134,51.3603],[1.2582,51.3759],[1.3734,51.3742],[1.4166,51.3638],[1.4166,51.3117],[1.3986,51.1815],[1.3662,51.1554],[1.0458,51.0478],[0.9774,50.9714],[0.9594,50.9263],[0.7722,50.9332],[0.6858,50.8864],[0.531,50.8534],[0.4158,50.8187],[0.3006,50.7753],[0.2034,50.7631],[-0.2034,50.8152],[-0.4518,50.81],[-0.7866,50.7648],[-0.873,50.7735],[-0.999,50.8152],[-1.1322,50.8447],[-1.2834,50.8568],[-1.4166,50.8968],[-1.3338,50.8204],[-1.5174,50.7475],[-1.6002,50.7336],[-1.6866,50.7353],[-1.8666,50.7145],[-2.0322,50.7249],[-2.007,50.6728],[-1.9638,50.6277],[-1.9962,50.6086],[-2.0358,50.6034],[-2.349,50.6381],[-2.3958,50.6312],[-2.4318,50.5999],[-2.547,50.6155],[-2.6586,50.6694],[-2.7774,50.7058],[-2.8998,50.7232],[-3.0006,50.7162],[-3.4038,50.6329],[-3.4866,50.5478],[-3.5262,50.4281],[-3.5838,50.3222],[-3.681,50.2406],[-3.7926,50.2284],[-3.9006,50.2857],[-4.1022,50.3482],[-4.1742,50.3916],[-4.1958,50.3933],[-4.2174,50.3777],[-4.2966,50.3586],[-4.3794,50.3586],[-4.5054,50.3413],[-4.7286,50.2909],[-4.8186,50.2562],[-5.0095,50.1607],[-5.0491,50.1347],[-5.1175,50.0392],[-5.2255,50.0218],[-5.3227,50.0826],[-5.4343,50.1052],[-5.5495,50.0826],[-5.6215,50.0513],[-5.6539,50.0774],[-5.6575,50.1312],[-5.5711,50.1972],[-5.3407,50.2458],[-5.1427,50.3742],[-5.0419,50.4524],[-5.0059,50.4958],[-4.9554,50.5235],[-4.8942,50.534],[-4.8618,50.5826],[-4.5846,50.777],[-4.5594,50.8204],[-4.545,50.9002],[-4.5234,50.9766],[-4.2966,51.027],[-4.1886,51.1884],[-4.1598,51.2006],[-3.843,51.2301],[-3.609,51.2284],[-3.375,51.1971],[-3.2562,51.1936],[-3.1374,51.2058],[-3.0438,51.2492],[-2.8818,51.4054],[-2.7918,51.4749],[-2.6874,51.5374],[-2.5902,51.6085],[-2.4318,51.7405],[-2.5398,51.6953],[-2.6694,51.6224],[-2.7414,51.5808],[-2.979,51.5391],[-3.0798,51.4957],[-3.2598,51.3985],[-3.2922,51.3898],[-3.5622,51.4141],[-3.7638,51.5391],[-3.8898,51.5912],[-3.9438,51.5981],[-3.9978,51.5825],[-4.1166,51.5669],[-4.2354,51.5686],[-4.1742,51.6276],[-4.0914,51.6606],[-4.275,51.6832],[-4.329,51.7005],[-4.3866,51.7405],[-4.5306,51.7474],[-4.599,51.737],[-4.7178,51.6832],[-4.9014,51.6259],[-5.1247,51.7058],[-5.1679,51.7405],[-5.1679,51.8082],[-5.2003,51.862],[-5.2615,51.8794],[-5.1823,51.9488],[-5.0887,51.9957],[-4.8798,52.0425],[-4.5594,52.1502],[-4.383,52.197],[-4.2174,52.2769],[-4.149,52.3255],[-4.0986,52.3932],[-4.0518,52.4748],[-3.9798,52.5425],[-4.0482,52.5581],[-4.0806,52.6085],[-4.0698,52.6588],[-4.041,52.704],[-4.0662,52.7612],[-4.1166,52.8203],[-4.113,52.8654],[-4.1022,52.9157],[-4.2282,52.9123],[-4.3578,52.8967],[-4.473,52.8619],[-4.5846,52.8151],[-4.6818,52.8064],[-4.6818,52.8446],[-4.6386,52.8914],[-4.527,52.9574],[-4.4046,53.013],[-4.3614,53.0564],[-4.329,53.105],[-4.2678,53.1449],[-4.1094,53.2195],[-3.8106,53.3029],[-3.7638,53.3081],[-3.645,53.2977],[-3.5298,53.3098],[-3.429,53.3411],[-3.3246,53.348],[-3.0978,53.2595],[-3.1662,53.3949],[-3.0654,53.4261],[-2.9178,53.3046],[-2.8638,53.2925],[-2.7486,53.3098],[-2.7954,53.3307],[-2.8458,53.3324],[-2.9142,53.3497],[-2.9682,53.3897],[-3.0654,53.5129],[-3.0582,53.5858],[-2.997,53.6622],[-2.925,53.7334],[-2.9826,53.7473],[-3.033,53.7733],[-3.0438,53.8445],[-3.0258,53.9053],[-2.8998,53.9608],[-2.8638,54.0442],[-2.8458,54.1362],[-2.8674,54.1778],[-2.9934,54.1709],[-3.0546,54.1535],[-3.1086,54.1257],[-3.1662,54.1275],[-3.321,54.2299],[-3.411,54.3063],[-3.5694,54.4677],[-3.591,54.565],[-3.465,54.7733],[-3.267,54.9069],[-3.0366,54.9538],[-3.0798,54.9625],[-3.4326,54.9642],[-3.5514,54.9469],[-3.6594,54.8931],[-3.7206,54.8757],[-3.7818,54.8705],[-3.843,54.8427],[-3.897,54.8045],[-3.9582,54.7802],[-4.077,54.7872],[-4.1346,54.7785],[-4.1742,54.801],[-4.2066,54.8375],[-4.2534,54.8462],[-4.3038,54.8358],[-4.4082,54.7872],[-4.5162,54.7576],[-4.6458,54.7889],[-4.8186,54.8462],[-4.851,54.8254],[-4.8906,54.7715],[-4.9122,54.6899],[-5.0311,54.7611],[-5.1355,54.8583],[-5.1715,54.9174],[-5.1715,54.9851],[-5.1175,55.0128],[-5.0563,54.9885],[-4.9662,55.15],[-4.7862,55.36],[-4.7214,55.4208],[-4.6782,55.5007],[-4.6854,55.5545],[-4.725,55.5979],[-4.8906,55.6986],[-4.8906,55.7819],[-4.8726,55.8739],[-4.8258,55.9295],[-4.8078,55.9399],[-4.5846,55.9381],[-4.671,55.9676],[-4.8438,56.051],[-4.8402,56.0805],[-4.8006,56.1586],[-4.8186,56.1499],[-4.8546,56.1152],[-4.9266,56.0284],[-4.9698,56.0076],[-5.0923,55.9867],[-5.1139,55.9451],[-5.1355,55.9329],[-5.1967,55.9295],[-5.2147,55.8895],[-5.2291,55.8861],[-5.2471,55.9295],[-5.2471,56.0006],[-5.2219,56.0666],[-5.1751,56.1169],[-4.9986,56.2333],[-5.0851,56.1968],[-5.2831,56.0892],[-5.3839,56.0197],[-5.4091,55.9954],[-5.4199,55.9746],[-5.4199,55.952],[-5.3731,55.827],[-5.3875,55.7697],[-5.5567,55.3896],[-5.5891,55.3514],[-5.6179,55.3323],[-5.6467,55.3271],[-5.7295,55.334],[-5.7691,55.3635],[-5.7691,55.3948],[-5.7511,55.4434],[-5.6827,55.6239],[-5.6503,55.6743],[-5.6035,55.7211],[-5.5063,55.8027],[-5.5063,55.8079],[-5.5747,55.7923],[-5.6035,55.7975],[-5.6215,55.8131],[-5.6107,56.0544],[-5.5567,56.1343],[-5.5351,56.2506],[-5.4883,56.3496],[-5.4343,56.4225],[-5.3911,56.5145],[-5.3299,56.5561],[-5.3119,56.6186],[-5.2435,56.6863],[-5.1895,56.7575],[-5.2183,56.7506],[-5.5639,56.5666],[-5.6539,56.5318],[-5.7727,56.5405],[-5.8663,56.5614],[-5.9383,56.6065],[-5.9707,56.6898],[-6.0571,56.6916],[-6.1327,56.7072],[-6.1327,56.7176],[-6.0355,56.7645],[-5.8771,56.7801],[-5.7295,56.853],[-5.8627,56.9033],[-5.8519,56.919],[-5.7367,56.9606],[-5.5927,57.103],[-5.5603,57.2332],[-5.6323,57.2939],[-5.6575,57.3339],[-5.7943,57.379],[-5.8195,57.4363],[-5.8015,57.4675],[-5.7583,57.4988],[-5.6899,57.5231],[-5.5819,57.5474],[-5.6791,57.5717],[-5.7151,57.6012],[-5.7439,57.6429],[-5.7439,57.6689],[-5.6935,57.7783],[-5.6647,57.8234],[-5.6071,57.8807],[-5.3479,57.8772],[-5.3191,57.9033],[-5.2903,57.905],[-5.1571,57.8807],[-5.1787,57.9068],[-5.3947,58.0439],[-5.4127,58.0699],[-5.3515,58.1429],[-5.3479,58.1758],[-5.3551,58.2123],[-5.3371,58.2383],[-5.2687,58.2522],[-5.0599,58.2505],[-5.0095,58.2626],[-5.0311,58.2991],[-5.0815,58.346],[-5.0887,58.3842],[-5.0779,58.4189],[-5.0743,58.4901],[-5.0671,58.5196],[-5.0167,58.5664],[-4.977,58.5803],[-4.923,58.589],[-4.8078,58.5734],[-4.7646,58.5543],[-4.7142,58.5092],[-4.6782,58.5144],[-4.5342,58.5612],[-4.491,58.5682],[-4.4334,58.5126],[-4.1886,58.5578],[-3.861,58.5769],[-3.663,58.6064],[-3.4542,58.6168],[-3.2598,58.6498],[-3.0546,58.6341],[-3.0474,58.615],[-3.0582,58.589],[-3.1086,58.5161]]],[[[-7.1803,55.0562],[-7.1011,55.0476],[-7.0291,55.0805],[-6.9463,55.183],[-6.8887,55.1882],[-6.8239,55.1812],[-6.6979,55.1934],[-6.4747,55.2403],[-6.3739,55.242],[-6.2335,55.2177],[-6.1291,55.2177],[-6.0355,55.1448],[-5.9851,55.0302],[-5.8699,54.9156],[-5.7151,54.8167],[-5.7115,54.7576],[-5.7655,54.7247],[-5.8807,54.6847],[-5.8771,54.6413],[-5.8051,54.6639],[-5.7403,54.6726],[-5.5819,54.6639],[-5.5279,54.6188],[-5.4919,54.5545],[-5.4703,54.5007],[-5.4847,54.4417],[-5.5243,54.4608],[-5.5675,54.5129],[-5.6143,54.5372],[-5.6719,54.5493],[-5.6467,54.4782],[-5.6575,54.3809],[-5.6323,54.3723],[-5.5567,54.3705],[-5.6071,54.2733],[-5.7079,54.2455],[-5.8267,54.2351],[-5.8555,54.2004],[-5.8771,54.1553],[-5.9383,54.0893],[-6.0175,54.0511],[-6.1183,54.058],[-6.2191,54.0893],[-6.1759,54.0528],[-6.1579,54.0164],[-6.2299,54.0042],[-6.3091,54.0112],[-6.3451,53.9869],[-6.3487,53.9417],[-6.3199,53.8827],[-6.2695,53.841],[-6.2299,53.7456],[-6.1939,53.6414],[-6.1435,53.5772],[-6.1327,53.499],[-6.1399,53.4609],[-6.1291,53.3914],[-6.1507,53.3671],[-6.1363,53.3011],[-6.0715,53.1657],[-6.0463,53.0911],[-6.0283,52.9279],[-6.0715,52.8654],[-6.1291,52.8081],[-6.1687,52.7387],[-6.1975,52.664],[-6.2155,52.5425],[-6.3451,52.4019],[-6.3991,52.3672],[-6.4639,52.3446],[-6.3235,52.2474],[-6.4387,52.2023],[-6.5611,52.1884],[-6.6979,52.2127],[-6.7807,52.2109],[-6.8599,52.1779],[-6.8887,52.1589],[-6.9139,52.1693],[-6.9643,52.2491],[-7.0039,52.1658],[-7.0831,52.1398],[-7.2163,52.145],[-7.4395,52.1224],[-7.5259,52.0981],[-7.5619,52.0616],[-7.5907,52.0182],[-7.6267,51.9939],[-7.6663,51.98],[-7.8391,51.9488],[-7.8715,51.9349],[-7.9543,51.8655],[-8.0587,51.8255],[-8.1451,51.8134],[-8.2207,51.8533],[-8.2531,51.8776],[-8.2891,51.8915],[-8.4079,51.888],[-8.3719,51.8759],[-8.3467,51.8481],[-8.3359,51.7926],[-8.3503,51.7387],[-8.4079,51.7127],[-8.4763,51.7075],[-8.5879,51.6519],[-8.7355,51.6363],[-8.8147,51.5842],[-9.2971,51.4974],[-9.3223,51.4974],[-9.3907,51.52],[-9.4627,51.5287],[-9.5347,51.5217],[-9.7363,51.4731],[-9.8371,51.4835],[-9.7111,51.6033],[-9.5419,51.6641],[-9.5239,51.6814],[-9.5815,51.6884],[-9.8983,51.6467],[-10.0099,51.6103],[-10.1215,51.5999],[-10.0711,51.6554],[-9.9271,51.7301],[-9.8515,51.7665],[-9.8011,51.7804],[-9.7507,51.8238],[-9.5995,51.8741],[-10.0855,51.7717],[-10.2115,51.7839],[-10.2403,51.8117],[-10.3411,51.7995],[-10.3771,51.8689],[-10.2331,51.9748],[-10.1467,52.02],[-10.0423,52.0443],[-9.9451,52.079],[-9.9091,52.1224],[-9.9559,52.1363],[-10.2511,52.1259],[-10.3915,52.1345],[-10.3843,52.1693],[-10.3555,52.2075],[-10.2115,52.2717],[-10.1323,52.2821],[-10.0603,52.2752],[-9.9919,52.2595],[-9.9379,52.237],[-9.7723,52.2509],[-9.8407,52.2908],[-9.8515,52.3759],[-9.9055,52.4036],[-9.8371,52.4418],[-9.7615,52.4661],[-9.6319,52.5477],[-9.5851,52.5599],[-9.3295,52.579],[-9.0559,52.6206],[-8.7823,52.6797],[-8.9227,52.7126],[-8.9911,52.756],[-9.0991,52.6675],[-9.1747,52.6345],[-9.3943,52.6172],[-9.4627,52.6276],[-9.5599,52.6536],[-9.5923,52.6432],[-9.6211,52.6224],[-9.7651,52.5807],[-9.9163,52.5703],[-9.7399,52.6484],[-9.5167,52.7803],[-9.4663,52.8237],[-9.3943,52.8967],[-9.4159,52.9279],[-9.4627,52.947],[-9.3007,53.098],[-9.2431,53.1241],[-9.1387,53.1293],[-9.0595,53.1536],[-9.0271,53.1536],[-8.9983,53.1623],[-8.9299,53.2074],[-9.0343,53.2352],[-9.1387,53.2508],[-9.4699,53.2352],[-9.5131,53.2386],[-9.5563,53.2525],[-9.5815,53.2716],[-9.6031,53.3237],[-9.6247,53.3341],[-9.7003,53.3341],[-9.7723,53.3185],[-9.8263,53.3202],[-9.8767,53.3428],[-9.7939,53.3949],[-9.8983,53.407],[-10.0027,53.3966],[-10.0927,53.4122],[-10.0927,53.4452],[-10.0531,53.4782],[-10.1071,53.5095],[-10.1179,53.5494],[-10.0603,53.5685],[-10.0027,53.5615],[-9.8767,53.5911],[-9.7219,53.6049],[-9.8551,53.6327],[-9.9091,53.657],[-9.9127,53.6952],[-9.9019,53.7265],[-9.7435,53.782],[-9.5779,53.8046],[-9.5923,53.841],[-9.5779,53.8792],[-9.7471,53.8914],[-9.9127,53.8636],[-9.8947,53.9383],[-9.8551,54.0042],[-9.8479,54.0476],[-9.8551,54.0945],[-9.9343,54.0754],[-9.9451,54.1414],[-9.9775,54.1865],[-10.0927,54.1553],[-10.0891,54.216],[-10.0567,54.2577],[-9.9955,54.2768],[-9.9343,54.2681],[-9.8263,54.2681],[-9.7183,54.3011],[-9.5635,54.308],[-9.3151,54.2993],[-9.1459,54.2091],[-9.1027,54.2247],[-9.0343,54.282],[-9.0019,54.2872],[-8.7463,54.2629],[-8.5879,54.2316],[-8.5447,54.2421],[-8.5699,54.3028],[-8.6239,54.3462],[-8.5555,54.4035],[-8.4727,54.4417],[-8.4151,54.4608],[-8.2855,54.4851],[-8.2315,54.5077],[-8.1919,54.5806],[-8.1343,54.6413],[-8.4583,54.6101],[-8.7643,54.6813],[-8.7139,54.7316],[-8.6491,54.7611],[-8.5375,54.7837],[-8.5267,54.8097],[-8.4727,54.8323],[-8.3791,54.8896],[-8.4115,54.9642],[-8.3935,55.0198],[-8.3251,55.0562],[-8.3035,55.1083],[-8.2747,55.1465],[-8.1379,55.1604],[-8.0047,55.1951],[-7.9579,55.1916],[-7.8031,55.2003],[-7.7491,55.1864],[-7.7635,55.2489],[-7.6663,55.2559],[-7.6303,55.2437],[-7.6123,55.2003],[-7.5691,55.1708],[-7.5583,55.1222],[-7.5871,55.084],[-7.6339,55.0545],[-7.5907,55.025],[-7.6591,54.9712],[-7.5835,54.9937],[-7.4791,55.0476],[-7.4827,55.091],[-7.5007,55.1448],[-7.5331,55.1934],[-7.5187,55.2472],[-7.4575,55.2819],[-7.3027,55.2993],[-7.3675,55.36],[-7.3099,55.3652],[-7.2451,55.3531],[-7.1551,55.3045],[-7.0615,55.268],[-6.9607,55.2385],[-7.0579,55.1778],[-7.1731,55.1378],[-7.2199,55.0927],[-7.1803,55.0562]]],[[[-85,65.0591],[155,65.0371],[155,60.3876],[154.9725,60.3771],[154.5765,60.0959],[154.4397,59.8841],[154.3893,59.8771],[154.2921,59.8337],[154.2669,59.7296],[154.2705,59.6584],[154.2093,59.6011],[154.1481,59.5282],[154.2129,59.483],[154.2705,59.4744],[154.3569,59.4813],[154.5837,59.5403],[154.9725,59.4501],[155,59.4373],[155,59.1943],[154.8249,59.1879],[154.7025,59.1411],[154.4577,59.2157],[154.3749,59.1879],[154.2453,59.1081],[154.0113,59.0751],[153.8925,59.115],[153.6945,59.2244],[153.3597,59.214],[153.2733,59.0907],[153.1977,59.0942],[153.0789,59.082],[152.8809,58.9397],[152.8161,58.9258],[152.5749,58.9536],[152.4021,59.0265],[152.3193,59.03],[152.1645,58.997],[152.0889,58.9102],[151.7037,58.8668],[151.3257,58.8754],[151.1205,59.082],[151.5057,59.1636],[151.7325,59.1463],[151.9917,59.1602],[152.2617,59.2244],[152.1681,59.2782],[152.1033,59.2904],[151.9413,59.2834],[151.7973,59.3233],[151.4841,59.5247],[151.3473,59.5612],[151.1709,59.5837],[151.0341,59.5855],[150.9837,59.5716],[150.9117,59.523],[150.8649,59.4761],[150.8217,59.4605],[150.7281,59.4692],[150.6165,59.5074],[150.4833,59.4952],[150.5409,59.5247],[150.6669,59.556],[150.4581,59.5907],[150.3249,59.6393],[150.2025,59.6514],[149.6409,59.7712],[149.4249,59.7608],[149.2917,59.7278],[149.0649,59.6306],[149.1261,59.5594],[149.1765,59.5264],[149.2053,59.4883],[149.1333,59.4813],[148.9245,59.4744],[148.7985,59.5317],[148.7085,59.4483],[148.7445,59.3737],[148.8885,59.3997],[148.9641,59.3685],[148.9137,59.2834],[148.7265,59.2574],[148.4925,59.2626],[148.2585,59.4136],[147.8733,59.3876],[147.6897,59.2904],[147.5133,59.2678],[147.0417,59.365],[146.8041,59.3737],[146.5377,59.457],[146.4441,59.431],[146.2749,59.2209],[146.0481,59.1706],[145.9329,59.1983],[145.8285,59.3303],[145.7565,59.3737],[145.5549,59.4136],[144.482,59.3754],[144.122,59.4084],[143.87,59.4119],[143.5244,59.3442],[143.1932,59.3702],[142.5812,59.24],[142.3292,59.1532],[142.0268,59.0004],[141.7532,58.7452],[141.602,58.6498],[141.3464,58.5282],[140.9864,58.4171],[140.792,58.3043],[140.684,58.2123],[140.4968,57.8651],[140.4464,57.813],[140.0036,57.688],[139.8632,57.5491],[139.802,57.5144],[139.6184,57.4554],[139.5068,57.3582],[139.4456,57.3304],[139.1828,57.261],[138.9668,57.0874],[138.6608,56.9658],[138.218,56.6291],[138.1784,56.5891],[138.1424,56.4989],[138.074,56.4329],[137.6924,56.1395],[137.5736,56.1117],[137.3828,55.9746],[137.1884,55.893],[137.012,55.7958],[136.7924,55.6934],[136.4612,55.577],[136.3496,55.5093],[136.1768,55.3531],[135.752,55.1604],[135.5396,55.1135],[135.2624,54.9434],[135.2336,54.9035],[135.212,54.841],[135.2588,54.7316],[135.3272,54.7073],[135.4388,54.6917],[135.8528,54.584],[136.238,54.6136],[136.58,54.6136],[136.7132,54.624],[136.796,54.6205],[136.8248,54.5615],[136.8212,54.4521],[136.7708,54.3532],[136.7312,54.0615],[136.6844,53.9313],[136.7204,53.8046],[136.8032,53.782],[136.886,53.8393],[137.0192,53.848],[137.156,53.8219],[137.2568,54.0251],[137.174,54.0563],[137.0948,54.1292],[137.1416,54.183],[137.3792,54.282],[137.5268,54.2907],[137.6672,54.2837],[137.5124,54.157],[137.4512,54.131],[137.4044,54.124],[137.3396,54.0997],[137.4764,54.0268],[137.624,53.9712],[137.8364,53.9469],[137.786,53.9035],[137.6456,53.8653],[137.516,53.7074],[137.3144,53.631],[137.2208,53.5789],[137.2532,53.5459],[137.3288,53.539],[137.7392,53.5598],[137.9516,53.6032],[138.254,53.7265],[138.38,53.9087],[138.4952,53.9591],[138.5276,53.9591],[138.5672,53.9469],[138.5708,53.8185],[138.4088,53.6744],[138.2936,53.5928],[138.2504,53.5233],[138.3188,53.5233],[138.452,53.5372],[138.5096,53.5702],[138.6608,53.7456],[138.7004,53.8706],[138.722,54.0442],[138.704,54.1483],[138.7148,54.223],[138.6572,54.2976],[138.6968,54.3202],[139.1036,54.2178],[139.3196,54.1934],[139.7084,54.2768],[139.7948,54.2559],[139.8596,54.2056],[140.18,54.0511],[140.2412,54.0008],[140.3456,53.8133],[140.6876,53.5963],[141.0044,53.4938],[141.0152,53.4539],[141.2168,53.3341],[141.3752,53.2925],[141.4004,53.1848],[141.3284,53.098],[141.1808,53.0147],[140.8856,53.0911],[140.8388,53.0876],[140.8748,53.039],[141.0872,52.8984],[141.2564,52.8394],[141.2672,52.6519],[141.2456,52.5495],[141.134,52.4349],[141.17,52.3689],[141.3284,52.2717],[141.4076,52.2335],[141.4868,52.1779],[141.386,52.0564],[141.368,51.921],[141.26,51.8603],[141.1304,51.7283],[140.9324,51.6207],[140.8388,51.4141],[140.6876,51.2318],[140.6696,51.0513],[140.6444,50.987],[140.522,50.7996],[140.4752,50.5461],[140.5364,50.1312],[140.5652,50.1069],[140.6228,50.0826],[140.612,50.0531],[140.5832,50.034],[140.4644,49.9107],[140.4644,49.8257],[140.5112,49.7614],[140.5184,49.5965],[140.432,49.3309],[140.3996,49.2892],[140.3636,49.2215],[140.3492,49.159],[140.324,49.1208],[140.3096,49.0531],[140.3348,48.9941],[140.378,48.9646],[140.2232,48.7736],[140.1692,48.5237],[140.1116,48.423],[140,48.324],[139.7624,48.1799],[139.676,48.0897],[139.5212,47.9751],[139.3736,47.8865],[139.1684,47.6348],[139.0028,47.3831],[138.5852,47.0567],[138.5312,46.9769],[138.4988,46.8901],[138.3908,46.7443],[138.3368,46.5429],[138.2108,46.463],[138.1064,46.2512],[137.768,45.9283],[137.6852,45.819],[137.426,45.6402],[137.1488,45.3936],[136.8032,45.1714],[136.7384,45.0794],[136.6052,44.9787],[136.4612,44.8225],[136.2524,44.6663],[136.2092,44.5621],[136.1408,44.4892],[135.986,44.4406],[135.8744,44.3729],[135.5324,43.9719],[135.4892,43.8989],[135.482,43.8347],[135.2588,43.6854],[135.1328,43.5257],[134.9167,43.4268],[134.6935,43.2913],[134.1571,43.0414],[134.0095,42.9476],[133.7107,42.8296],[133.5883,42.8278],[133.3291,42.7636],[133.1599,42.6976],[133.0591,42.7219],[132.9979,42.8087],[132.9223,42.8053],[132.8647,42.7931],[132.7099,42.8764],[132.5767,42.8712],[132.4831,42.9094],[132.3031,42.8834],[132.3355,43.2393],[132.3103,43.3139],[132.2347,43.2445],[132.0295,43.1195],[131.9467,43.0952],[131.8675,43.0952],[131.8999,43.1716],[132.0115,43.2792],[131.9755,43.2966],[131.9395,43.3018],[131.7955,43.2549],[131.7235,43.2028],[131.5147,42.9962],[131.3923,42.8226],[131.2915,42.7723],[131.2447,42.6976],[131.1583,42.6265],[131.0251,42.6456],[130.9459,42.6334],[130.7551,42.6733],[130.7083,42.656],[130.8343,42.5223],[130.7299,42.3261],[130.6867,42.3018],[130.6363,42.274],[130.5679,42.2914],[130.4563,42.3018],[130.3159,42.2133],[130.2367,42.1838],[130.1791,42.097],[130.0675,42.0449],[130.0063,41.9911],[129.9271,41.8973],[129.8767,41.8053],[129.7579,41.7116],[129.6859,41.5953],[129.6823,41.4946],[129.7579,41.3922],[129.7651,41.3036],[129.7111,41.1231],[129.7435,40.9321],[129.7075,40.8575],[129.3403,40.7255],[129.2467,40.6613],[129.1099,40.4912],[128.9443,40.4287],[128.8435,40.3592],[128.7031,40.3176],[128.6095,40.1978],[128.5123,40.1301],[128.3935,40.0884],[128.3035,40.0363],[128.1055,40.0329],[127.9651,39.9964],[127.8679,39.8957],[127.5691,39.7811],[127.5259,39.6961],[127.5475,39.5624],[127.5475,39.4617],[127.5223,39.3767],[127.4575,39.401],[127.4215,39.3732],[127.3819,39.2968],[127.3963,39.2083],[127.4971,39.1788],[127.5799,39.144],[127.6987,39.1249],[127.7851,39.0833],[127.9723,38.8975],[128.1235,38.8159],[128.1631,38.7864],[128.2495,38.7448],[128.3287,38.6805],[128.3755,38.6232],[128.6203,38.1753],[128.8507,37.8872],[129.0523,37.6771],[129.3367,37.2744],[129.4195,37.0591],[129.4267,36.9254],[129.4735,36.7414],[129.4339,36.6372],[129.4447,36.4706],[129.4267,36.3855],[129.3943,36.323],[129.3907,36.2015],[129.4015,36.1373],[129.4051,36.0522],[129.4267,36.0192],[129.4591,36.0071],[129.5095,36.0383],[129.5743,36.0505],[129.5635,35.9481],[129.4843,35.6877],[129.4195,35.4984],[129.3295,35.3335],[129.2143,35.1825],[129.0775,35.1234],[128.9803,35.1009],[128.7967,35.0939],[128.6419,35.12],[128.5123,35.1009],[128.4583,35.0696],[128.4187,35.0158],[128.4475,34.9325],[128.4439,34.87],[128.3863,34.8752],[128.2747,34.9117],[128.1523,34.9151],[128.0947,34.9342],[128.0371,35.0228],[127.9759,35.0193],[127.8715,34.9655],[127.7131,34.9551],[127.6591,34.9255],[127.6411,34.8891],[127.6627,34.844],[127.7419,34.7832],[127.7167,34.7207],[127.6339,34.6894],[127.5655,34.7658],[127.5223,34.8405],[127.4755,34.844],[127.4035,34.8231],[127.3891,34.7433],[127.4251,34.6877],[127.4791,34.6252],[127.3999,34.5523],[127.3819,34.5002],[127.3243,34.4638],[127.1731,34.5454],[127.1947,34.6044],[127.2595,34.6617],[127.2703,34.7207],[127.2487,34.7554],[127.0291,34.6061],[126.8959,34.4395],[126.8275,34.4516],[126.7951,34.495],[126.7555,34.5124],[126.6115,34.403],[126.5827,34.3179],[126.5323,34.3145],[126.5071,34.3509],[126.5071,34.429],[126.4819,34.4933],[126.3343,34.5905],[126.2659,34.6738],[126.3019,34.7207],[126.4243,34.6947],[126.5251,34.6981],[126.5035,34.7381],[126.4711,34.7572],[126.5395,34.778],[126.5935,34.8249],[126.5467,34.837],[126.4783,34.811],[126.4207,34.8231],[126.3991,34.9325],[126.3271,35.0453],[126.2911,35.1547],[126.3595,35.2172],[126.3955,35.3144],[126.4603,35.455],[126.4927,35.5019],[126.5827,35.5349],[126.6151,35.5713],[126.5647,35.5904],[126.4855,35.6061],[126.4891,35.6477],[126.5431,35.6686],[126.6007,35.7137],[126.7159,35.7692],[126.7519,35.8717],[126.7195,35.8977],[126.6475,35.922],[126.6655,35.9741],[126.6943,36.014],[126.6835,36.0383],[126.5971,36.1043],[126.5395,36.1668],[126.5575,36.2362],[126.5431,36.3404],[126.5503,36.4289],[126.5467,36.4775],[126.5071,36.5852],[126.4891,36.6945],[126.4315,36.6772],[126.3883,36.6511],[126.2299,36.6893],[126.1795,36.6911],[126.1615,36.7727],[126.2155,36.8716],[126.3523,36.9584],[126.4279,36.9688],[126.4855,37.007],[126.5791,37.0192],[126.6871,36.9601],[126.7843,36.948],[126.8383,36.8456],[126.8707,36.8247],[126.8779,36.8629],[126.9571,36.9063],[126.9751,36.9393],[126.9607,36.9584],[126.8707,36.9758],[126.7879,37.1025],[126.7771,37.158],[126.7447,37.1928],[126.7915,37.2952],[126.6979,37.4115],[126.6511,37.448],[126.6583,37.5504],[126.6079,37.6181],[126.5791,37.6545],[126.5647,37.717],[126.5791,37.7448],[126.6223,37.7552],[126.6331,37.7813],[126.6223,37.79],[126.5719,37.7969],[126.3703,37.8785],[126.2047,37.8281],[126.1615,37.7639],[126.1183,37.7431],[126.0499,37.8698],[125.9419,37.8733],[125.7691,37.9861],[125.6935,37.9636],[125.6755,37.9184],[125.5819,37.8143],[125.4487,37.7309],[125.4055,37.7188],[125.3587,37.724],[125.3659,37.7483],[125.3119,37.8438],[125.1031,37.882],[125.0275,37.9219],[124.9878,37.9323],[125.1931,38.0382],[125.2471,38.0573],[125.2075,38.0816],[125.1643,38.0938],[124.995,38.0781],[124.9086,38.1128],[124.779,38.1007],[124.6926,38.1285],[124.8762,38.2326],[124.8834,38.2951],[124.8798,38.342],[124.9734,38.4809],[125.0671,38.5573],[125.3083,38.6649],[125.4163,38.6805],[125.4919,38.6753],[125.5531,38.6857],[125.4883,38.7274],[125.4235,38.7465],[125.2975,38.743],[125.1679,38.8055],[125.1571,38.8715],[125.4091,39.2881],[125.4127,39.3263],[125.3731,39.427],[125.3623,39.526],[125.1787,39.5832],[125.0995,39.5902],[124.869,39.7013],[124.7754,39.7586],[124.7394,39.7412],[124.7322,39.6527],[124.6998,39.6318],[124.6386,39.6145],[124.6062,39.7169],[124.5558,39.7898],[124.4046,39.8662],[124.347,39.9061],[124.3758,39.9964],[124.3614,40.0034],[124.3506,40.012],[124.2678,39.9235],[124.1058,39.8402],[123.7602,39.8228],[123.6522,39.8818],[123.6126,39.8402],[123.5802,39.7864],[123.4902,39.7673],[123.3498,39.7638],[123.2706,39.7273],[123.2274,39.6874],[123.033,39.6735],[122.961,39.6197],[122.8386,39.6006],[122.3346,39.3662],[122.2266,39.2673],[122.1222,39.1527],[122.0466,39.0937],[121.9818,39.0538],[121.9242,39.0364],[121.863,38.9965],[121.8054,38.9913],[121.7442,39.0104],[121.6758,39.0034],[121.6326,38.9548],[121.6686,38.8923],[121.6506,38.8645],[121.5174,38.8316],[121.3194,38.809],[121.2366,38.7673],[121.2078,38.743],[121.1646,38.7309],[121.1214,38.8125],[121.107,38.9201],[121.1898,38.9461],[121.2618,38.96],[121.6794,39.1093],[121.629,39.2204],[121.665,39.269],[121.7586,39.3471],[121.8198,39.3871],[121.7838,39.401],[121.5138,39.3749],[121.3554,39.3767],[121.2762,39.3853],[121.3014,39.453],[121.287,39.519],[121.269,39.545],[121.4058,39.6214],[121.4706,39.6405],[121.5174,39.6388],[121.5138,39.6857],[121.4742,39.7551],[121.5174,39.8454],[121.8018,39.9513],[121.8702,40.0468],[121.9818,40.1353],[122.1906,40.3575],[122.205,40.3957],[122.2626,40.4999],[122.2734,40.5415],[122.1798,40.6023],[122.1402,40.6873],[121.8594,40.8418],[121.8342,40.9738],[121.809,40.9686],[121.7658,40.8766],[121.7298,40.8453],[121.6002,40.8436],[121.5354,40.8783],[121.1754,40.9009],[121.0854,40.8418],[121.0026,40.7498],[120.9234,40.6839],[120.8406,40.6491],[120.7722,40.5884],[120.4806,40.2308],[120.369,40.203],[119.8506,39.9877],[119.5914,39.9027],[119.3898,39.7516],[119.3214,39.6614],[119.2602,39.5607],[119.2242,39.4079],[119.0406,39.2222],[118.9758,39.1822],[118.911,39.1666],[118.8282,39.1718],[118.7526,39.1597],[118.6266,39.177],[118.4718,39.118],[118.299,39.0676],[118.1478,39.1944],[118.0398,39.2274],[117.867,39.1909],[117.7842,39.1336],[117.615,38.8524],[117.5538,38.6909],[117.5574,38.625],[117.6546,38.4236],[117.7662,38.3125],[118.0146,38.184],[118.5438,38.0955],[118.6662,38.1267],[118.7994,38.1267],[118.9398,38.0434],[119.0262,37.9045],[119.037,37.809],[119.037,37.7761],[119.0694,37.7483],[119.0874,37.7014],[119.0334,37.6615],[118.9902,37.6407],[118.9542,37.4948],[118.9542,37.3316],[118.9974,37.2778],[119.1126,37.2014],[119.289,37.1389],[119.451,37.1251],[119.7606,37.1546],[119.8866,37.2535],[119.8794,37.2952],[119.883,37.3507],[120.1566,37.4948],[120.3114,37.6233],[120.2862,37.6563],[120.2574,37.6788],[120.2862,37.6927],[120.369,37.7014],[120.7506,37.8334],[121.0494,37.7257],[121.2186,37.6007],[121.3878,37.5782],[121.5066,37.5157],[121.6398,37.4601],[121.8162,37.4566],[121.9638,37.4445],[122.0106,37.4966],[122.0574,37.5295],[122.1078,37.5226],[122.169,37.4566],[122.3382,37.4046],[122.493,37.408],[122.601,37.4271],[122.6658,37.4028],[122.5722,37.3178],[122.5866,37.1806],[122.5146,37.1372],[122.4462,37.0678],[122.4858,37.0226],[122.5218,37.0018],[122.5182,36.9463],[122.457,36.915],[122.3418,36.8317],[122.2734,36.8334],[122.241,36.849],[122.2194,36.8803],[122.205,36.9272],[122.1618,36.9584],[122.0502,36.9706],[121.9314,36.9601],[121.6686,36.8369],[121.413,36.7379],[121.143,36.6598],[121.053,36.6112],[120.9882,36.5973],[120.8802,36.6355],[120.8118,36.632],[120.7974,36.6077],[120.8838,36.5383],[120.9054,36.4845],[120.8946,36.4445],[120.8478,36.4255],[120.7758,36.4567],[120.711,36.4133],[120.6822,36.3404],[120.6822,36.1685],[120.639,36.1303],[120.5202,36.1095],[120.3942,36.0539],[120.3474,36.08],[120.3294,36.1095],[120.3438,36.1894],[120.3294,36.2275],[120.2718,36.2258],[120.1818,36.2032],[120.117,36.1494],[120.0954,36.1182],[120.1818,36.0175],[120.2646,36.0071],[120.2862,35.9845],[120.2178,35.9342],[120.0558,35.8613],[120.027,35.7988],[119.9802,35.7397],[119.9118,35.6929],[119.865,35.6442],[119.811,35.6182],[119.721,35.5887],[119.6094,35.4706],[119.5266,35.3578],[119.4294,35.3023],[119.3538,35.113],[119.217,35.0123],[119.1666,34.8492],[119.2026,34.7485],[119.3502,34.7502],[119.4258,34.7138],[119.5842,34.5818],[119.7714,34.4968],[119.9622,34.4481],[120.1998,34.3249],[120.2682,34.2745],[120.3222,34.1686],[120.4266,33.8666],[120.4986,33.7173],[120.5058,33.6374],[120.6174,33.4899],[120.7362,33.2364],[120.8694,33.0159],[120.8982,32.8441],[120.8514,32.7642],[120.855,32.6618],[120.9882,32.5663],[121.2942,32.4569],[121.341,32.4257],[121.4022,32.3719],[121.4022,32.207],[121.449,32.1531],[121.4922,32.1219],[121.6758,32.0507],[121.7514,31.9934],[121.8342,31.8997],[121.8558,31.8164],[121.8666,31.7035],[121.7622,31.7001],[121.6794,31.7122],[121.3518,31.858],[121.2654,31.8632],[121.1466,31.8424],[120.9738,31.8702],[120.7902,32.0316],[120.6606,32.0802],[120.5202,32.1063],[120.1854,31.9657],[120.099,31.9761],[120.0738,31.9605],[120.0342,31.9361],[120.1926,31.9066],[120.3474,31.9518],[120.4986,32.0195],[120.7146,31.983],[120.7506,31.9223],[120.7866,31.8198],[120.9378,31.7504],[121.0566,31.7191],[121.2042,31.6289],[121.3518,31.4848],[121.6614,31.3199],[121.7874,31.1636],[121.8342,31.0612],[121.8774,30.9171],[121.7694,30.8702],[121.6758,30.8633],[121.5282,30.8407],[121.4202,30.7904],[121.3086,30.7001],[120.999,30.5578],[120.9378,30.4692],[120.8982,30.3928],[120.8226,30.3546],[120.6282,30.3911],[120.4482,30.3876],[120.2466,30.2835],[120.1962,30.2418],[120.2286,30.2488],[120.261,30.2626],[120.351,30.247],[120.495,30.3026],[120.6318,30.1324],[120.9054,30.1602],[121.161,30.3026],[121.2582,30.3043],[121.341,30.2817],[121.431,30.2262],[121.6794,29.9797],[121.8126,29.9519],[121.9458,29.8946],[122.0178,29.8877],[122.0826,29.8703],[121.9062,29.78],[121.6758,29.5839],[121.575,29.537],[121.5066,29.4849],[121.6902,29.5109],[121.8234,29.6047],[121.8882,29.6273],[121.9422,29.6064],[121.9674,29.4901],[121.917,29.1342],[121.8522,29.129],[121.791,29.2262],[121.719,29.2558],[121.6542,29.2367],[121.5354,29.2367],[121.4886,29.1933],[121.449,29.1308],[121.521,29.1186],[121.665,29.011],[121.6794,28.9537],[121.6398,28.9155],[121.539,28.9311],[121.6614,28.8513],[121.629,28.7679],[121.5894,28.735],[121.5174,28.7141],[121.4742,28.6412],[121.539,28.5214],[121.6038,28.3669],[121.611,28.2923],[121.5102,28.3235],[121.3554,28.2298],[121.2726,28.2228],[121.215,28.3461],[121.1466,28.327],[121.0998,28.2905],[121.035,28.1569],[120.9594,28.0371],[120.891,28.0041],[120.8118,28.0128],[120.747,28.0093],[120.765,27.9781],[120.8334,27.9381],[120.8334,27.8913],[120.6858,27.7454],[120.6606,27.6881],[120.6642,27.6395],[120.5886,27.5805],[120.6282,27.4816],[120.6066,27.4121],[120.5382,27.3184],[120.4698,27.2559],[120.3834,27.1552],[120.279,27.0979],[120.1386,26.8861],[120.099,26.7802],[120.0882,26.6708],[120.0414,26.6344],[119.9694,26.5858],[119.883,26.6101],[119.8794,26.683],[119.8434,26.6899],[119.8218,26.7368],[119.8146,26.7976],[119.8254,26.8462],[119.7894,26.8323],[119.7678,26.775],[119.7102,26.7281],[119.6526,26.7472],[119.5878,26.7854],[119.5914,26.7299],[119.6238,26.6761],[119.6382,26.6205],[119.7246,26.6101],[119.7858,26.5459],[119.8326,26.4504],[119.8398,26.4139],[119.8758,26.3705],[119.8794,26.3341],[119.7966,26.2993],[119.6922,26.2368],[119.5662,26.1275],[119.4618,26.0546],[119.3682,26.0546],[119.3142,26.0632],[119.2314,26.1049],[119.1378,26.1223],[119.2638,25.9747],[119.3322,25.9487],[119.4186,25.9539],[119.5014,26.0094],[119.6202,26.0042],[119.649,25.9192],[119.6166,25.8237],[119.5518,25.6987],[119.541,25.5911],[119.6202,25.4383],[119.6238,25.3914],[119.5914,25.3688],[119.4978,25.4088],[119.4222,25.4591],[119.343,25.447],[119.2638,25.4678],[119.181,25.4504],[119.145,25.414],[119.1702,25.355],[119.2422,25.3063],[119.2854,25.2317],[119.235,25.2057],[119.0262,25.223],[118.9758,25.2091],[118.9146,25.1275],[118.9542,25.0043],[118.9074,24.9296],[118.821,24.9105],[118.7058,24.8498],[118.6374,24.8359],[118.641,24.8099],[118.6914,24.7821],[118.7202,24.7456],[118.6554,24.6206],[118.5618,24.5807],[118.4106,24.6015],[118.2954,24.572],[118.1946,24.6258],[118.0866,24.6276],[118.0146,24.5599],[118.0074,24.4817],[117.9354,24.4748],[117.8958,24.48],[117.8418,24.4748],[117.849,24.4331],[117.8778,24.3967],[118.0254,24.3793],[118.0506,24.3272],[118.0578,24.2457],[117.903,24.1068],[117.8382,24.013],[117.741,24.0148],[117.669,23.9401],[117.6294,23.836],[117.579,23.8568],[117.4674,23.8412],[117.4314,23.7926],[117.4602,23.7717],[117.4638,23.737],[117.417,23.6207],[117.3666,23.5894],[117.345,23.6363],[117.3306,23.7092],[117.291,23.7144],[117.2262,23.6467],[117.147,23.5981],[117.0822,23.579],[117.0318,23.6242],[116.9094,23.6467],[116.8626,23.4523],[116.7582,23.3829],[116.7114,23.3603],[116.6286,23.3533],[116.6826,23.3273],[116.7006,23.277],[116.6682,23.2284],[116.5854,23.2179],[116.5386,23.1797],[116.5206,23.0061],[116.4702,22.9454],[116.3442,22.9419],[116.2506,22.9818],[116.2218,22.9489],[116.2074,22.9193],[116.157,22.8881],[116.0634,22.8794],[115.851,22.8013],[115.7574,22.8239],[115.6422,22.8534],[115.5594,22.8239],[115.5342,22.7648],[115.4982,22.7197],[115.383,22.7197],[115.2894,22.7753],[115.1958,22.8169],[115.0914,22.7822],[115.0122,22.7093],[114.9149,22.685],[114.8969,22.6398],[114.8537,22.6173],[114.7493,22.626],[114.7097,22.7388],[114.6521,22.7544],[114.5945,22.6989],[114.5729,22.6537],[114.5441,22.6208],[114.5549,22.5287],[114.4973,22.527],[114.4217,22.5826],[114.3389,22.593],[114.2669,22.5409],[114.2921,22.4992],[114.2849,22.4576],[114.3245,22.4367],[114.3353,22.3968],[114.2921,22.3742],[114.2885,22.3256],[114.2669,22.2961],[114.1373,22.3482],[114.0329,22.376],[113.9357,22.3656],[113.9033,22.3968],[113.8961,22.4281],[114.0077,22.4836],[114.0149,22.5114],[113.9321,22.5305],[113.8277,22.6069],[113.7557,22.7336],[113.6621,22.8013],[113.6189,22.8621],[113.6045,22.9697],[113.5865,23.02],[113.5937,23.0773],[113.6189,23.1277],[113.5181,23.1016],[113.4461,23.0548],[113.4605,22.9957],[113.4425,22.9402],[113.3309,22.9124],[113.3381,22.8881],[113.3453,22.8638],[113.4317,22.7891],[113.4497,22.7266],[113.4857,22.6919],[113.5541,22.5947],[113.5505,22.4038],[113.5901,22.3499],[113.5757,22.2979],[113.5469,22.2232],[113.5001,22.2024],[113.4173,22.1781],[113.3669,22.1642],[113.3273,22.1451],[113.2661,22.0895],[113.1473,22.0756],[113.0897,22.2076],[113.0069,22.119],[112.9853,21.9385],[112.9529,21.9073],[112.9025,21.8812],[112.8089,21.9454],[112.7261,21.902],[112.6613,21.8586],[112.6325,21.8205],[112.5857,21.7771],[112.4957,21.8187],[112.4201,21.8812],[112.4381,21.9281],[112.4309,21.9576],[112.3949,21.9819],[112.3589,21.9784],[112.3769,21.9177],[112.3913,21.8014],[112.3553,21.7684],[112.3049,21.7423],[112.1933,21.7632],[112.1177,21.8066],[112.0241,21.843],[111.9449,21.85],[111.9269,21.7771],[111.8729,21.7163],[111.8261,21.7094],[111.7757,21.7198],[111.7109,21.6555],[111.6821,21.6087],[111.6029,21.5583],[111.3941,21.5357],[111.3185,21.4854],[111.2213,21.4941],[111.1457,21.4819],[111.0989,21.4854],[111.0629,21.5114],[111.0161,21.5114],[110.9981,21.4299],[110.8793,21.3951],[110.7713,21.3865],[110.6525,21.2788],[110.5661,21.2146],[110.5049,21.2076],[110.4581,21.2302],[110.4329,21.3274],[110.4113,21.3378],[110.3969,21.2476],[110.3753,21.1729],[110.3321,21.1313],[110.1953,21.0375],[110.1557,20.9438],[110.1809,20.8587],[110.3645,20.8379],[110.3897,20.791],[110.3717,20.7528],[110.3249,20.7198],[110.3141,20.6712],[110.5121,20.5185],[110.5193,20.4594],[110.4869,20.4264],[110.4509,20.3553],[110.3465,20.2945],[110.1233,20.2633],[109.9397,20.2945],[109.8821,20.3639],[109.8857,20.4126],[109.9325,20.3987],[109.9829,20.4039],[109.9685,20.449],[109.9469,20.4751],[109.8605,20.515],[109.7921,20.6226],[109.8065,20.7111],[109.7669,20.7806],[109.7273,20.8396],[109.6841,20.8743],[109.6625,20.9177],[109.7057,21.0531],[109.6805,21.1313],[109.7597,21.2285],[109.7813,21.3378],[109.9217,21.376],[109.9325,21.4802],[109.8281,21.4837],[109.7597,21.5601],[109.7417,21.5288],[109.6877,21.5253],[109.5941,21.6712],[109.5653,21.6903],[109.5221,21.6937],[109.5437,21.5375],[109.4357,21.4802],[109.3457,21.4542],[109.2197,21.4437],[109.1477,21.4264],[109.0829,21.4403],[109.0973,21.4871],[109.1333,21.5444],[109.1009,21.5913],[109.0289,21.626],[108.9209,21.6243],[108.8453,21.6347],[108.7733,21.6312],[108.7445,21.6521],[108.6761,21.725],[108.6149,21.7701],[108.5897,21.8152],[108.6149,21.8691],[108.5933,21.9003],[108.4781,21.9038],[108.4817,21.8291],[108.4925,21.7389],[108.5249,21.6712],[108.5033,21.633],[108.4457,21.6069],[108.3845,21.6798],[108.3557,21.6972],[108.3233,21.6937],[108.3017,21.6226],[108.2477,21.5583],[108.1469,21.5653],[108.0677,21.5253],[107.9741,21.508],[107.9273,21.4993],[107.8085,21.4976],[107.7077,21.4055],[107.6357,21.3674],[107.5277,21.3361],[107.4089,21.284],[107.3765,21.1938],[107.3729,21.1278],[107.3549,21.0549],[107.1641,20.949],[107.1101,20.9594],[107.0741,20.9993],[107.0201,20.9906],[106.9805,20.9715],[106.9373,20.9733],[106.8869,20.9507],[106.8221,20.9577],[106.7609,20.9906],[106.7249,20.9993],[106.6817,21.0011],[106.6745,20.9611],[106.7357,20.8066],[106.7537,20.7355],[106.5521,20.5271],[106.5737,20.3917],[106.5197,20.2893],[106.3973,20.206],[106.1669,19.9924],[106.0625,19.9872],[105.9833,19.9386],[105.8141,19.588],[105.8105,19.4664],[105.7853,19.3796],[105.7925,19.2946],[105.7169,19.1279],[105.6377,19.0567],[105.6233,18.9665],[105.7313,18.779],[105.7457,18.746],[105.8069,18.6453],[105.8393,18.5741],[105.8897,18.503],[106.0661,18.3172],[106.1453,18.2599],[106.2389,18.22],[106.4117,18.0533],[106.4981,17.9457],[106.4585,17.8745],[106.4801,17.72],[106.3541,17.7652],[106.3721,17.7461],[106.5161,17.6627],[106.7357,17.3676],[106.9265,17.2218],[107.1209,17.0551],[107.1821,16.8971],[107.3549,16.793],[107.5493,16.642],[107.5421,16.609],[107.5925,16.5673],[107.7257,16.4875],[107.8049,16.4024],[107.8337,16.3225],[107.8805,16.3104],[107.9381,16.3295],[107.9921,16.3364],[108.0281,16.3312],[108.0893,16.2427],[108.1685,16.1628],[108.2081,16.0916],[108.2405,16.1003],[108.2657,16.0899],[108.2729,16.0291],[108.2873,15.9892],[108.3953,15.8729],[108.4457,15.7635],[108.5789,15.5847],[108.6725,15.484],[108.7445,15.4268],[108.8201,15.3781],[108.8993,15.1802],[108.9389,15.0014],[109.0217,14.8035],[109.0865,14.7167],[109.0865,14.5518],[109.1369,14.3834],[109.1909,14.2706],[109.2089,14.1543],[109.2233,14.097],[109.2449,14.0536],[109.3025,13.8557],[109.2881,13.7654],[109.2485,13.8539],[109.2521,13.5901],[109.2881,13.4512],[109.2701,13.2793],[109.3097,13.2186],[109.3781,13.0259],[109.4249,12.9564],[109.4213,12.7186],[109.4465,12.5988],[109.3817,12.67],[109.3349,12.7516],[109.2737,12.7082],[109.2197,12.6457],[109.3061,12.3905],[109.2053,12.4148],[109.2161,12.0728],[109.2557,11.9929],[109.2593,11.9547],[109.2485,11.9079],[109.2197,11.9582],[109.2161,12.0103],[109.1981,11.9999],[109.2017,11.9721],[109.1657,11.9113],[109.1585,11.8367],[109.1909,11.7742],[109.1981,11.7256],[109.1729,11.6648],[109.1333,11.6006],[109.0397,11.5919],[109.0181,11.4687],[108.9857,11.3367],[108.8201,11.3159],[108.7013,11.1996],[108.5501,11.1562],[108.4169,11.0399],[108.2729,10.934],[108.1757,10.9201],[108.0965,10.8975],[108.0029,10.7204],[107.8445,10.6996],[107.5637,10.5555],[107.4701,10.4861],[107.3837,10.4583],[107.2613,10.3976],[107.2361,10.4201],[107.1929,10.4722],[107.0885,10.4982],[107.0345,10.5555],[107.0201,10.6302],[107.0057,10.6597],[106.9841,10.618],[106.9661,10.441],[106.9481,10.401],[106.9013,10.3837],[106.8113,10.434],[106.7285,10.5364],[106.6061,10.4653],[106.6421,10.4566],[106.6997,10.4618],[106.7429,10.4444],[106.7789,10.3767],[106.7753,10.3385],[106.7573,10.2951],[106.6421,10.2882],[106.4909,10.3038],[106.4657,10.2986],[106.6025,10.2309],[106.7285,10.1927],[106.7861,10.151],[106.7861,10.1163],[106.7141,10.0608],[106.6601,9.9913],[106.6565,9.9479],[106.6565,9.9011],[106.5953,9.8594],[106.5557,9.8681],[106.4477,9.9392],[106.1381,10.2222],[106.1849,10.1424],[106.5089,9.8212],[106.5629,9.7153],[106.5737,9.6407],[106.5377,9.6042],[106.4837,9.5591],[106.3793,9.5556],[106.2029,9.6754],[105.9257,9.9618],[105.8321,10],[106.1129,9.6736],[106.1597,9.5938],[106.2065,9.5018],[106.1921,9.448],[106.1669,9.3959],[105.5009,9.0938],[105.4001,8.9619],[105.3209,8.8004],[105.1913,8.7119],[105.1157,8.6286],[104.8924,8.5834],[104.77,8.5973],[104.896,8.7466],[104.8168,8.8022],[104.8132,9.1858],[104.8456,9.6059],[104.9032,9.816],[104.986,9.8681],[105.0941,9.9011],[105.0941,9.9445],[105.0833,9.9965],[105.0293,10.0677],[104.9644,10.1007],[104.8744,10.1146],[104.8024,10.2031],[104.7484,10.1996],[104.662,10.1701],[104.6116,10.2083],[104.5936,10.2674],[104.5144,10.3403],[104.428,10.4114],[104.2624,10.5416],[103.9384,10.5868],[103.9024,10.6441],[103.87,10.6545],[103.8412,10.5798],[103.6612,10.5087],[103.5856,10.5521],[103.5316,10.6041],[103.5388,10.6684],[103.5928,10.7204],[103.6792,10.7586],[103.7224,10.8906],[103.654,11.059],[103.5964,11.1076],[103.5316,11.1475],[103.4668,11.0833],[103.4128,10.9774],[103.3552,10.9218],[103.2724,10.9097],[103.1536,10.9131],[103.1068,11.0746],[103.0924,11.2117],[103.1068,11.368],[103.1248,11.46],[103.0096,11.5885],[103.0024,11.71],[102.9484,11.7742],[102.934,11.7412],[102.934,11.7065],[102.9124,11.703],[102.8836,11.7725],[102.79,11.8888],[102.7612,12.012],[102.6532,12.1492],[102.5956,12.203],[102.574,12.1579],[102.5416,12.1093],[102.4336,12.1787],[102.3436,12.2533],[102.2608,12.394],[102.25,12.361],[102.2284,12.3315],[102.1348,12.4426],[102.034,12.5311],[101.944,12.5641],[101.89,12.5936],[101.836,12.6405],[101.7244,12.6891],[101.4436,12.6196],[101.0908,12.6735],[100.954,12.6214],[100.8964,12.6544],[100.864,12.7151],[100.8964,12.8175],[100.9036,13.0345],[100.9468,13.1873],[100.9252,13.3036],[100.9468,13.3574],[100.9612,13.4321],[100.9072,13.4616],[100.6552,13.5206],[100.6012,13.5675],[100.5364,13.5137],[100.234,13.4842],[100.1224,13.439],[100.018,13.354],[99.9892,13.2429],[100.0504,13.1717],[100.09,13.045],[99.982,12.7707],[99.964,12.6908],[100.0072,12.354],[99.9892,12.17],[99.9316,12.0468],[99.838,11.9374],[99.7984,11.7482],[99.7264,11.6614],[99.6256,11.4635],[99.5608,11.2152],[99.514,11.1006],[99.4852,10.8888],[99.2836,10.5694],[99.2368,10.3889],[99.1648,10.3194],[99.19,10.2656],[99.1936,10.1753],[99.1684,9.934],[99.1612,9.7344],[99.19,9.6268],[99.2872,9.415],[99.2656,9.3525],[99.2548,9.2657],[99.334,9.2257],[99.3952,9.2136],[99.7228,9.3143],[99.8344,9.2882],[99.8776,9.1945],[99.9064,9.1129],[99.9604,8.672],[99.9892,8.5886],[100.0576,8.5105],[100.1296,8.4289],[100.1548,8.4428],[100.1584,8.4741],[100.162,8.5088],[100.2304,8.4255],[100.2808,8.2692],[100.4536,7.4429],[100.504,7.337],[100.5436,7.2276],[100.4392,7.2814],[100.4104,7.4637],[100.3816,7.5418],[100.342,7.5522],[100.2844,7.5522],[100.2808,7.5835],[100.324,7.6443],[100.3168,7.7154],[100.2556,7.7745],[100.1584,7.7276],[100.162,7.5991],[100.2052,7.5002],[100.3708,7.2797],[100.4248,7.1877],[100.4896,7.1616],[100.5868,7.1755],[100.702,7.0818],[100.792,6.995],[101.0188,6.8613],[101.1556,6.8752],[101.3032,6.9082],[101.4004,6.8995],[101.4976,6.8648],[101.6128,6.7537],[101.8,6.4742],[102.1024,6.2416],[102.2752,6.2034],[102.34,6.1721],[102.5344,5.8631],[102.79,5.6444],[102.898,5.5645],[102.9808,5.5246],[103.096,5.4083],[103.1968,5.2625],[103.4164,4.851],[103.4524,4.6687],[103.4704,4.3927],[103.42,3.9761],[103.3624,3.7695],[103.3732,3.6705],[103.4524,3.5212],[103.4308,3.3789],[103.4452,3.2608],[103.438,2.9327],[103.4848,2.8373],[103.5388,2.7748],[103.8124,2.5803],[103.834,2.5092],[103.9672,2.2609],[104.2192,1.7227],[104.2876,1.4814],[104.2804,1.4155],[104.2516,1.3894],[104.176,1.3651],[104.1148,1.412],[104.0932,1.4467],[104.1004,1.4884],[104.0752,1.53],[104.0176,1.5787],[103.9816,1.6238],[103.9924,1.5509],[103.9924,1.4554],[103.9168,1.4467],[103.816,1.4762],[103.6936,1.4502],[103.5496,1.3321],[103.4812,1.3287],[103.4272,1.4294],[103.3984,1.4971],[103.3552,1.5457],[102.898,1.7922],[102.7288,1.8564],[102.5488,2.0422],[102.1456,2.2488],[101.89,2.4501],[101.782,2.5734],[101.5192,2.6845],[101.4076,2.813],[101.35,2.839],[101.296,2.8859],[101.3536,3.0109],[101.3284,3.1428],[101.2996,3.2539],[101.116,3.4726],[101.026,3.6254],[100.8496,3.7764],[100.7812,3.865],[100.7164,3.9657],[100.756,4.0021],[100.7956,4.0229],[100.7596,4.0976],[100.6624,4.2261],[100.6156,4.3736],[100.6156,4.6514],[100.4752,5.0437],[100.3528,5.5871],[100.3744,5.778],[100.342,5.9846],[100.2628,6.1825],[100.1584,6.3249],[100.1188,6.4412],[99.8704,6.7502],[99.6976,6.8769],[99.7192,7.1061],[99.6688,7.1512],[99.604,7.1547],[99.5536,7.2189],[99.5968,7.3561],[99.5284,7.33],[99.4348,7.3352],[99.3592,7.3717],[99.3016,7.5609],[99.262,7.6182],[99.1828,7.7189],[99.0784,7.7189],[99.0424,7.7658],[99.0496,7.8873],[98.974,7.9619],[98.8732,8.0244],[98.7904,8.0592],[98.704,8.2571],[98.6356,8.3057],[98.578,8.3439],[98.4988,8.3178],[98.4736,8.2466],[98.4196,8.1789],[98.362,8.1876],[98.3044,8.2258],[98.2396,8.4237],[98.2252,8.5435],[98.2432,8.7674],[98.326,8.9688],[98.3728,9.29],[98.4448,9.4931],[98.4916,9.5608],[98.5636,9.8368],[98.704,10.191],[98.6572,10.1788],[98.5636,10.0347],[98.5204,10.1076],[98.4952,10.1823],[98.524,10.3524],[98.4664,10.6753],[98.5024,10.7187],[98.5348,10.7413],[98.5996,10.8645],[98.6752,10.9861],[98.6824,11.1336],[98.7436,11.2395],[98.7292,11.3298],[98.7328,11.4357],[98.7472,11.5207],[98.74,11.5919],[98.7904,11.6648],[98.8768,11.7204],[98.8408,11.7395],[98.8048,11.7794],[98.6932,11.7187],[98.6356,11.7377],[98.6248,11.802],[98.6392,11.8697],[98.6464,11.9096],[98.6896,11.9565],[98.686,12.0468],[98.6644,12.1266],[98.6968,12.2256],[98.632,12.2256],[98.5996,12.2447],[98.6176,12.3002],[98.6788,12.3488],[98.6248,12.4408],[98.6644,12.5398],[98.6644,12.663],[98.6356,12.7707],[98.6356,12.8488],[98.596,12.9859],[98.5744,13.1613],[98.488,13.2932],[98.4196,13.4842],[98.2468,13.7342],[98.2468,13.84],[98.2396,13.9338],[98.2,13.9807],[98.1496,13.6474],[98.11,13.7133],[98.0992,13.8991],[98.074,13.9859],[98.0992,14.1612],[97.9984,14.3348],[97.9768,14.4615],[97.9084,14.6525],[97.93,14.6959],[98.02,14.6525],[97.9372,14.7636],[97.8688,14.7393],[97.8112,14.8591],[97.8004,15.1854],[97.7428,15.307],[97.7752,15.4302],[97.7104,15.8764],[97.5844,16.0187],[97.6096,16.1437],[97.642,16.2531],[97.6348,16.4579],[97.6636,16.5204],[97.7248,16.569],[97.6672,16.5517],[97.6204,16.5378],[97.5052,16.5256],[97.3756,16.5222],[97.3324,16.6715],[97.2676,16.7426],[97.21,16.8919],[97.1776,17.0621],[97.1992,17.0951],[97.102,17.1645],[97.0732,17.2062],[96.9688,17.3173],[96.85,17.4006],[96.8788,17.3416],[96.9112,17.3051],[96.85,17.2027],[96.9076,17.0308],[96.8572,16.9215],[96.8104,16.7791],[96.7672,16.7097],[96.6232,16.5638],[96.508,16.5135],[96.4324,16.5048],[96.364,16.5204],[96.2812,16.5968],[96.2632,16.6593],[96.2488,16.7652],[96.22,16.7808],[96.1876,16.7687],[96.238,16.6315],[96.238,16.5673],[96.3244,16.4441],[96.292,16.4093],[96.1336,16.3434],[96.0796,16.3538],[96.0436,16.3399],[96.0328,16.2843],[96.0112,16.2531],[95.7628,16.1698],[95.7124,16.0725],[95.68,15.9771],[95.554,15.8382],[95.3884,15.7236],[95.3488,15.7288],[95.302,15.7566],[95.3092,15.8799],[95.3632,15.9857],[95.3452,16.0969],[95.3344,16.0326],[95.2264,15.8764],[95.176,15.826],[95.0788,15.8399],[94.9419,15.8191],[94.8915,15.9788],[94.8915,16.0378],[94.8807,16.0882],[94.8987,16.1403],[94.8915,16.1837],[94.8591,16.1021],[94.8483,16.0326],[94.7979,15.9719],[94.6611,15.9042],[94.6575,15.9892],[94.6503,16.0656],[94.6791,16.1333],[94.6755,16.2427],[94.7187,16.3989],[94.7151,16.4527],[94.7043,16.5118],[94.6791,16.425],[94.6647,16.3364],[94.6359,16.3086],[94.5891,16.2895],[94.4955,16.1854],[94.4415,16.0951],[94.2975,16.0083],[94.2255,16.017],[94.2147,16.1264],[94.2723,16.517],[94.3263,16.5725],[94.3551,16.6402],[94.3983,16.8676],[94.4523,16.9544],[94.4739,17.135],[94.4955,17.1662],[94.5639,17.3086],[94.5891,17.569],[94.5603,17.6992],[94.4955,17.8242],[94.4307,18.2009],[94.2651,18.5064],[94.2507,18.6088],[94.1715,18.7321],[94.2471,18.7408],[94.0923,18.8484],[94.0707,18.8936],[94.0383,19.147],[94.0455,19.2876],[94.0239,19.2685],[94.0023,19.1817],[93.9411,19.1453],[93.9663,18.9942],[93.9627,18.9578],[93.9303,18.9005],[93.8007,18.9613],[93.7071,19.0272],[93.5991,19.1887],[93.4947,19.3692],[93.5307,19.397],[93.5775,19.4005],[93.7287,19.2668],[93.8259,19.239],[93.8871,19.272],[93.9627,19.3293],[93.9987,19.4404],[93.9591,19.4821],[93.8871,19.5046],[93.8403,19.5341],[93.7683,19.6088],[93.7611,19.6487],[93.7395,19.6973],[93.6675,19.732],[93.6099,19.7754],[93.6603,19.8536],[93.7071,19.9126],[93.5811,19.9091],[93.4407,20.0098],[93.4083,20.0376],[93.3615,20.0584],[93.2499,20.0706],[93.1563,20.0411],[93.1995,19.8987],[93.1923,19.8518],[93.1311,19.8588],[93.0015,20.074],[93.0411,20.1296],[93.0951,20.1817],[93.0699,20.1886],[93.0159,20.1851],[93.0663,20.3778],[93.0339,20.4056],[93.0195,20.3466],[92.9907,20.2876],[92.8827,20.1522],[92.8287,20.1782],[92.7927,20.2112],[92.8431,20.2824],[92.8719,20.3015],[92.8899,20.3396],[92.8503,20.4143],[92.7855,20.4698],[92.7351,20.5619],[92.7099,20.5636],[92.7315,20.4542],[92.7243,20.2962],[92.6091,20.4698],[92.3787,20.7181],[92.3247,20.791],[92.3067,20.791],[92.2491,20.883],[92.1951,20.9837],[92.0547,21.1747],[92.0115,21.5167],[92.0079,21.685],[91.9143,21.883],[91.8495,22.1572],[91.8243,22.2284],[91.8567,22.317],[91.8639,22.3499],[91.8459,22.343],[91.7955,22.2979],[91.7343,22.4072],[91.6947,22.5044],[91.5291,22.7076],[91.4823,22.7978],[91.4787,22.8846],[91.4103,22.7978],[91.3131,22.7353],[91.2159,22.6416],[91.1511,22.6138],[90.9459,22.5964],[90.8271,22.7214],[90.6579,23.0252],[90.6327,23.0947],[90.6543,23.2735],[90.6147,23.4419],[90.6147,23.5322],[90.6039,23.5912],[90.5751,23.5773],[90.5607,23.5374],[90.5679,23.4749],[90.5571,23.421],[90.4095,23.4315],[90.2691,23.4558],[90.3915,23.3672],[90.5211,23.3464],[90.5895,23.2665],[90.6003,23.204],[90.5967,23.1346],[90.5283,23.0843],[90.4671,23.0548],[90.4779,22.987],[90.5535,22.9055],[90.4599,22.8812],[90.4383,22.8273],[90.4347,22.7527],[90.4815,22.685],[90.4995,22.6346],[90.4887,22.5895],[90.5319,22.5392],[90.5967,22.435],[90.6147,22.3621],[90.5895,22.2579],[90.5535,22.218],[90.4959,22.1781],[90.3555,22.0479],[90.2871,21.8986],[90.2295,21.8291],[90.1575,21.817],[90.1323,21.8482],[90.0711,21.8864],[90.0711,21.9593],[90.0891,22.0166],[90.2079,22.1572],[90.1431,22.1381],[90.0675,22.0982],[89.9559,22.0236],[89.9163,22.1156],[89.8947,22.2024],[89.8947,22.3083],[89.9847,22.4662],[89.8803,22.3881],[89.8515,22.2892],[89.8659,22.1729],[89.8515,22.0913],[89.8119,21.9836],[89.7579,21.9194],[89.6679,21.8777],[89.6283,21.8135],[89.5671,21.7666],[89.5671,21.8604],[89.5491,21.9836],[89.4843,22.2753],[89.4699,22.2128],[89.5023,22.0322],[89.5023,21.9142],[89.4519,21.8205],[89.3547,21.7215],[89.2791,21.7076],[89.2359,21.7215],[89.1675,21.784],[89.0955,21.8725],[89.0811,22.0149],[89.0523,22.093],[89.0271,21.9368],[88.9479,21.9385],[89.0199,21.8343],[89.0415,21.758],[89.0523,21.6538],[88.9659,21.6416],[88.9083,21.6538],[88.8579,21.7441],[88.8327,21.6607],[88.7463,21.5844],[88.7139,21.6226],[88.6959,21.6625],[88.6923,21.7337],[88.7391,22.0062],[88.7319,22.0357],[88.7067,22.0566],[88.6599,22.067],[88.6419,22.1225],[88.5663,21.8326],[88.5987,21.7146],[88.5843,21.659],[88.4475,21.6139],[88.3071,21.7232],[88.2891,21.758],[88.2783,21.6972],[88.2531,21.6226],[88.1235,21.6364],[88.0551,21.6937],[88.0983,21.7944],[88.1811,22.0322],[88.1955,22.1399],[88.0875,22.218],[87.9939,22.2649],[87.9399,22.3742],[87.9615,22.2545],[88.0119,22.2128],[88.0839,22.1833],[88.1595,22.1225],[88.1055,22.0479],[88.0515,22.001],[87.9471,21.8257],[87.8247,21.7267],[87.6771,21.6538],[87.2019,21.5444],[87.1011,21.501],[86.9535,21.3656],[86.8599,21.2372],[86.8419,21.107],[86.8959,20.9663],[86.9391,20.7459],[86.9751,20.7007],[86.9247,20.6191],[86.8347,20.5341],[86.7627,20.4195],[86.7699,20.3553],[86.7519,20.3136],[86.4999,20.1713],[86.4459,20.0897],[86.3775,20.0063],[86.2947,20.0532],[86.2443,20.0532],[86.3127,19.9872],[86.3019,19.9438],[86.2803,19.9195],[86.2155,19.8952],[85.8519,19.7911],[85.5747,19.6921],[85.4955,19.6973],[85.5099,19.7268],[85.5603,19.7529],[85.5567,19.8675],[85.5027,19.8883],[85.4595,19.8952],[85.2471,19.7581],[85.1643,19.6209],[85.1823,19.5949],[85.2291,19.6018],[85.3695,19.6782],[85.4379,19.6574],[85.4415,19.6261],[85.2255,19.5081],[84.7718,19.1262],[84.7502,19.0498],[84.689,18.9647],[84.6098,18.8849],[84.4622,18.6904],[84.1814,18.4005],[84.1058,18.2929],[83.6558,18.0707],[83.573,18.003],[83.3894,17.786],[83.1986,17.6089],[82.9754,17.4613],[82.5938,17.2739],[82.3598,17.0968],[82.2878,16.9787],[82.2806,16.9353],[82.3058,16.8781],[82.349,16.826],[82.3598,16.7826],[82.3382,16.7062],[82.3274,16.6645],[82.259,16.5604],[82.1402,16.4857],[81.7622,16.3295],[81.7118,16.3347],[81.4022,16.3659],[81.287,16.3364],[81.2402,16.2635],[81.1322,15.9614],[81.0314,15.8816],[80.9918,15.8087],[80.9774,15.7583],[80.9162,15.7601],[80.8658,15.7826],[80.8262,15.7653],[80.783,15.8677],[80.7074,15.8885],[80.6462,15.8955],[80.3834,15.7931],[80.2934,15.7115],[80.1026,15.3243],[80.0522,15.0743],[80.099,14.7983],[80.1638,14.5778],[80.1782,14.4789],[80.171,14.3487],[80.135,14.2862],[80.1134,14.2116],[80.1422,14.0588],[80.225,13.8574],[80.243,13.7741],[80.2466,13.6855],[80.3078,13.4859],[80.2646,13.5206],[80.2322,13.6057],[80.1566,13.7133],[80.063,13.6057],[80.1134,13.5293],[80.2898,13.4373],[80.3438,13.3609],[80.2286,12.6908],[80.1422,12.4512],[80.0378,12.295],[79.9802,12.236],[79.8578,11.9895],[79.7714,11.6909],[79.7534,11.5746],[79.793,11.4461],[79.7498,11.3714],[79.6922,11.3124],[79.8002,11.3385],[79.8362,11.269],[79.847,11.1961],[79.8506,10.7691],[79.8398,10.3229],[79.757,10.3038],[79.667,10.3003],[79.5878,10.3125],[79.5302,10.3298],[79.3898,10.3055],[79.3142,10.2569],[79.253,10.1753],[79.2566,10.0347],[78.9974,9.6823],[78.9398,9.566],[78.9182,9.4532],[78.9542,9.3941],[79.019,9.3334],[79.1054,9.3091],[79.2746,9.2848],[79.3574,9.2518],[79.4114,9.1928],[79.2134,9.2553],[78.9794,9.2691],[78.4214,9.1042],[78.2738,8.9897],[78.191,8.8907],[78.137,8.6633],[78.1262,8.5105],[78.0614,8.3838],[77.7698,8.1894],[77.5862,8.1303],[77.5178,8.0783],[77.3018,8.146],[77.0642,8.3161],[76.967,8.4081],[76.6178,8.8473],[76.553,8.9029],[76.4846,9.0903],[76.4702,9.1615],[76.4522,9.1893],[76.4198,9.2084],[76.4018,9.2362],[76.3262,9.4514],[76.2938,9.6771],[76.2434,9.9271],[76.283,9.9097],[76.3442,9.8281],[76.373,9.7066],[76.3766,9.54],[76.4198,9.5209],[76.4594,9.5365],[76.3478,9.9219],[76.247,10.0174],[76.2218,10.0243],[76.1966,10.0868],[76.193,10.1632],[76.2002,10.2014],[76.1246,10.3264],[76.0958,10.4028],[75.923,10.7847],[75.8438,11.0572],[75.725,11.361],[75.6458,11.4687],[75.5234,11.703],[75.4226,11.8124],[75.3146,11.9582],[75.2282,12.0242],[75.1958,12.0572],[74.9437,12.5641],[74.8681,12.8453],[74.8033,12.9773],[74.7709,13.0779],[74.6809,13.5067],[74.6809,13.5831],[74.6701,13.6682],[74.6089,13.8505],[74.4973,14.0466],[74.4649,14.1682],[74.4685,14.2168],[74.3965,14.4077],[74.3821,14.4945],[74.3353,14.5761],[74.2813,14.649],[74.2237,14.708],[74.0905,14.9025],[74.0401,14.9494],[73.9501,15.0743],[73.8853,15.307],[73.8025,15.3972],[73.9321,15.3972],[73.8529,15.4823],[73.8133,15.5379],[73.7701,15.5726],[73.8313,15.6594],[73.7341,15.6576],[73.6801,15.7097],[73.6081,15.8712],[73.4749,16.0535],[73.4533,16.1524],[73.3381,16.4597],[73.2409,17.1992],[73.1473,17.5273],[73.1545,17.6211],[73.0465,17.9075],[72.9925,18.0985],[72.9709,18.2599],[72.9421,18.3658],[72.9169,18.5759],[72.8737,18.6436],[72.8701,18.6835],[72.8989,18.779],[72.9781,18.9265],[73.0069,19.0203],[72.9709,19.154],[72.8989,19.0151],[72.8341,18.9751],[72.8017,19.0793],[72.8017,19.2182],[72.7945,19.2529],[72.8125,19.2998],[72.9889,19.2772],[72.7873,19.3623],[72.7657,19.4126],[72.7549,19.4508],[72.7981,19.5202],[72.7261,19.5775],[72.6973,19.7563],[72.6757,19.798],[72.6685,19.831],[72.7081,20.0775],[72.8809,20.5636],[72.8953,20.673],[72.8773,20.8292],[72.8413,20.9525],[72.8233,21.0844],[72.8125,21.1174],[72.7513,21.1295],[72.6937,21.1781],[72.6253,21.3726],[72.6865,21.4351],[72.7333,21.4715],[72.6685,21.4559],[72.6145,21.4611],[72.7189,21.5514],[72.8089,21.6191],[73.0213,21.6989],[73.1113,21.751],[72.9781,21.7041],[72.8413,21.6868],[72.5425,21.6972],[72.5929,21.8777],[72.6433,21.9385],[72.7009,21.9715],[72.6181,21.9611],[72.5209,21.9767],[72.5533,22.1607],[72.6289,22.1989],[72.7081,22.2076],[72.8089,22.2336],[72.7009,22.2631],[72.5893,22.2788],[72.4561,22.2475],[72.3337,22.2701],[72.1825,22.2701],[72.2437,22.2458],[72.3049,22.1885],[72.2761,22.0895],[72.2437,22.027],[72.1609,21.9854],[72.0961,21.9194],[72.0745,21.8639],[72.0385,21.8222],[72.1033,21.7944],[72.1717,21.7736],[72.2113,21.7284],[72.2581,21.6607],[72.2545,21.5305],[72.0781,21.2233],[72.0169,21.1556],[71.5705,20.9698],[71.3977,20.8691],[71.0233,20.7389],[70.8793,20.7146],[70.7209,20.7407],[70.4833,20.8396],[70.1269,21.0948],[70.0333,21.1781],[69.7489,21.5062],[69.5437,21.6781],[69.3853,21.8396],[69.1909,21.9923],[69.0073,22.1972],[68.9713,22.2909],[68.9821,22.3847],[69.0505,22.4367],[69.1297,22.4159],[69.1945,22.336],[69.2377,22.2996],[69.2773,22.2857],[69.5509,22.409],[69.6553,22.4038],[69.7273,22.4645],[69.8173,22.4524],[70.0045,22.5478],[70.0837,22.553],[70.1773,22.5721],[70.3285,22.8152],[70.4401,22.9697],[70.5121,23.0027],[70.5085,23.0409],[70.4905,23.0895],[70.4329,23.0773],[70.3969,23.0304],[70.3681,22.9732],[70.3393,22.9402],[70.2529,22.9714],[70.1917,22.9662],[70.1197,22.9471],[69.8497,22.8568],[69.7381,22.7753],[69.6661,22.7596],[69.2377,22.8482],[68.8165,23.053],[68.6401,23.1902],[68.5285,23.3638],[68.4169,23.5721],[68.4529,23.6294],[68.6257,23.7544],[68.7769,23.8516],[68.6437,23.8082],[68.4961,23.7474],[68.4241,23.7058],[68.3449,23.6172],[68.2333,23.5964],[68.1937,23.7283],[68.1649,23.8568],[68.1505,23.7978],[68.1145,23.7526],[68.0677,23.8186],[68.0353,23.8481],[68.0029,23.8255],[67.9525,23.829],[67.8589,23.9019],[67.8193,23.8273],[67.6681,23.8117],[67.6501,23.8672],[67.6465,23.9193],[67.5637,23.8811],[67.5025,23.9401],[67.4773,24.0182],[67.4557,24.0391],[67.4269,24.0651],[67.3657,24.0911],[67.3081,24.1745],[67.3045,24.263],[67.2901,24.3672],[67.1713,24.756],[67.0993,24.7925],[66.7033,24.8602],[66.6817,24.9296],[66.7105,25.1119],[66.6997,25.2265],[66.5701,25.3793],[66.5341,25.4852],[66.4297,25.5754],[66.3253,25.6015],[66.2173,25.5893],[66.1633,25.5546],[66.1309,25.4938],[66.3577,25.5077],[66.4081,25.4852],[66.4693,25.4452],[66.4045,25.447],[66.3289,25.4661],[66.2353,25.4643],[65.8825,25.4192],[65.6809,25.355],[65.4073,25.3741],[65.0617,25.3116],[64.7772,25.3081],[64.6584,25.1848],[64.5936,25.2057],[64.5432,25.2369],[64.1508,25.3341],[64.1256,25.3741],[64.0608,25.4036],[63.9888,25.3515],[63.9348,25.3428],[63.7224,25.3862],[63.5568,25.3532],[63.4956,25.2977],[63.492,25.2109],[63.2868,25.2282],[63.1716,25.2543],[63.0168,25.2248],[62.664,25.2647],[62.574,25.2543],[62.4444,25.197],[62.3904,25.1518],[62.3148,25.1345],[62.25,25.197],[62.1996,25.2248],[62.1528,25.2074],[62.088,25.1553],[61.908,25.131],[61.7424,25.138],[61.5336,25.1952],[61.4904,25.1536],[61.4112,25.1015],[61.242,25.1414],[61.1088,25.1831],[60.6624,25.282],[60.6156,25.3307],[60.5868,25.414],[60.5112,25.4365],[60.3996,25.3116],[60.0252,25.3845],[59.8956,25.3619],[59.82,25.4001],[59.6148,25.4036],[59.4564,25.4817],[59.226,25.4279],[59.046,25.4175],[58.7976,25.5546],[58.5312,25.5928],[58.3152,25.5806],[58.2036,25.5911],[58.0236,25.6414],[57.9372,25.6917],[57.7968,25.6536],[57.732,25.7247],[57.336,25.7907],[57.2604,25.9192],[57.2064,26.0372],[57.2028,26.1587],[57.1056,26.3723],[57.0732,26.6795],[57.0372,26.801],[56.9832,26.9052],[56.9112,26.9937],[56.814,27.0892],[56.7276,27.1274],[56.3568,27.2003],[56.2848,27.1899],[56.1192,27.143],[55.9428,27.0371],[55.6512,26.9781],[55.59,26.933],[55.518,26.8306],[55.4244,26.7698],[55.2948,26.7854],[55.1544,26.7247],[54.8951,26.5563],[54.7583,26.5059],[54.6431,26.5094],[54.5207,26.5893],[54.2471,26.6969],[54.0707,26.7316],[53.8223,26.7073],[53.7071,26.7264],[53.5055,26.8514],[53.4551,26.9434],[53.3399,27.0042],[52.9835,27.1413],[52.6919,27.3236],[52.6379,27.3913],[52.6019,27.4937],[52.4759,27.617],[52.1915,27.7177],[52.0295,27.8236],[51.8423,27.8479],[51.6659,27.8444],[51.5903,27.8635],[51.5183,27.9104],[51.2771,28.1308],[51.2771,28.2194],[51.1295,28.4346],[51.0935,28.5127],[51.0611,28.7263],[51.0215,28.7818],[50.8667,28.8704],[50.8415,28.9277],[50.8775,29.004],[50.8775,29.0631],[50.7947,29.1169],[50.6759,29.1464],[50.6471,29.2124],[50.6687,29.3391],[50.6507,29.4207],[50.5427,29.5474],[50.3879,29.6793],[50.2295,29.872],[50.1683,29.9206],[50.1287,30.0474],[50.0711,30.1984],[49.9847,30.2088],[49.5563,30.0283],[49.4303,30.1307],[49.0559,30.3078],[49.0271,30.3338],[49.0019,30.3737],[49.0487,30.398],[49.0955,30.4067],[49.1891,30.3755],[49.2467,30.4119],[49.2251,30.4727],[49.1315,30.5092],[49.0019,30.5057],[49.0379,30.4501],[48.9155,30.398],[48.8903,30.3269],[48.9083,30.2418],[48.9191,30.1203],[48.8687,30.063],[48.8327,30.0352],[48.6707,30.0283],[48.5951,29.9745],[48.5447,29.9623],[48.4547,29.938],[48.3539,29.9571],[48.1415,30.0404],[48.0731,30.0439],[47.9831,30.0109],[47.9795,29.9831],[47.9723,29.9467],[48.0047,29.8356],[48.0767,29.7158],[48.1379,29.6186],[48.1451,29.5717],[48.0911,29.5787],[48.0479,29.5977],[47.9687,29.6168],[47.8175,29.4866],[47.7239,29.4172],[47.7239,29.3929],[47.8463,29.3651],[47.9363,29.3669],[47.9975,29.386],[48.0515,29.3547],[48.0875,29.2749],[48.1019,29.2106],[48.1847,28.9797],[48.2531,28.9016],[48.3395,28.7627],[48.3719,28.6916],[48.3899,28.6308],[48.4439,28.5423],[48.4979,28.4485],[48.5231,28.3548],[48.6275,28.1326],[48.7751,27.959],[48.8075,27.8965],[48.8327,27.801],[48.8075,27.7645],[48.7967,27.7246],[48.9047,27.6291],[49.0883,27.5493],[49.1567,27.5284],[49.2359,27.492],[49.1747,27.4382],[49.2827,27.3097],[49.4051,27.1812],[49.5383,27.1517],[49.7183,26.9556],[49.9847,26.8288],[50.1503,26.6622],[50.1359,26.6587],[50.0855,26.6761],[50.0279,26.6986],[50.0099,26.6778],[50.0099,26.6084],[50.0279,26.5268],[50.1107,26.4556],[50.1863,26.4052],[50.2151,26.308],[50.1539,26.0997],[50.1359,26.1014],[50.0963,26.1188],[50.0531,26.1223],[50.0315,26.1101],[50.0819,25.9608],[50.1287,25.8462],[50.1899,25.756],[50.2403,25.6223],[50.2799,25.5667],[50.4563,25.4244],[50.5067,25.3063],[50.5571,25.0859],[50.6651,24.9644],[50.7263,24.8689],[50.8055,24.789],[50.8343,24.8498],[50.8451,24.888],[50.7767,25.1779],[50.7551,25.4001],[50.7623,25.4452],[50.8019,25.4973],[50.8703,25.6119],[50.9027,25.7247],[51.0035,25.9817],[51.1079,26.0806],[51.2627,26.1535],[51.3887,26.0112],[51.5435,25.9018],[51.5723,25.7803],[51.5255,25.6813],[51.4859,25.5251],[51.5111,25.4522],[51.5183,25.3897],[51.5615,25.2838],[51.6011,25.1484],[51.6083,25.0529],[51.5867,24.9644],[51.5327,24.8914],[51.4283,24.6675],[51.3959,24.6449],[51.2663,24.6067],[51.3383,24.5651],[51.4103,24.5703],[51.4175,24.5304],[51.3707,24.4765],[51.3095,24.3411],[51.3959,24.3186],[51.4751,24.3081],[51.5363,24.2856],[51.5687,24.2856],[51.6047,24.3377],[51.6227,24.3012],[51.6659,24.2509],[51.7343,24.263],[51.7667,24.2543],[51.7919,24.0755],[51.8423,24.0113],[51.9071,23.9853],[52.1195,23.9714],[52.2491,23.9957],[52.5119,24.112],[52.6487,24.1554],[53.0267,24.1467],[53.3291,24.0981],[53.8007,24.0703],[53.8943,24.0773],[54.1463,24.171],[54.3047,24.2543],[54.3983,24.2786],[54.4595,24.3585],[54.4991,24.4627],[54.5351,24.5304],[54.5819,24.5633],[54.6251,24.6206],[54.6575,24.7161],[54.7475,24.8099],[55.0968,25.0407],[55.302,25.2369],[55.32,25.2994],[55.4352,25.3949],[55.5216,25.4973],[55.9428,25.7942],[56.0256,25.9157],[56.076,26.0528],[56.0796,26.0632],[56.166,26.2073],[56.1984,26.2299],[56.2272,26.2195],[56.3064,26.2351],[56.346,26.3132],[56.3784,26.3566],[56.4144,26.3514],[56.4288,26.3271],[56.418,26.2073],[56.418,26.1084],[56.3748,25.8046],[56.328,25.7525],[56.3064,25.7091],[56.2992,25.6501],[56.364,25.5702],[56.3712,25.0182],[56.3892,24.98],[56.49,24.7161],[56.6412,24.4696],[56.7744,24.3342],[56.9112,24.1502],[57.1236,23.98],[57.2208,23.9228],[57.6096,23.803],[57.8256,23.7596],[58.1208,23.7162],[58.326,23.6242],[58.3944,23.619],[58.4988,23.645],[58.578,23.6433],[58.7724,23.5165],[58.83,23.3967],[58.9128,23.3342],[58.9848,23.2353],[59.0316,23.1311],[59.1936,22.9714],[59.3124,22.7926],[59.4312,22.6607],[59.5356,22.5791],[59.694,22.5461],[59.8236,22.5096],[59.838,22.4211],[59.8236,22.3048],[59.7984,22.2197],[59.6796,22.0531],[59.6508,21.9507],[59.5176,21.7823],[59.37,21.4993],[59.3052,21.4351],[59.0676,21.2892],[58.8948,21.1122],[58.6896,20.8066],[58.5348,20.5046],[58.4736,20.4073],[58.3476,20.3865],[58.2648,20.3952],[58.2108,20.4247],[58.2324,20.5063],[58.2468,20.6],[58.1712,20.5896],[58.1028,20.5705],[57.948,20.3431],[57.8616,20.2442],[57.8436,20.1174],[57.8004,19.9543],[57.7428,19.805],[57.714,19.6782],[57.714,19.6071],[57.7608,19.4317],[57.7644,19.2529],[57.7896,19.1453],[57.8112,19.0168],[57.7392,18.9769],[57.6744,18.9578],[57.4296,18.9439],[57.1776,18.9022],[56.958,18.8276],[56.8248,18.7529],[56.6556,18.588],[56.5512,18.1662],[56.382,17.9874],[56.2704,17.9509],[55.9968,17.9353],[55.6152,17.8867],[55.4784,17.8433],[55.2552,17.5863],[55.2372,17.5047],[55.2804,17.4457],[55.2948,17.3815],[55.2768,17.3207],[55.1724,17.1575],[55.0644,17.0395],[54.7727,16.9649],[54.6647,17.0083],[54.5675,17.0308],[54.3767,17.0343],[54.0671,17.0048],[53.9555,16.918],[53.7755,16.8555],[53.6099,16.76],[53.2967,16.7235],[53.0843,16.6489],[52.5803,16.4701],[52.4471,16.392],[52.3283,16.293],[52.2383,16.1715],[52.1735,15.9562],[52.2203,15.7601],[52.2167,15.6559],[52.0871,15.5865],[51.9647,15.5361],[51.8315,15.4597],[51.7487,15.4406],[51.6803,15.3799],[51.6047,15.3365],[51.3239,15.2271],[51.0143,15.1403],[50.5283,15.0379],[50.3375,14.9268],[50.1683,14.8504],[49.9055,14.8278],[49.5491,14.7219],[49.3511,14.6386],[49.1027,14.4997],[49.0487,14.4563],[49.0055,14.3556],[48.9299,14.2671],[48.7787,14.123],[48.6671,14.0501],[48.5951,14.0466],[48.4475,14.0067],[48.2783,13.998],[47.9903,14.0484],[47.9147,14.0136],[47.8535,13.9564],[47.6339,13.8591],[47.4071,13.6612],[47.2415,13.6092],[46.9751,13.5467],[46.7879,13.4651],[46.6619,13.4321],[46.5035,13.4147],[46.2047,13.4234],[45.9203,13.3939],[45.6575,13.3383],[45.5351,13.2342],[45.3947,13.0675],[45.1643,12.9981],[45.1103,12.9391],[45.0383,12.8158],[44.8906,12.7846],[44.7538,12.7637],[44.617,12.8175],[44.3578,12.67],[44.2606,12.6439],[44.113,12.6387],[44.005,12.6075],[43.9294,12.6162],[43.8358,12.6752],[43.6342,12.7446],[43.4866,12.6995],[43.4758,12.8384],[43.231,13.2672],[43.2814,13.6404],[43.2814,13.6925],[43.2346,13.8591],[43.0906,14.0102],[43.0942,14.2029],[43.0438,14.3418],[43.0078,14.4824],[43.0186,14.5206],[43.0222,14.5553],[42.9466,14.7723],[42.9214,14.8174],[42.9142,14.8626],[42.9358,14.8973],[42.9358,14.9389],[42.8962,15.0049],[42.8566,15.1334],[42.6586,15.2323],[42.6982,15.3261],[42.7378,15.2931],[42.7882,15.2653],[42.799,15.3261],[42.799,15.3712],[42.7162,15.6542],[42.8386,16.0326],[42.799,16.3711],[42.7882,16.451],[42.7306,16.569],[42.727,16.6541],[42.6982,16.7374],[42.6478,16.8017],[42.5542,16.8676],[42.5434,16.9596],[42.475,17.0499],[42.385,17.1228],[42.331,17.2565],[42.295,17.4353],[42.0538,17.6697],[41.7514,17.8849],[41.6578,18.0082],[41.5066,18.2564],[41.431,18.4526],[41.2294,18.6783],[41.2222,18.7651],[41.1898,18.871],[41.143,18.989],[41.1178,19.0828],[40.9126,19.4907],[40.8478,19.555],[40.7902,19.647],[40.7758,19.7164],[40.7578,19.7546],[40.6174,19.8223],[40.4806,19.9942],[40.081,20.2667],[39.883,20.2928],[39.7282,20.39],[39.613,20.5185],[39.4906,20.7372],[39.2746,20.9733],[39.0946,21.3101],[39.1522,21.4333],[39.1486,21.5184],[39.091,21.6642],[39.0298,21.7753],[38.9866,21.8812],[39.0226,22.034],[39.0334,22.2041],[39.0694,22.2944],[39.0946,22.3933],[39.0622,22.593],[39.001,22.6989],[39.0082,22.77],[38.9398,22.8048],[38.8822,22.8829],[38.9398,22.8812],[38.8354,22.9888],[38.7958,23.0478],[38.7562,23.1936],[38.7058,23.3047],[38.5438,23.5582],[38.4646,23.7127],[38.2882,23.9106],[38.0974,24.0582],[37.9786,24.1241],[37.921,24.1849],[37.8202,24.1884],[37.7122,24.2752],[37.6366,24.2769],[37.543,24.2908],[37.4314,24.4592],[37.3378,24.6154],[37.1794,24.8203],[37.219,24.8741],[37.2658,24.9609],[37.2442,25.0737],[37.219,25.1501],[37.1506,25.2907],[36.9202,25.6414],[36.859,25.6917],[36.7618,25.7508],[36.7042,25.9035],[36.6754,26.0389],[36.517,26.1049],[36.2506,26.5945],[36.0922,26.7663],[36.031,26.8809],[35.851,27.0701],[35.7646,27.2594],[35.581,27.433],[35.4226,27.7333],[35.1814,28.0353],[35.077,28.0874],[34.8285,28.1083],[34.7205,28.1308],[34.6233,28.0649],[34.6161,28.1482],[34.6845,28.2645],[34.7781,28.5075],[34.7997,28.7211],[34.9509,29.353],[34.9833,29.4849],[34.9725,29.5543],[34.9041,29.478],[34.8501,29.4328],[34.7349,29.2714],[34.6161,28.7575],[34.4469,28.3565],[34.4289,28.1065],[34.4001,28.0163],[34.3173,27.8895],[34.2201,27.7645],[34.0437,27.8288],[33.7593,28.0475],[33.5937,28.2558],[33.4173,28.3895],[33.2481,28.5683],[33.2013,28.695],[33.2049,28.7784],[33.1293,28.978],[33.0753,29.0735],[32.8701,29.287],[32.8125,29.3998],[32.7657,29.4502],[32.7225,29.5214],[32.6469,29.7991],[32.5641,29.9745],[32.4741,29.9259],[32.4885,29.8512],[32.4093,29.7488],[32.3589,29.6307],[32.3985,29.5335],[32.5641,29.386],[32.6001,29.3217],[32.6397,29.1828],[32.6325,28.9919],[32.6577,28.9277],[32.7837,28.787],[32.8305,28.7037],[32.8557,28.6308],[32.8989,28.5648],[33.0213,28.4416],[33.2013,28.2089],[33.3705,28.051],[33.4965,27.9746],[33.5469,27.8982],[33.5577,27.702],[33.5505,27.6066],[33.6585,27.4312],[33.6981,27.3409],[33.8025,27.268],[33.8493,27.1847],[33.8925,27.0493],[33.9573,26.6483],[34.0509,26.5511],[34.3281,26.0251],[34.5657,25.6917],[34.6809,25.4418],[34.8537,25.1397],[35.1958,24.4748],[35.3974,24.27],[35.4766,24.1554],[35.6242,24.0668],[35.7826,23.9384],[35.6314,23.9505],[35.5954,23.9419],[35.5414,23.921],[35.5162,23.8429],[35.5054,23.7787],[35.5234,23.4419],[35.563,23.2718],[35.6962,22.9454],[35.797,22.8482],[35.8474,22.7857],[35.9122,22.7388],[36.229,22.6294],[36.4162,22.3933],[36.8302,22.0982],[36.8698,22.0166],[36.8698,21.9975],[36.8842,21.7684],[36.9274,21.5861],[37.0822,21.3257],[37.2118,21.1851],[37.2586,21.1087],[37.2622,21.0722],[37.2586,21.0393],[37.219,21.0774],[37.1506,21.1035],[37.1398,20.982],[37.1578,20.8952],[37.1722,20.732],[37.2262,20.5566],[37.1866,20.3952],[37.1938,20.1209],[37.2622,19.7911],[37.2478,19.5827],[37.363,19.0915],[37.471,18.8206],[37.5322,18.7529],[37.6006,18.7182],[37.7302,18.6939],[37.921,18.5568],[38.0758,18.4092],[38.1298,18.3328],[38.2018,18.2495],[38.2522,18.2651],[38.2846,18.286],[38.3314,18.2182],[38.5726,18.0724],[38.6086,18.0047],[38.911,17.4266],[39.0334,17.0864],[39.1414,16.7288],[39.2242,16.1941],[39.2998,15.9215],[39.4222,15.7861],[39.505,15.5326],[39.5806,15.5222],[39.631,15.4528],[39.721,15.2132],[39.7858,15.1247],[39.8182,15.2011],[39.8146,15.2445],[39.7894,15.3191],[39.8146,15.4129],[39.865,15.4702],[39.9766,15.3938],[40.0414,15.3347],[40.0594,15.2167],[40.0846,15.1525],[40.2034,15.0136],[40.3042,14.9737],[40.4374,14.9632],[40.5454,14.9337],[40.6354,14.8834],[40.801,14.7428],[41.1754,14.6195],[41.4814,14.2445],[41.6578,13.9824],[42.2446,13.5883],[42.3454,13.3974],[42.3994,13.2133],[42.5218,13.222],[42.7342,13.0189],[42.7954,12.8644],[42.9682,12.8089],[43.0006,12.8991],[43.0834,12.8245],[43.1158,12.7082],[43.1302,12.6613],[43.2994,12.4634],[43.3534,12.3662],[43.411,12.1891],[43.3786,12.0919],[43.3354,12.0277],[43.2706,11.9704],[43.0474,11.8298],[42.799,11.7395],[42.6406,11.5607],[42.5218,11.5728],[42.5398,11.5051],[42.583,11.4964],[42.6514,11.5103],[42.7882,11.5624],[42.9106,11.5867],[43.0438,11.5885],[43.1626,11.5659],[43.2454,11.4999],[43.4398,11.3471],[43.6306,11.0347],[43.8538,10.7847],[44.1598,10.5503],[44.2786,10.4722],[44.3866,10.4305],[44.9446,10.4375],[45.3371,10.6493],[45.6971,10.8038],[45.8159,10.835],[46.0247,10.7934],[46.2551,10.7812],[46.4603,10.7343],[46.5647,10.7465],[46.9751,10.9253],[47.2307,11.1006],[47.4035,11.1735],[47.4755,11.1753],[47.7131,11.1128],[48.0191,11.1388],[48.4403,11.2899],[48.5735,11.3211],[48.6743,11.3228],[48.9047,11.2551],[48.9371,11.2586],[49.0631,11.2708],[49.3871,11.3419],[49.6427,11.4513],[50.1107,11.5294],[50.4671,11.7273],[50.5283,11.8228],[50.6363,11.9443],[50.7911,11.9843],[51.1907,11.8419],[51.2555,11.8315],[51.2303,11.7447],[51.2195,11.6579],[51.1367,11.5051],[51.0827,11.335],[51.1223,11.0763],[51.1403,10.6562],[51.1295,10.5955],[51.1043,10.5364],[51.0935,10.4878],[51.0503,10.4722],[51.0323,10.4444],[51.0647,10.434],[51.1871,10.4791],[51.1871,10.5295],[51.1943,10.5538],[51.2951,10.4982],[51.3707,10.4757],[51.3887,10.4219],[51.3851,10.3871],[51.2699,10.4028],[51.2087,10.4305],[51.0359,10.3854],[50.9315,10.3351],[50.8991,10.2535],[50.8739,9.9236],[50.8343,9.7101],[50.8235,9.4289],[50.6867,9.2414],[50.6363,9.1094],[50.4311,8.8456],[50.3195,8.6199],[50.2871,8.5088],[50.1035,8.1998],[49.8515,7.9619],[49.7615,7.6599],[49.6715,7.4689],[49.5707,7.297],[49.3475,6.9898],[49.2359,6.778],[49.0919,6.4082],[49.0487,6.1739],[48.6491,5.4951],[48.2351,4.9534],[47.9759,4.4969],[47.5115,3.9674],[46.8779,3.2851],[46.0499,2.4744],[45.8267,2.3095],[44.9194,1.8095],[44.3326,1.3912],[44.0338,1.1065],[43.717,0.8582],[43.4686,0.6221],[42.7126,-0.1764],[42.6334,-0.2511],[42.5614,-0.3223],[42.4642,-0.4559],[42.3994,-0.5098],[42.2194,-0.7372],[42.1078,-0.857],[41.9782,-0.9733],[41.9278,-1.0549],[41.8882,-1.1503],[41.845,-1.2042],[41.7334,-1.4298],[41.6326,-1.5791],[41.5318,-1.6954],[41.3878,-1.8673],[41.269,-1.9454],[41.107,-1.9819],[41.0602,-1.9749],[40.9954,-1.9506],[40.9702,-1.9923],[40.9522,-2.0565],[40.9162,-2.0426],[40.891,-2.0236],[40.9054,-2.1381],[40.9234,-2.1937],[40.8982,-2.2701],[40.819,-2.336],[40.8118,-2.3916],[40.6426,-2.5391],[40.405,-2.5565],[40.279,-2.6294],[40.2214,-2.6884],[40.1782,-2.8186],[40.1962,-3.02],[40.1278,-3.1728],[40.117,-3.2509],[39.991,-3.3499],[39.937,-3.4419],[39.8974,-3.5356],[39.8614,-3.5773],[39.8182,-3.7856],[39.7606,-3.9123],[39.7462,-3.9557],[39.7318,-3.9939],[39.6886,-4.0686],[39.6598,-4.1189],[39.6382,-4.1536],[39.4906,-4.4783],[39.3754,-4.6258],[39.289,-4.6085],[39.2278,-4.6658],[39.2206,-4.6918],[39.2026,-4.7769],[39.1234,-4.98],[39.1198,-5.065],[39.0874,-5.1657],[39.0586,-5.2317],[38.9794,-5.5181],[38.911,-5.6258],[38.821,-5.8775],[38.803,-6.0702],[38.857,-6.2056],[38.875,-6.3306],[38.983,-6.4556],[39.0658,-6.499],[39.127,-6.5563],[39.2278,-6.6847],[39.289,-6.8149],[39.4726,-6.8792],[39.5446,-7.0232],[39.5194,-7.1239],[39.433,-7.2073],[39.3538,-7.3409],[39.289,-7.518],[39.2854,-7.7871],[39.3322,-7.7472],[39.4294,-7.8131],[39.4402,-8.011],[39.3394,-8.2437],[39.3106,-8.3513],[39.3034,-8.4433],[39.379,-8.7211],[39.487,-8.8617],[39.4798,-8.9068],[39.451,-8.9433],[39.6418,-9.1932],[39.6238,-9.4102],[39.6958,-9.5786],[39.7282,-9.7245],[39.775,-9.8373],[39.7822,-9.9137],[39.7246,-10.0005],[39.865,-10.0213],[39.9442,-10.0925],[39.9838,-10.1602],[40.0846,-10.1567],[40.1386,-10.2019],[40.2178,-10.2401],[40.387,-10.3529],[40.4338,-10.4102],[40.4518,-10.4432],[40.4626,-10.464],[40.5166,-10.5682],[40.6102,-10.6619],[40.5562,-10.7157],[40.4878,-10.7643],[40.5958,-10.8303],[40.5166,-10.9293],[40.5058,-10.9987],[40.5274,-11.0247],[40.5454,-11.0664],[40.4914,-11.1792],[40.4194,-11.266],[40.4014,-11.332],[40.4662,-11.4501],[40.4338,-11.6566],[40.495,-11.8441],[40.5094,-11.9396],[40.531,-12.0038],[40.5022,-12.1201],[40.5094,-12.3128],[40.5238,-12.3927],[40.4878,-12.4917],[40.549,-12.5264],[40.5814,-12.6357],[40.5706,-12.759],[40.5526,-12.825],[40.4482,-12.9048],[40.4338,-12.9361],[40.4374,-12.9829],[40.567,-12.9847],[40.5742,-13.0576],[40.5634,-13.1149],[40.5706,-13.2242],[40.5526,-13.2937],[40.5814,-13.3735],[40.5454,-13.4621],[40.5598,-13.5315],[40.5598,-13.6201],[40.5922,-13.8457],[40.5958,-14.1235],[40.603,-14.1669],[40.6498,-14.1981],[40.7146,-14.2138],[40.7146,-14.2902],[40.639,-14.3908],[40.6354,-14.4516],[40.6462,-14.5384],[40.7254,-14.4204],[40.7758,-14.4221],[40.819,-14.4672],[40.8118,-14.5349],[40.8262,-14.5696],[40.819,-14.6356],[40.8442,-14.7189],[40.8334,-14.7919],[40.7758,-14.8422],[40.7002,-14.929],[40.6858,-15.0123],[40.693,-15.0644],[40.6426,-15.0818],[40.6174,-15.1148],[40.6534,-15.1929],[40.6498,-15.2606],[40.5598,-15.4741],[40.315,-15.764],[40.207,-15.8664],[40.1098,-15.9793],[40.1098,-16.0262],[40.099,-16.0661],[39.9838,-16.2258],[39.8614,-16.2518],[39.7894,-16.2952],[39.8434,-16.4359],[39.7642,-16.4688],[39.6238,-16.5799],[39.2422,-16.7917],[39.181,-16.8421],[39.0838,-16.9723],[38.9578,-17.0053],[38.8858,-17.0417],[38.7562,-17.0556],[38.713,-17.0452],[38.6698,-17.0504],[38.6338,-17.0782],[38.3818,-17.1702],[38.1442,-17.2431],[38.0866,-17.2761],[38.047,-17.3212],[37.8382,-17.3924],[37.5106,-17.5712],[37.2442,-17.7396],[37.0498,-17.9097],[36.9994,-17.9358],[36.9382,-17.993],[36.9202,-18.0798],[36.8986,-18.1285],[36.7546,-18.3073],[36.5386,-18.5173],[36.499,-18.5763],[36.4126,-18.6927],[36.4054,-18.769],[36.3262,-18.7933],[36.2614,-18.7204],[36.2362,-18.8611],[36.1822,-18.8715],[36.1246,-18.842],[35.9806,-18.9131],[35.8546,-18.993],[35.653,-19.1631],[35.365,-19.4947],[34.9473,-19.8124],[34.8897,-19.8211],[34.8537,-19.8211],[34.7205,-19.71],[34.6485,-19.7013],[34.7133,-19.7672],[34.7565,-19.8228],[34.7457,-19.9287],[34.7493,-20.0901],[34.6989,-20.4044],[34.7061,-20.4738],[34.7637,-20.5623],[34.8753,-20.67],[34.9833,-20.8071],[35.1166,-21.196],[35.1274,-21.3956],[35.2678,-21.6508],[35.2714,-21.7619],[35.329,-22.0379],[35.3254,-22.2601],[35.3146,-22.3973],[35.383,-22.4546],[35.4082,-22.4025],[35.401,-22.3157],[35.419,-22.1768],[35.455,-22.1161],[35.4946,-22.1247],[35.5054,-22.1907],[35.5306,-22.248],[35.5414,-22.3018],[35.5414,-22.3765],[35.491,-22.6577],[35.5054,-22.7723],[35.5738,-22.9632],[35.4946,-23.1854],[35.3758,-23.708],[35.3722,-23.7982],[35.3974,-23.8382],[35.4622,-23.8503],[35.4838,-23.7844],[35.5234,-23.7844],[35.5414,-23.8243],[35.491,-24.0656],[35.437,-24.1715],[35.2534,-24.4301],[35.1562,-24.5413],[34.9905,-24.6506],[34.6089,-24.8208],[33.8349,-25.0673],[33.5289,-25.1888],[33.3489,-25.2617],[32.9601,-25.4908],[32.7909,-25.6436],[32.7225,-25.8207],[32.6541,-25.9023],[32.5893,-26.0047],[32.6469,-26.0915],[32.7045,-26.1592],[32.7693,-26.2026],[32.8053,-26.2408],[32.8485,-26.2686],[32.8953,-26.1297],[32.9169,-26.0863],[32.9565,-26.0828],[32.9349,-26.253],[32.8881,-26.831],[32.8845,-26.8501],[32.8485,-27.081],[32.7045,-27.4421],[32.6577,-27.607],[32.5353,-28.199],[32.3769,-28.4976],[32.2869,-28.6209],[32.0277,-28.8396],[31.9557,-28.883],[31.8909,-28.9125],[31.7793,-28.9368],[31.3365,-29.3778],[31.1709,-29.5913],[31.0233,-29.9003],[30.8793,-30.0704],[30.6633,-30.435],[30.4725,-30.7145],[30.2889,-30.9697],[29.9721,-31.3221],[29.8317,-31.4245],[29.7345,-31.4696],[29.4825,-31.6745],[29.1261,-32.0026],[28.8561,-32.2942],[28.4493,-32.6241],[28.2153,-32.7699],[27.8589,-33.0546],[27.7617,-33.0963],[27.3621,-33.3602],[27.0777,-33.5216],[26.6133,-33.7074],[26.4297,-33.7594],[25.9905,-33.7108],[25.8069,-33.7369],[25.6521,-33.8497],[25.6377,-34.0112],[25.5729,-34.0355],[25.4757,-34.0285],[25.1697,-33.9608],[25.0041,-33.973],[24.9068,-34.0598],[24.8276,-34.1691],[24.5972,-34.1743],[24.1832,-34.0615],[23.6972,-33.9921],[23.5856,-33.9851],[23.3516,-34.0684],[23.2688,-34.0806],[22.9268,-34.0632],[22.736,-34.0094],[22.5524,-34.0094],[22.4156,-34.0546],[22.2464,-34.0684],[21.7892,-34.3722],[21.5516,-34.3722],[21.35,-34.4087],[21.2492,-34.407],[21.0584,-34.3653],[20.99,-34.367],[20.882,-34.3861],[20.774,-34.4399],[20.5292,-34.4625],[20.4356,-34.5094],[20.0216,-34.7854],[19.928,-34.775],[19.8488,-34.7559],[19.6364,-34.7542],[19.3916,-34.6049],[19.298,-34.6153],[19.3232,-34.5701],[19.3304,-34.492],[19.28,-34.4365],[19.244,-34.4122],[19.1504,-34.4174],[19.1,-34.3497],[18.9524,-34.3445],[18.902,-34.3601],[18.83,-34.3636],[18.8264,-34.2959],[18.83,-34.2542],[18.8264,-34.1882],[18.8084,-34.1084],[18.7508,-34.0823],[18.7076,-34.0719],[18.6068,-34.0771],[18.5348,-34.0858],[18.4988,-34.1101],[18.4628,-34.1674],[18.4628,-34.3462],[18.4088,-34.2959],[18.3512,-34.1882],[18.3332,-34.0736],[18.3548,-33.9382],[18.4664,-33.8879],[18.4556,-33.7959],[18.434,-33.7178],[18.308,-33.5147],[18.2612,-33.4209],[18.1568,-33.3584],[18.074,-33.2074],[17.9912,-33.1518],[17.9588,-33.0459],[17.8796,-32.9609],[17.8508,-32.8272],[17.894,-32.7508],[17.966,-32.7092],[18.038,-32.7751],[18.1244,-32.7491],[18.2504,-32.6519],[18.326,-32.5043],[18.3296,-32.2699],[18.3116,-32.1224],[18.2108,-31.7422],[18.164,-31.6554],[17.9372,-31.3828],[17.678,-31.0183],[17.3468,-30.4454],[17.1884,-30.0999],[16.9508,-29.4038],[16.7384,-29.0097],[16.4792,-28.6417],[16.4468,-28.6174],[16.3352,-28.5358],[16.0076,-28.232],[15.8924,-28.1521],[15.7196,-27.9664],[15.3416,-27.3866],[15.2876,-27.2755],[15.2156,-26.996],[15.1328,-26.7876],[15.122,-26.6679],[15.1616,-26.6002],[15.14,-26.5081],[15.0968,-26.4266],[14.9671,-26.3189],[14.9311,-25.9578],[14.8447,-25.7252],[14.8627,-25.5342],[14.8231,-25.3589],[14.8195,-25.2461],[14.8375,-25.0325],[14.7691,-24.7878],[14.6287,-24.5482],[14.5027,-24.2027],[14.4847,-24.05],[14.4955,-23.642],[14.4739,-23.4771],[14.4739,-23.2809],[14.4235,-23.0778],[14.4019,-22.9684],[14.4379,-22.8799],[14.4595,-22.9077],[14.4955,-22.9216],[14.5207,-22.8053],[14.5243,-22.7028],[14.4631,-22.4494],[14.3227,-22.1907],[13.9735,-21.7671],[13.8871,-21.6074],[13.8403,-21.4737],[13.4515,-20.9165],[13.2859,-20.5241],[13.1671,-20.1839],[13.0411,-20.0276],[12.4579,-18.927],[12.3283,-18.7517],[12.0943,-18.5416],[12.0403,-18.4704],[11.9503,-18.2708],[11.7775,-18.0017],[11.7343,-17.7517],[11.7199,-17.467],[11.7415,-17.25],[11.7811,-16.8716],[11.8207,-16.7049],[11.8207,-16.5036],[11.7955,-15.9862],[11.7703,-15.9151],[11.7523,-15.8317],[11.8495,-15.7675],[11.8999,-15.7206],[11.9683,-15.6338],[12.0151,-15.514],[12.0727,-15.2484],[12.2815,-14.6374],[12.3787,-14.0384],[12.5047,-13.7555],[12.5515,-13.4378],[12.8971,-13.0281],[12.9835,-12.7764],[13.1635,-12.6514],[13.4155,-12.5212],[13.5991,-12.2868],[13.6855,-12.1236],[13.7863,-11.8129],[13.7827,-11.4882],[13.8475,-11.0542],[13.8331,-10.9293],[13.7395,-10.7574],[13.7215,-10.6341],[13.6351,-10.5126],[13.5379,-10.4206],[13.4947,-10.2574],[13.3327,-9.9988],[13.2859,-9.8269],[13.2103,-9.7036],[13.1959,-9.5509],[13.1563,-9.3894],[13.0771,-9.2297],[12.9979,-9.0474],[12.9979,-8.9919],[13.0483,-8.9224],[13.0915,-8.8999],[13.0771,-8.9346],[13.0483,-8.9745],[13.0555,-9.0075],[13.3579,-8.6881],[13.3795,-8.6256],[13.3687,-8.5544],[13.3651,-8.4693],[13.3795,-8.3704],[13.0915,-7.7801],[12.8611,-7.2316],[12.8251,-6.9555],[12.5227,-6.591],[12.4039,-6.3531],[12.3355,-6.1865],[12.2815,-6.124],[12.3031,-6.0927],[12.3787,-6.0841],[12.5551,-6.0459],[12.7891,-6.0042],[13.0087,-5.907],[13.0699,-5.8653],[13.0015,-5.8358],[12.8611,-5.8549],[12.7927,-5.8775],[12.6811,-5.9608],[12.5155,-6.0042],[12.4543,-6.0007],[12.4111,-5.9868],[12.3139,-5.8948],[12.2419,-5.808],[12.2131,-5.7594],[12.1987,-5.7317],[12.1555,-5.6327],[12.1807,-5.539],[12.2059,-5.4678],[12.1771,-5.3254],[12.1123,-5.197],[12.0403,-5.0355],[12.0187,-5.0043],[12.0043,-4.9817],[11.9683,-4.9539],[11.8927,-4.8654],[11.8207,-4.756],[11.8027,-4.7057],[11.7811,-4.6762],[11.7775,-4.5651],[11.6695,-4.4349],[11.3923,-4.2005],[11.3635,-4.1311],[11.1295,-3.9158],[11.0323,-3.8273],[10.9459,-3.6623],[10.8487,-3.5617],[10.6399,-3.3985],[10.5859,-3.2787],[10.3483,-3.0131],[10.0063,-2.7492],[9.7579,-2.5183],[9.7219,-2.468],[9.7651,-2.4732],[10.0027,-2.5878],[10.0351,-2.5756],[10.0603,-2.5496],[9.9595,-2.4905],[9.8623,-2.4419],[9.7687,-2.4124],[9.6751,-2.4159],[9.6247,-2.3673],[9.5923,-2.2926],[9.5743,-2.2301],[9.5347,-2.1642],[9.4015,-2.027],[9.3691,-1.9749],[9.3007,-1.9038],[9.3439,-1.8934],[9.4843,-1.9628],[9.4951,-1.935],[9.4843,-1.8951],[9.3439,-1.8291],[9.2647,-1.8256],[9.2467,-1.7788],[9.2575,-1.7267],[9.1567,-1.5271],[9.0523,-1.3795],[9.0379,-1.3083],[9.3187,-1.6312],[9.3583,-1.6382],[9.4051,-1.6347],[9.5239,-1.5982],[9.5023,-1.5548],[9.4483,-1.5097],[9.3979,-1.5305],[9.3295,-1.534],[9.2971,-1.5149],[9.2791,-1.4819],[9.3475,-1.3257],[9.3187,-1.3326],[9.2971,-1.3604],[9.2611,-1.3743],[9.2035,-1.383],[9.0631,-1.2979],[8.9407,-1.0722],[8.9083,-1.0254],[8.8759,-0.9455],[8.8435,-0.9142],[8.7031,-0.5914],[8.7571,-0.6157],[8.8219,-0.7077],[8.9479,-0.6886],[8.9947,-0.6348],[9.0379,-0.6365],[9.0811,-0.6243],[9.1351,-0.574],[9.2971,-0.3518],[9.3403,-0.0584],[9.3259,0.1152],[9.3007,0.2888],[9.3547,0.3444],[9.3763,0.3079],[9.3871,0.2454],[9.4123,0.2003],[9.4699,0.1603],[9.5743,0.1482],[9.7399,0.0857],[9.7975,0.044],[9.8119,0.1256],[10.0027,0.1951],[9.9451,0.2194],[9.7759,0.1933],[9.5455,0.2957],[9.4699,0.3617],[9.3979,0.4867],[9.3259,0.5527],[9.3295,0.6117],[9.4951,0.6655],[9.5383,0.6586],[9.5563,0.5943],[9.5995,0.5683],[9.6175,0.577],[9.6247,0.6308],[9.6247,0.7801],[9.5743,0.9919],[9.5923,1.0318],[9.5995,1.0544],[9.5095,1.1151],[9.4447,1.1203],[9.3871,1.1394],[9.4339,1.2957],[9.4951,1.4346],[9.5851,1.5405],[9.6319,1.5648],[9.6463,1.6168],[9.7183,1.7887],[9.8083,1.9276],[9.7795,2.0682],[9.8011,2.3043],[9.8227,2.5387],[9.8659,2.7348],[9.8839,2.9171],[9.9487,3.0786],[9.9163,3.24],[9.8767,3.3094],[9.6715,3.5369],[9.7651,3.6237],[9.6427,3.6115],[9.6175,3.6966],[9.5563,3.7973],[9.5923,3.8146],[9.6283,3.8702],[9.7399,3.8528],[9.7363,3.8806],[9.6391,3.9657],[9.6499,4.0091],[9.6895,4.0559],[9.6679,4.0768],[9.5995,4.0264],[9.5491,4.0282],[9.5131,4.0611],[9.4843,4.0663],[9.5023,4.0004],[9.4627,3.9431],[9.4267,3.9223],[9.3619,3.9257],[9.3115,3.9396],[9.2971,3.9726],[9.2503,3.9986],[9.1135,4.0403],[9.0019,4.0924],[8.9767,4.2313],[8.9335,4.2903],[8.9119,4.358],[8.9011,4.4344],[8.9191,4.5542],[8.8903,4.5733],[8.8579,4.5785],[8.8075,4.5733],[8.7607,4.5802],[8.7067,4.6462],[8.6599,4.6705],[8.6887,4.5507],[8.6563,4.516],[8.5735,4.5264],[8.5411,4.5715],[8.5339,4.6062],[8.5699,4.7521],[8.5555,4.7555],[8.5447,4.7573],[8.5159,4.7243],[8.4331,4.7469],[8.3935,4.8146],[8.3431,4.825],[8.2531,4.9239],[8.2351,4.9083],[8.3287,4.6566],[8.2927,4.5576],[8.0299,4.5559],[7.7995,4.5229],[7.6447,4.5247],[7.5655,4.5611],[7.5295,4.6549],[7.5187,4.6462],[7.5079,4.5941],[7.4611,4.5559],[7.2847,4.5472],[7.2055,4.6115],[7.1443,4.6844],[7.0759,4.7156],[7.0867,4.6861],[7.1659,4.6149],[7.1551,4.5142],[7.0147,4.3979],[6.9247,4.391],[6.8671,4.4413],[6.8383,4.5229],[6.8239,4.6444],[6.7879,4.7243],[6.7663,4.7243],[6.7843,4.6514],[6.7915,4.5924],[6.7915,4.4691],[6.8599,4.3736],[6.7555,4.3441],[6.7159,4.3424],[6.6331,4.3406],[6.6187,4.3754],[6.6007,4.4552],[6.5791,4.476],[6.5539,4.3406],[6.4999,4.332],[6.4639,4.3337],[6.2983,4.3042],[6.2623,4.3094],[6.2551,4.3337],[6.2767,4.3719],[6.2695,4.4326],[6.2155,4.3858],[6.2047,4.292],[6.1723,4.2781],[6.0751,4.2903],[5.9707,4.3389],[5.9059,4.3875],[5.7979,4.4552],[5.5891,4.6479],[5.5531,4.733],[5.4919,4.8389],[5.4487,4.9465],[5.3839,5.1288],[5.4019,5.1427],[5.4523,5.127],[5.4775,5.1531],[5.3875,5.1739],[5.3695,5.1947],[5.3659,5.259],[5.3695,5.3371],[5.4379,5.3649],[5.5027,5.3788],[5.5315,5.4256],[5.5495,5.4742],[5.3875,5.4013],[5.2327,5.4829],[5.2003,5.5333],[5.2147,5.5715],[5.2903,5.5767],[5.3947,5.5749],[5.4559,5.6114],[5.4199,5.6253],[5.3515,5.6235],[5.3263,5.6478],[5.3263,5.7069],[5.3047,5.6947],[5.2759,5.6409],[5.1715,5.6027],[5.1139,5.6409],[5.1067,5.7277],[5.0923,5.7676],[5.0419,5.7971],[4.8618,6.0263],[4.635,6.2173],[4.4298,6.3492],[4.1274,6.4117],[3.4866,6.4082],[3.4506,6.4273],[3.4902,6.4568],[3.5478,6.4777],[3.753,6.5836],[3.717,6.5974],[3.5046,6.5315],[3.429,6.5245],[3.3354,6.3961],[2.7738,6.3752],[2.7054,6.37],[2.2878,6.3284],[1.8198,6.2607],[1.6218,6.2173],[1.3122,6.1461],[1.1862,6.0888],[1.107,6.0506],[1.0494,5.9933],[1.0062,5.9065],[0.9486,5.811],[0.7506,5.7607],[0.6714,5.759],[0.261,5.7572],[-0.1278,5.568],[-0.3474,5.5003],[-0.4842,5.3944],[-0.6678,5.318],[-0.7974,5.226],[-1.0638,5.1826],[-1.503,5.0385],[-1.6398,4.9812],[-1.7766,4.8805],[-2.0034,4.7625],[-2.0898,4.7642],[-2.2662,4.8736],[-2.3994,4.9291],[-2.7234,5.0142],[-2.9646,5.0455],[-3.0834,5.0819],[-3.1122,5.0889],[-3.2454,5.1149],[-3.2166,5.1479],[-3.087,5.1288],[-3.0186,5.1305],[-3.0258,5.1513],[-3.0654,5.1583],[-3.1698,5.2034],[-3.1518,5.3475],[-3.1986,5.3545],[-3.2382,5.3354],[-3.3102,5.16],[-3.3462,5.1305],[-3.8718,5.2208],[-3.9834,5.2937],[-4.1202,5.3093],[-4.3578,5.3006],[-4.5522,5.2798],[-4.6098,5.2364],[-4.1166,5.2625],[-4.0626,5.2572],[-4.0374,5.2295],[-4.6602,5.1722],[-4.9014,5.1392],[-4.9698,5.1479],[-5.0239,5.2034],[-5.2831,5.2104],[-5.3371,5.1913],[-5.3659,5.1513],[-5.2651,5.16],[-5.1067,5.1618],[-5.0635,5.1305],[-5.5639,5.0889],[-5.9131,5.0107],[-6.0607,4.9534],[-6.5467,4.7625],[-6.8455,4.6722],[-6.9247,4.6375],[-7.0579,4.5455],[-7.2307,4.4865],[-7.4251,4.3754],[-7.5439,4.3511],[-7.6591,4.3667],[-7.9975,4.509],[-8.2603,4.5906],[-9.1315,5.0541],[-9.3763,5.2416],[-9.6535,5.5194],[-10.2763,6.0784],[-10.4167,6.1669],[-10.5967,6.2103],[-10.7083,6.2589],[-10.7839,6.311],[-10.8487,6.4655],[-11.0035,6.5575],[-11.2915,6.6877],[-11.5075,6.9064],[-11.5471,6.9464],[-11.7343,7.0887],[-11.9287,7.1842],[-12.3463,7.3422],[-12.4867,7.3856],[-12.4795,7.4429],[-12.4327,7.5453],[-12.5119,7.6651],[-12.4795,7.7536],[-12.5119,7.7536],[-12.5695,7.6998],[-12.6991,7.7154],[-12.7819,7.7918],[-12.8503,7.8179],[-12.8827,7.856],[-12.9259,8.0557],[-12.9583,8.146],[-13.0195,8.2015],[-13.1491,8.2154],[-13.2031,8.3352],[-13.2715,8.4289],[-13.2607,8.4879],[-13.2031,8.4845],[-13.1563,8.4428],[-13.0843,8.4255],[-12.9943,8.5261],[-12.9115,8.5817],[-12.8935,8.6303],[-12.9043,8.6563],[-12.9547,8.6147],[-13.0879,8.6251],[-13.1203,8.5886],[-13.1815,8.5765],[-13.2283,8.6963],[-13.2247,8.7657],[-13.2067,8.8438],[-13.0699,8.856],[-13.0591,8.8803],[-13.1527,8.8976],[-13.2715,8.9879],[-13.2931,9.0487],[-13.3039,9.0782],[-13.2679,9.1702],[-13.2967,9.2188],[-13.3975,9.3143],[-13.4047,9.3612],[-13.4371,9.4202],[-13.5667,9.5434],[-13.6927,9.5365],[-13.6567,9.6389],[-13.6603,9.7761],[-13.6999,9.8507],[-13.6891,9.9271],[-13.7143,9.9236],[-13.7539,9.8698],[-13.8187,9.8872],[-13.9555,9.9688],[-14.0203,10.0486],[-14.0311,10.1146],[-14.0455,10.1406],[-14.0851,10.1267],[-14.1715,10.1285],[-14.4271,10.2483],[-14.6107,10.5503],[-14.6143,10.618],[-14.5891,10.7343],[-14.5927,10.7673],[-14.6755,10.6892],[-14.6935,10.7413],[-14.7583,10.8628],[-14.7763,10.9322],[-14.8375,10.9618],[-14.8879,10.9687],[-14.9239,10.9444],[-14.9743,10.8038],[-15.014,10.8038],[-15.05,10.835],[-15.0428,10.9409],[-15.0932,11.0104],[-15.0536,11.1423],[-15.0968,11.1406],[-15.1796,11.0347],[-15.2228,11.0312],[-15.2156,11.1562],[-15.2624,11.1614],[-15.3164,11.1527],[-15.392,11.2169],[-15.3992,11.2656],[-15.3956,11.335],[-15.3488,11.3784],[-15.356,11.3958],[-15.3992,11.401],[-15.4496,11.3905],[-15.4784,11.4096],[-15.428,11.4982],[-15.2516,11.5728],[-15.1652,11.5815],[-15.0716,11.5971],[-15.122,11.6614],[-15.23,11.6874],[-15.3164,11.67],[-15.3596,11.6232],[-15.4136,11.6145],[-15.5036,11.7239],[-15.5,11.7777],[-15.4676,11.8436],[-15.4172,11.8714],[-15.212,11.8714],[-15.1328,11.9079],[-15.1004,11.9148],[-15.0716,11.9478],[-15.0788,11.9686],[-15.1112,11.9704],[-15.1868,11.927],[-15.4352,11.9443],[-15.5144,11.9183],[-15.6512,11.8176],[-15.8204,11.7638],[-15.9428,11.7864],[-15.9032,11.92],[-15.9212,11.9374],[-15.9572,11.96],[-16.1372,11.9166],[-16.274,11.9773],[-16.328,12.052],[-16.3172,12.144],[-16.256,12.2065],[-16.2452,12.2377],[-16.3136,12.2429],[-16.436,12.2047],[-16.7132,12.354],[-16.7456,12.3992],[-16.7852,12.4721],[-16.76,12.5259],[-16.6772,12.5606],[-16.5548,12.6057],[-16.4864,12.5814],[-16.4504,12.5814],[-16.4432,12.6092],[-16.454,12.6248],[-16.5476,12.663],[-16.598,12.7151],[-16.6376,12.6856],[-16.6736,12.6214],[-16.7024,12.604],[-16.7456,12.5849],[-16.7672,12.6283],[-16.778,12.67],[-16.76,12.703],[-16.7672,12.8835],[-16.7564,12.979],[-16.7636,13.0641],[-16.7708,13.1491],[-16.8248,13.3418],[-16.7492,13.4251],[-16.67,13.4755],[-16.616,13.4356],[-16.598,13.3574],[-16.5548,13.3036],[-16.4144,13.2689],[-16.2704,13.2932],[-16.184,13.2828],[-16.1876,13.3262],[-16.1588,13.3835],[-15.986,13.4095],[-15.806,13.4251],[-15.6188,13.4599],[-15.4712,13.4581],[-15.428,13.4685],[-15.4388,13.4824],[-15.5684,13.4998],[-15.8492,13.4599],[-16.1372,13.4477],[-16.3532,13.3435],[-16.4396,13.354],[-16.5296,13.4581],[-16.562,13.5866],[-16.5872,13.689],[-16.6484,13.7706],[-16.7456,13.84],[-16.7672,13.9043],[-16.7348,13.9616],[-16.6412,14.0067],[-16.6196,14.0397],[-16.6664,14.0362],[-16.742,14.005],[-16.7924,14.005],[-16.796,14.0935],[-16.8788,14.2081],[-16.9724,14.4025],[-17.0804,14.4824],[-17.1668,14.6403],[-17.2604,14.7011],[-17.3468,14.7289],[-17.4188,14.7237],[-17.444,14.6508],[-17.534,14.7549],[-17.4116,14.7914],[-17.1488,14.9216],[-16.8428,15.2948],[-16.5692,15.734],[-16.5368,15.8382],[-16.5368,16.2861],[-16.4828,16.4545],[-16.4648,16.602],[-16.346,16.9267],[-16.2092,17.1923],[-16.0796,17.5464],[-16.0292,17.8884],[-16.0472,18.2235],[-16.0868,18.522],[-16.1516,18.7182],[-16.2128,19.0029],[-16.3064,19.154],[-16.4756,19.2859],[-16.5152,19.3623],[-16.4756,19.39],[-16.3712,19.4109],[-16.3064,19.5133],[-16.4432,19.4734],[-16.2848,19.7876],[-16.2344,20.0011],[-16.2416,20.1417],[-16.2092,20.2285],[-16.3352,20.416],[-16.4288,20.6521],[-16.4792,20.6903],[-16.5296,20.7094],[-16.5332,20.6539],[-16.562,20.6035],[-16.6232,20.6348],[-16.7276,20.8066],[-16.8752,21.0861],[-16.9292,21.1156],[-16.9724,21.0757],[-16.9976,21.0393],[-17.048,20.8066],[-17.0984,20.857],[-17.0084,21.3778],[-16.9292,21.9003],[-16.7924,22.159],[-16.6844,22.2736],[-16.5152,22.3343],[-16.3604,22.5947],[-16.3028,22.8343],[-16.202,22.9454],[-16.1696,23.0322],[-16.2092,23.0982],[-16.112,23.2284],[-15.9968,23.4263],[-15.9428,23.553],[-15.806,23.7492],[-15.788,23.7926],[-15.8024,23.8429],[-15.8564,23.7995],[-15.914,23.7283],[-15.9824,23.671],[-15.9536,23.7405],[-15.8996,23.8446],[-15.7772,23.9523],[-15.5864,24.0721],[-15.1904,24.4783],[-15.0392,24.5495],[-14.9059,24.7196],[-14.8555,24.8723],[-14.8411,25.2195],[-14.7943,25.4036],[-14.7079,25.5477],[-14.6035,25.8081],[-14.5243,25.9261],[-14.4703,26.1622],[-14.4127,26.2542],[-14.3119,26.2959],[-14.1679,26.4157],[-13.9519,26.4886],[-13.6963,26.6431],[-13.5775,26.7351],[-13.4947,26.8722],[-13.4083,27.1465],[-13.2571,27.4347],[-13.1743,27.6552],[-13.0411,27.7697],[-12.9475,27.9138],[-12.7927,27.9781],[-12.4687,28.0093],[-11.9863,28.1291],[-11.5543,28.3096],[-11.4319,28.3825],[-11.2987,28.5266],[-11.0827,28.7141],[-10.6723,28.9398],[-10.4851,29.0648],[-10.2007,29.3807],[-10.0099,29.6412],[-9.8515,29.8095],[-9.7435,29.9588],[-9.6679,30.1099],[-9.6247,30.3529],[-9.6535,30.4484],[-9.7723,30.6029],[-9.8551,30.6446],[-9.8767,30.7175],[-9.8335,30.8477],[-9.8335,31.0699],[-9.8083,31.424],[-9.6751,31.7105],[-9.3475,32.0872],[-9.2863,32.2399],[-9.2503,32.4865],[-9.2467,32.5733],[-8.8363,32.9205],[-8.5951,33.1878],[-8.5123,33.252],[-8.2999,33.3736],[-7.5619,33.6409],[-7.1443,33.8301],[-6.8995,33.969],[-6.7555,34.1322],[-6.3523,34.7762],[-5.9563,35.6807],[-5.9239,35.7866],[-5.7475,35.8161],[-5.6215,35.8283],[-5.5207,35.8613],[-5.3983,35.9307],[-5.2795,35.9029],[-5.3371,35.856],[-5.3371,35.7449],[-5.2543,35.6147],[-5.1067,35.4672],[-4.8366,35.2814],[-4.6278,35.2068],[-4.329,35.1616],[-3.9834,35.2432],[-3.789,35.245],[-3.6918,35.2797],[-3.591,35.2276],[-3.393,35.212],[-3.2058,35.2398],[-3.0618,35.3179],[-2.9718,35.4064],[-2.9574,35.363],[-2.9538,35.3144],[-2.925,35.2866],[-2.871,35.1721],[-2.8386,35.1287],[-2.7306,35.1356],[-2.637,35.113],[-2.4246,35.1234],[-2.2194,35.1044],[-2.0178,35.0853],[-1.9134,35.0939],[-1.6722,35.1825],[-1.485,35.3023],[-1.3374,35.3648],[-1.2042,35.495],[-1.089,35.5783],[-0.9162,35.6686],[-0.4266,35.8613],[-0.351,35.863],[-0.189,35.8196],[-0.0486,35.8335],[0.0486,35.9012],[0.153,36.0626],[0.3114,36.1616],[0.5166,36.2623],[0.7902,36.356],[0.9702,36.4445],[1.2582,36.5192],[1.9746,36.5678],[2.3418,36.6095],[2.5938,36.6008],[2.8458,36.7397],[2.9718,36.7848],[3.519,36.7952],[3.7782,36.8959],[4.7574,36.8959],[4.8762,36.8629],[4.995,36.8074],[5.1967,36.6772],[5.2939,36.6477],[5.4235,36.6754],[5.7259,36.8004],[6.0643,36.8647],[6.2479,36.9376],[6.3271,37.0452],[6.4855,37.0851],[6.5755,37.0035],[6.9283,36.9202],[7.1443,36.9428],[7.2379,36.9688],[7.2055,37.0921],[7.4323,37.0591],[7.6087,37.0001],[7.7923,36.8803],[7.9111,36.856],[8.1271,36.9098],[8.5771,36.9376],[8.8219,36.9983],[9.0595,37.1563],[9.1423,37.1945],[9.6895,37.3403],[9.7579,37.3299],[9.8371,37.3091],[9.8155,37.2553],[9.7831,37.2119],[9.8299,37.1355],[9.8947,37.1823],[9.8803,37.2136],[9.8767,37.2535],[9.9883,37.257],[10.0891,37.2518],[10.1971,37.2067],[10.1899,37.0331],[10.3339,36.8647],[10.2943,36.7813],[10.4131,36.731],[10.5175,36.7917],[10.5715,36.8803],[10.7659,36.9306],[10.9531,37.0591],[11.0539,37.073],[11.0755,36.9671],[11.1259,36.8733],[11.0575,36.8421],[10.9675,36.7431],[10.7983,36.4932],[10.6435,36.4202],[10.5247,36.323],[10.4887,36.2553],[10.4779,36.1755],[10.5067,36.0331],[10.5895,35.8873],[10.6903,35.7988],[10.7839,35.7727],[11.0035,35.6338],[10.9999,35.5522],[11.0323,35.4533],[11.0431,35.3352],[11.1187,35.2398],[10.9567,35.0332],[10.8667,34.8839],[10.6903,34.679],[10.5355,34.5454],[10.2007,34.3457],[10.1179,34.2798],[10.0639,34.212],[10.0387,34.1409],[10.0495,34.0558],[10.1575,33.8492],[10.3051,33.7277],[10.4527,33.6617],[10.7119,33.6895],[10.7047,33.6097],[10.7227,33.5142],[10.8271,33.5194],[10.8991,33.5333],[10.9567,33.627],[11.0863,33.5628],[11.1511,33.3701],[11.2591,33.3093],[11.2699,33.2868],[11.2339,33.2711],[11.2015,33.2486],[11.2339,33.2329],[11.3383,33.2086],[11.3995,33.2243],[11.5039,33.1826],[11.6587,33.1184],[11.8135,33.0941],[12.2815,32.858],[12.4255,32.8285],[12.7531,32.8007],[13.1383,32.8979],[13.2823,32.9153],[13.5379,32.825],[13.6495,32.7989],[13.8367,32.792],[14.1571,32.7104],[14.2363,32.6809],[14.4235,32.5507],[14.5135,32.5108],[15.176,32.391],[15.266,32.3111],[15.3596,32.1601],[15.3632,31.9709],[15.4136,31.8337],[15.4964,31.6567],[15.5972,31.5317],[15.7052,31.4258],[15.8312,31.3615],[16.1228,31.2643],[16.4504,31.2279],[16.7816,31.214],[17.3504,31.082],[17.8292,30.9275],[17.948,30.8511],[18.1892,30.7765],[18.6716,30.4154],[18.938,30.2904],[19.1252,30.2661],[19.2908,30.2887],[19.5896,30.4137],[19.712,30.4883],[20.0144,30.8008],[20.1116,30.964],[20.1512,31.0786],[20.1404,31.1949],[20.1044,31.3008],[20.0216,31.4101],[19.9604,31.556],[19.928,31.8181],[19.9748,31.9986],[20.0324,32.108],[20.1224,32.2191],[20.3708,32.4309],[20.6228,32.5802],[21.062,32.7764],[21.3176,32.7781],[21.4256,32.7989],[21.6344,32.9378],[21.7208,32.943],[21.8396,32.9083],[22.1888,32.9187],[22.34,32.8805],[22.5236,32.7937],[22.754,32.7399],[22.916,32.6878],[23.0888,32.6184],[23.1284,32.4483],[23.1104,32.3979],[23.1068,32.332],[23.2868,32.2139],[23.798,32.1584],[23.8988,32.1271],[24.0392,32.0368],[24.1292,32.0091],[24.4784,31.9969],[24.6836,32.016],[24.878,31.9848],[24.95,31.9535],[25.0257,31.8841],[25.1157,31.7122],[25.1517,31.6549],[25.2273,31.5334],[25.3821,31.5126],[25.8933,31.6202],[26.4585,31.5126],[26.7681,31.4709],[27.2469,31.3772],[27.5385,31.2122],[27.6213,31.1914],[27.8301,31.1949],[27.9669,31.0977],[28.5141,31.0508],[28.8057,30.9432],[28.9713,30.8564],[29.0721,30.8303],[29.1585,30.8338],[29.2773,30.8668],[29.4285,30.9275],[29.5905,31.0109],[29.9289,31.2279],[30.0477,31.266],[30.1269,31.2556],[30.2241,31.2591],[30.2637,31.3164],[30.3141,31.3563],[30.3429,31.4032],[30.3969,31.457],[30.5697,31.4726],[30.9225,31.5664],[30.8829,31.523],[30.5625,31.4171],[30.6993,31.4032],[30.8397,31.4396],[31.0017,31.4622],[31.0305,31.5074],[31.0521,31.5924],[31.0845,31.6028],[31.1925,31.5872],[31.5237,31.4587],[31.6065,31.4553],[31.8405,31.5264],[31.8873,31.5421],[31.9629,31.5021],[32.1357,31.3407],[32.0745,31.3442],[31.8909,31.483],[31.8765,31.4136],[31.7721,31.2921],[31.9017,31.24],[32.0097,31.2209],[32.0673,31.1532],[32.1033,31.0924],[32.2077,31.1185],[32.2833,31.2001],[32.2437,31.247],[32.2149,31.2938],[32.2509,31.2956],[32.3229,31.2556],[32.5317,31.1011],[32.6037,31.0681],[32.6829,31.0734],[32.8557,31.1185],[32.9025,31.1115],[33.1293,31.1688],[33.1581,31.1254],[33.1941,31.0838],[33.3777,31.1306],[33.6657,31.1306],[33.9033,31.181],[34.1769,31.3042],[34.1985,31.3233],[34.3857,31.483],[34.4757,31.5855],[34.4829,31.5924],[34.6773,31.8962],[34.8033,32.1965],[34.9221,32.6149],[35.005,32.8267],[35.077,32.9673],[35.1094,33.0836],[35.1562,33.16],[35.203,33.259],[35.2498,33.3927],[35.3362,33.5038],[35.5126,33.8805],[35.6134,34.0315],[35.6494,34.2485],[35.8042,34.4377],[35.923,34.4933],[35.977,34.5471],[35.977,34.6287],[35.8978,34.8526],[35.887,34.9481],[35.8906,35.061],[35.9446,35.2241],[35.9194,35.2988],[35.9158,35.3509],[35.9014,35.4203],[35.7646,35.5713],[35.8402,35.8491],[35.8942,35.9168],[35.9554,35.9984],[35.887,36.1598],[35.8114,36.3091],[35.8834,36.4064],[36.031,36.5227],[36.1894,36.6598],[36.1894,36.7431],[36.1786,36.8074],[36.1354,36.8508],[36.049,36.9098],[35.905,36.8473],[35.8006,36.7779],[35.7358,36.764],[35.6602,36.724],[35.6242,36.6529],[35.5378,36.5973],[35.3938,36.5747],[35.1778,36.6355],[34.9437,36.7258],[34.8105,36.7987],[34.7025,36.8161],[34.6017,36.7848],[34.2993,36.6043],[34.0221,36.3404],[33.9537,36.2953],[33.6945,36.1824],[33.5217,36.1442],[33.4425,36.1529],[33.1005,36.1026],[32.9277,36.0956],[32.7945,36.0366],[32.5353,36.1008],[32.3769,36.1841],[32.2833,36.2675],[32.1321,36.4498],[32.0205,36.5348],[31.7793,36.6129],[31.3509,36.8004],[31.2393,36.8213],[30.9513,36.849],[30.6453,36.8664],[30.5805,36.797],[30.5589,36.5261],[30.5049,36.4515],[30.4833,36.3109],[30.4473,36.2692],[30.3861,36.2432],[30.2961,36.2883],[30.2313,36.3074],[30.0837,36.2501],[29.7885,36.1685],[29.6877,36.1564],[29.3493,36.2588],[29.2233,36.3248],[29.1441,36.3977],[29.1153,36.5209],[29.0649,36.5904],[29.0577,36.639],[29.0397,36.6928],[28.9713,36.7154],[28.8957,36.6737],[28.8165,36.6754],[28.7193,36.7015],[28.4853,36.8039],[28.3053,36.8126],[28.1973,36.6859],[28.1109,36.6459],[28.0209,36.6338],[28.0137,36.6702],[28.0857,36.7518],[27.8049,36.7362],[27.6573,36.6754],[27.5421,36.6841],[27.4557,36.7119],[27.4665,36.7466],[27.5565,36.7588],[27.6321,36.7865],[27.9345,36.8091],[28.0065,36.8317],[28.0821,36.9202],[28.2261,36.9966],[28.2441,37.0296],[28.1325,37.0296],[27.6681,37.007],[27.3477,37.0192],[27.3117,36.9827],[27.2613,36.9758],[27.2505,37.0799],[27.3009,37.1268],[27.3693,37.1216],[27.5349,37.1633],[27.5205,37.2483],[27.4017,37.3073],[27.3765,37.3403],[27.2901,37.349],[27.2181,37.3889],[27.2037,37.4914],[27.1497,37.6042],[27.0669,37.658],[27.0777,37.6875],[27.2253,37.7257],[27.2541,37.882],[27.2325,37.9792],[27.1605,37.9861],[26.9445,38.0625],[26.8797,38.0556],[26.8077,38.1389],[26.6817,38.1979],[26.6205,38.1771],[26.5809,38.1493],[26.5233,38.1615],[26.4297,38.2135],[26.3325,38.243],[26.2893,38.2778],[26.3433,38.3698],[26.4153,38.368],[26.4297,38.441],[26.3721,38.5625],[26.3793,38.625],[26.4405,38.6406],[26.5125,38.6302],[26.5881,38.5573],[26.6097,38.4861],[26.5953,38.4184],[26.6421,38.3524],[26.6745,38.3351],[26.6961,38.4062],[26.7285,38.4184],[26.7717,38.3889],[26.8617,38.3732],[27.0993,38.4149],[27.1425,38.4514],[26.9697,38.4479],[26.9085,38.4809],[26.8365,38.5573],[26.7969,38.6267],[26.7861,38.6597],[26.7645,38.71],[26.7897,38.7361],[26.9085,38.776],[27.0129,38.8871],[26.9697,38.9184],[26.9193,38.934],[26.8653,38.9236],[26.8149,38.9618],[26.8077,39.0138],[26.8509,39.0572],[26.8545,39.1163],[26.7177,39.2603],[26.6817,39.2916],[26.7105,39.3402],[26.8149,39.4183],[26.9121,39.5173],[26.8977,39.5503],[26.8257,39.5624],[26.4837,39.5207],[26.3505,39.4843],[26.1129,39.4669],[26.0949,39.5207],[26.1021,39.5694],[26.1561,39.6562],[26.1489,39.8732],[26.1813,39.9895],[26.3145,40.0242],[26.4765,40.1978],[26.7393,40.4009],[27.0129,40.3957],[27.1209,40.453],[27.2829,40.4565],[27.3153,40.4148],[27.3333,40.3766],[27.4773,40.3193],[27.7293,40.328],[27.7905,40.3506],[27.8481,40.3818],[27.7329,40.4808],[27.7689,40.5103],[27.8733,40.5137],[27.9885,40.4894],[27.9957,40.4669],[27.9633,40.4356],[27.9273,40.3801],[27.9633,40.3697],[28.2873,40.4026],[28.6293,40.3766],[28.7373,40.3905],[29.0073,40.3905],[29.0541,40.4235],[28.9749,40.4669],[28.8957,40.4825],[28.8417,40.5033],[28.7877,40.5346],[28.9569,40.6301],[29.0541,40.6491],[29.5077,40.7082],[29.8461,40.7377],[29.8497,40.7603],[29.7993,40.7603],[29.3637,40.8089],[29.2593,40.8471],[29.1153,40.9373],[29.0829,40.9634],[29.0469,41.0068],[29.0685,41.1022],[29.0937,41.1769],[29.1477,41.2203],[29.3205,41.2272],[29.9181,41.1509],[30.3465,41.1977],[30.8109,41.0849],[31.2537,41.1075],[31.3473,41.1578],[31.4589,41.3192],[32.0853,41.5901],[32.3049,41.7289],[32.5425,41.8071],[32.9457,41.8921],[33.2841,42.005],[33.3813,42.0171],[34.1913,41.9633],[34.7493,41.9564],[35.005,42.064],[35.1562,42.0275],[35.1418,41.9893],[35.113,41.9564],[35.1238,41.8904],[35.2102,41.7949],[35.2966,41.7289],[35.5594,41.6335],[35.9194,41.7133],[35.977,41.7046],[36.0526,41.6821],[36.1786,41.4269],[36.2794,41.3366],[36.4054,41.2741],[36.5098,41.262],[36.5854,41.3262],[36.6466,41.3522],[36.7762,41.3626],[36.9922,41.2758],[37.0678,41.1838],[37.4314,41.1144],[37.7662,41.0797],[37.9102,41.0016],[38.3818,40.9252],[38.5582,40.9373],[38.8534,41.0172],[39.4258,41.1057],[39.8074,40.9825],[39.9118,40.9668],[40.0018,40.9773],[40.1278,40.9425],[40.2646,40.9616],[40.6858,41.1075],[40.819,41.1908],[40.9594,41.2116],[41.0818,41.262],[41.413,41.4234],[41.5102,41.5171],[41.701,41.7046],[41.7586,41.8175],[41.7622,41.8852],[41.7622,41.9702],[41.665,42.1473],[41.5786,42.3973],[41.4886,42.6594],[41.4202,42.7376],[41.1286,42.8278],[41.0602,42.9303],[40.837,43.0639],[40.5238,43.1212],[40.4626,43.1455],[40.189,43.3122],[39.9766,43.4198],[39.8722,43.4736],[39.5158,43.7271],[39.3286,43.8972],[38.7166,44.2878],[38.6374,44.3173],[38.3134,44.3746],[38.1802,44.4197],[37.8526,44.6992],[37.705,44.6611],[37.5718,44.6715],[37.4962,44.6958],[37.4098,44.7357],[37.3522,44.7878],[37.2838,44.9058],[37.2046,44.9718],[36.9454,45.069],[36.6502,45.1263],[36.6286,45.1506],[36.6178,45.1853],[36.8734,45.2513],[36.9418,45.2895],[36.8122,45.3398],[36.7618,45.3485],[36.7222,45.3711],[36.7942,45.4093],[36.8662,45.4266],[36.9778,45.3832],[37.1038,45.3034],[37.2154,45.2721],[37.2658,45.3103],[37.6474,45.378],[37.6726,45.4301],[37.6726,45.4891],[37.633,45.4857],[37.6114,45.4995],[37.6114,45.5655],[37.669,45.654],[37.8418,45.7999],[37.9318,46.0012],[38.0146,46.0481],[38.0722,46.0169],[38.0686,45.97],[38.0794,45.9353],[38.1334,46.003],[38.1838,46.095],[38.3134,46.095],[38.3998,46.0794],[38.4934,46.0898],[38.317,46.2426],[38.0794,46.3936],[37.9786,46.3832],[37.9138,46.4057],[37.8094,46.5325],[37.7662,46.6366],[37.867,46.6332],[37.9678,46.6175],[38.1586,46.6904],[38.2306,46.7009],[38.3422,46.6783],[38.5006,46.6644],[38.4898,46.7321],[38.4394,46.8137],[38.6302,46.8727],[38.7994,46.9057],[39.127,47.0238],[39.271,47.0446],[39.289,47.0706],[39.2926,47.1053],[39.2458,47.1991],[39.1954,47.2685],[39.0226,47.272],[38.929,47.1765],[38.6698,47.1435],[38.551,47.1505],[38.6446,47.213],[38.7346,47.2355],[38.7634,47.2616],[38.5762,47.239],[38.4862,47.1748],[38.2126,47.0915],[38.1766,47.081],[37.8274,47.0967],[37.543,47.0741],[37.3414,46.9161],[37.219,46.9179],[37.0462,46.8762],[36.931,46.8258],[36.7942,46.7147],[36.6898,46.7634],[36.5602,46.7634],[36.4306,46.7321],[36.2794,46.6592],[36.193,46.6453],[36.0238,46.6661],[35.8258,46.6245],[35.401,46.3814],[35.257,46.2044],[35.203,46.1696],[35.131,46.1262],[35.0554,46.1037],[35.0158,46.1054],[35.2174,46.2321],[35.2786,46.279],[35.2894,46.3137],[35.293,46.371],[35.2318,46.4405],[35.0626,46.2669],[34.9689,46.2426],[34.8501,46.1905],[34.8429,46.0742],[34.8573,45.9874],[34.9077,45.878],[35.023,45.7009],[35.2606,45.4475],[35.3722,45.3537],[35.4586,45.3155],[35.5594,45.3103],[35.7502,45.3902],[35.833,45.4023],[36.013,45.3711],[36.0778,45.4249],[36.1714,45.4527],[36.2902,45.4561],[36.427,45.4336],[36.5746,45.3936],[36.5134,45.3034],[36.4522,45.2322],[36.427,45.1541],[36.3946,45.0655],[36.229,45.0256],[36.0562,45.0308],[35.869,45.0048],[35.8042,45.0395],[35.761,45.0707],[35.6782,45.102],[35.5702,45.1194],[35.473,45.0985],[35.3578,44.9787],[35.1562,44.8971],[35.0878,44.8034],[34.8861,44.8242],[34.7169,44.8069],[34.4685,44.7218],[34.2813,44.5378],[34.0761,44.4232],[33.9105,44.3868],[33.7557,44.3989],[33.6549,44.4336],[33.4497,44.5534],[33.4641,44.5968],[33.4929,44.6194],[33.5289,44.6801],[33.6117,44.9076],[33.6009,44.9822],[33.5541,45.0968],[33.3921,45.1871],[33.2625,45.1714],[33.1869,45.194],[32.9169,45.3485],[32.7729,45.3589],[32.6109,45.3277],[32.5533,45.3502],[32.5065,45.4041],[32.8269,45.5933],[33.1437,45.7495],[33.2805,45.7652],[33.4677,45.8381],[33.6657,45.9474],[33.6369,46.0325],[33.5937,46.0967],[33.5001,46.0794],[33.4281,46.0568],[33.2625,46.1262],[33.2013,46.1766],[32.9421,46.1245],[32.7981,46.1314],[32.4777,46.0828],[32.3301,46.1297],[32.0349,46.2616],[31.9269,46.2877],[31.8297,46.2825],[31.7793,46.3241],[31.8441,46.3467],[31.9161,46.3484],[31.9917,46.3641],[32.0133,46.3866],[32.0097,46.43],[31.8549,46.463],[31.7145,46.4717],[31.6245,46.5099],[31.5561,46.555],[31.7145,46.555],[31.8765,46.522],[32.1321,46.5099],[32.3625,46.4752],[32.4201,46.5186],[32.5533,46.5915],[32.5785,46.6158],[32.3553,46.5654],[32.1285,46.5967],[32.0457,46.6418],[31.9737,46.7095],[31.9449,46.7842],[31.9629,46.8554],[31.9413,46.9821],[31.8657,47.0949],[31.8369,47.1574],[31.7577,47.213],[31.8369,47.0862],[31.8657,47.0029],[31.9125,46.9265],[31.9017,46.7217],[31.8729,46.6505],[31.7793,46.6314],[31.6569,46.6418],[31.5309,46.6644],[31.5633,46.7772],[31.4985,46.739],[31.4013,46.6279],[31.3185,46.6123],[31.1385,46.6245],[30.7965,46.5516],[30.7713,46.4734],[30.7209,46.3658],[30.6705,46.3033],[30.6561,46.2669],[30.5121,46.1054],[30.4941,46.0898],[30.2205,45.8676],[30.1845,45.8502],[30.0081,45.7981],[29.9001,45.753],[29.8209,45.7322],[29.6841,45.7547],[29.6301,45.7218],[29.6013,45.6818],[29.6013,45.6002],[29.6697,45.5412],[29.7273,45.3433],[29.7057,45.26],[29.6877,45.194],[29.6769,45.1523],[29.6337,44.9805],[29.6049,44.9162],[29.5581,44.8433],[29.0469,44.7583],[29.0793,44.7982],[29.0685,44.8711],[29.0469,44.9249],[29.0937,44.9753],[28.9821,44.9926],[28.9317,44.9666],[28.8921,44.918],[28.9245,44.8103],[28.8705,44.7496],[28.8489,44.7166],[28.8453,44.6367],[28.8129,44.602],[28.8057,44.5656],[28.8885,44.5743],[28.8525,44.5065],[28.6977,44.3746],[28.6437,44.2965],[28.6581,43.984],[28.5897,43.7983],[28.5861,43.7427],[28.5609,43.5014],[28.4637,43.3886],[28.3197,43.4268],[28.1325,43.3955],[28.0353,43.2688],[27.9777,43.2306],[27.9273,43.1854],[27.8949,43.0205],[27.8877,42.7497],[27.8193,42.7167],[27.7545,42.7063],[27.4845,42.4685],[27.6393,42.4008],[27.7077,42.3504],[27.8229,42.2081],[27.9813,42.0466],[28.0137,41.9685],[27.9885,41.8557],[28.0497,41.7289],[28.1973,41.5553],[28.3449,41.4668],[28.9461,41.2481],[29.0577,41.229],[29.0325,41.1404],[28.9965,41.0606],[28.9569,41.0085],[28.7805,40.9738],[28.2945,41.071],[28.1721,41.0814],[28.0857,41.0606],[27.9237,40.9911],[27.7473,41.0137],[27.4989,40.9738],[27.4305,40.8401],[27.2577,40.6873],[26.9733,40.5641],[26.7717,40.4981],[26.4693,40.262],[26.3289,40.1231],[26.2713,40.0971],[26.2029,40.0745],[26.2245,40.1422],[26.2605,40.203],[26.2533,40.2481],[26.2533,40.3141],[26.3541,40.3905],[26.4477,40.4443],[26.7213,40.545],[26.7933,40.6266],[26.5773,40.6248],[26.3613,40.6057],[26.2245,40.6179],[26.1057,40.611],[26.0661,40.6839],[26.0373,40.7273],[26.0121,40.7689],[25.8573,40.8436],[25.4973,40.887],[25.3245,40.9425],[25.2489,40.9321],[25.1049,40.9946],[25.0041,40.9668],[24.7916,40.8575],[24.68,40.8696],[24.5576,40.9356],[24.4784,40.9477],[24.3848,40.913],[24.2336,40.7863],[24.0824,40.7238],[23.9456,40.7481],[23.762,40.7481],[23.744,40.6769],[23.78,40.6283],[23.8772,40.545],[23.8304,40.4808],[23.8664,40.4183],[23.9312,40.4061],[24.032,40.4096],[24.212,40.328],[24.2912,40.2412],[24.3416,40.1474],[24.2336,40.2151],[24.158,40.2794],[24.0572,40.3037],[23.9132,40.3592],[23.8232,40.3679],[23.7296,40.3297],[23.7188,40.2863],[23.8232,40.2047],[23.9168,40.1544],[23.9672,40.1145],[23.9996,40.0242],[23.9816,39.9947],[23.9456,39.9652],[23.834,40.0225],[23.6648,40.2238],[23.4272,40.2638],[23.3876,40.2221],[23.4344,40.1162],[23.4668,40.0745],[23.6756,39.9582],[23.6576,39.9339],[23.6288,39.9235],[23.3948,39.9895],[23.3264,40.0902],[23.312,40.2169],[23.0996,40.3037],[22.898,40.3992],[22.8512,40.4912],[22.8944,40.5242],[22.9232,40.5901],[22.8116,40.578],[22.7432,40.5363],[22.628,40.4964],[22.6244,40.4287],[22.6424,40.3662],[22.6064,40.2759],[22.5704,40.1197],[22.592,40.0363],[22.8368,39.8002],[22.9196,39.6284],[22.9772,39.5641],[23.1032,39.4912],[23.2328,39.3593],[23.2868,39.2881],[23.3264,39.1753],[23.2184,39.1041],[23.1536,39.1006],[23.1212,39.1336],[23.168,39.21],[23.1608,39.2586],[22.9916,39.3315],[22.9196,39.3055],[22.8404,39.2586],[22.8872,39.1701],[22.9376,39.111],[22.9664,39.0312],[23.0672,39.0381],[22.9304,38.9479],[22.8044,38.901],[22.6784,38.8993],[22.5956,38.8906],[22.5704,38.868],[22.6352,38.8506],[22.6892,38.8489],[22.7756,38.8003],[23.0204,38.7413],[23.1392,38.6684],[23.2544,38.6614],[23.3696,38.526],[23.5712,38.4896],[23.6828,38.3524],[23.8376,38.3246],[23.9672,38.2743],[24.0068,38.2274],[24.0248,38.1406],[24.032,37.9549],[24.0608,37.8177],[24.0608,37.7743],[24.0536,37.7101],[24.0212,37.6771],[23.9708,37.6771],[23.8772,37.7778],[23.7332,37.8837],[23.582,38.0104],[23.5388,38.033],[23.5028,38.0347],[23.42,37.9913],[23.1932,37.9583],[23.0888,37.9132],[23.0492,37.9028],[23.0348,37.8785],[23.0852,37.8524],[23.1464,37.7952],[23.1464,37.717],[23.1968,37.6198],[23.2616,37.5955],[23.348,37.5973],[23.3948,37.5799],[23.4092,37.5417],[23.4596,37.4966],[23.492,37.4636],[23.4884,37.441],[23.2508,37.3768],[23.204,37.349],[23.1608,37.3334],[23.0996,37.3646],[23.096,37.441],[23.0168,37.4809],[22.9412,37.5174],[22.8512,37.533],[22.7756,37.5851],[22.7252,37.5417],[22.7648,37.3941],[22.8512,37.29],[22.9952,37.0157],[23.06,36.8542],[23.0744,36.7744],[23.042,36.6442],[23.1104,36.547],[23.1608,36.448],[23.1068,36.4515],[23.06,36.4862],[22.9844,36.5279],[22.8332,36.6876],[22.7792,36.7865],[22.718,36.7935],[22.61,36.7796],[22.4876,36.5678],[22.4912,36.4463],[22.4264,36.4758],[22.376,36.514],[22.3796,36.6459],[22.376,36.7015],[22.232,36.882],[22.1636,36.9029],[22.1348,36.9636],[22.0808,37.0296],[22.0124,37.0157],[21.9548,36.9897],[21.9404,36.8924],[21.9332,36.8039],[21.8936,36.7379],[21.7388,36.8629],[21.584,37.0817],[21.5804,37.1997],[21.692,37.3091],[21.6776,37.3872],[21.5696,37.5417],[21.4148,37.6407],[21.3284,37.6702],[21.2888,37.7743],[21.206,37.8281],[21.1376,37.8542],[21.1232,37.8924],[21.1448,37.9202],[21.3068,38.0278],[21.404,38.1962],[21.4508,38.2049],[21.548,38.1649],[21.6596,38.1753],[21.7496,38.2743],[21.8252,38.3281],[21.9548,38.3212],[22.2428,38.1892],[22.556,38.1128],[22.7108,38.0469],[22.8008,37.9809],[22.8476,37.967],[22.9196,37.9583],[22.916,38.007],[22.8944,38.0504],[22.9556,38.0747],[23.1212,38.0729],[23.1536,38.0972],[23.1824,38.1337],[23.15,38.1753],[23.0924,38.1962],[23.0348,38.2014],[22.9952,38.2153],[22.934,38.2014],[22.8332,38.2344],[22.7828,38.2621],[22.754,38.2899],[22.5848,38.3455],[22.4228,38.4392],[22.3868,38.3854],[22.3184,38.3576],[22.2284,38.3524],[21.9656,38.4132],[21.8036,38.3663],[21.7172,38.3559],[21.6488,38.3542],[21.566,38.3333],[21.4724,38.3212],[21.3896,38.408],[21.3572,38.4757],[21.332,38.4878],[21.3284,38.4236],[21.3032,38.3732],[21.1844,38.3455],[21.1124,38.3854],[21.0584,38.5034],[20.9936,38.6545],[20.8748,38.776],[20.7776,38.8072],[20.7668,38.875],[20.7776,38.927],[20.8928,38.9409],[21.0728,38.8854],[21.1124,38.8958],[21.152,38.9218],[21.1448,38.9791],[21.1196,39.0295],[21.0692,39.0329],[21.0332,39.026],[20.9216,39.0364],[20.7812,39.0086],[20.7128,39.0347],[20.6912,39.0676],[20.5724,39.1475],[20.468,39.2551],[20.3024,39.3263],[20.1908,39.545],[20.1008,39.6405],[20,39.71],[19.9964,39.8002],[19.964,39.8714],[19.8524,40.0433],[19.4852,40.2099],[19.3988,40.2846],[19.3592,40.3471],[19.3232,40.4078],[19.3592,40.4096],[19.3952,40.394],[19.442,40.3749],[19.46,40.4061],[19.4384,40.4703],[19.3448,40.6214],[19.3376,40.663],[19.3844,40.7915],[19.46,40.9339],[19.4564,41.1057],[19.4816,41.2359],[19.4528,41.321],[19.442,41.4251],[19.496,41.5623],[19.5464,41.597],[19.5752,41.6404],[19.5788,41.788],[19.4672,41.8557],[19.3412,41.8696],[19.1864,41.9494],[19.1216,42.0605],[18.8948,42.2497],[18.632,42.3782],[18.6176,42.399],[18.632,42.4233],[18.6464,42.4424],[18.5924,42.4442],[18.5528,42.4286],[18.5168,42.4338],[18.3332,42.5275],[18.1604,42.6334],[17.8256,42.7966],[17.5844,42.8365],[17.2568,42.9684],[17.0444,43.0153],[17.1272,43.0257],[17.2208,43.0257],[17.7248,42.8504],[17.6672,42.8973],[17.5844,42.9389],[17.5376,42.9615],[17.3288,43.1143],[17.1308,43.2115],[16.904,43.392],[16.6016,43.4632],[16.3928,43.5431],[16.2704,43.5309],[16.13,43.5066],[16.0472,43.5049],[15.986,43.5205],[15.9428,43.5691],[15.95,43.6073],[15.9428,43.6559],[15.8204,43.7358],[15.6548,43.8121],[15.5,43.9094],[15.1868,44.1715],[15.122,44.2566],[15.1832,44.2722],[15.23,44.2722],[15.284,44.2895],[15.3704,44.2895],[15.4712,44.2722],[15.3812,44.3277],[15.2696,44.3833],[14.9815,44.6038],[14.8951,44.7062],[14.8843,44.819],[14.9059,44.9718],[14.8555,45.0812],[14.6323,45.2235],[14.5495,45.2982],[14.3875,45.3416],[14.3119,45.3381],[14.2687,45.2825],[14.2363,45.1593],[14.0923,44.9978],[14.0419,44.9267],[13.9663,44.8364],[13.9015,44.8294],[13.8619,44.8381],[13.7431,44.9909],[13.6279,45.1089],[13.6135,45.1628],[13.6027,45.2322],[13.5163,45.4822],[13.5775,45.5169],[13.6387,45.536],[13.7215,45.5881],[13.7827,45.628],[13.6279,45.7704],[13.5595,45.7704],[13.4659,45.7096],[13.2067,45.7721],[13.1563,45.7461],[13.1203,45.6974],[13.0303,45.6367],[12.9043,45.6106],[12.7603,45.5447],[12.6127,45.4978],[12.4975,45.4613],[12.4327,45.4683],[12.5371,45.5447],[12.4903,45.5464],[12.3535,45.4926],[12.2743,45.4457],[12.2491,45.3693],[12.2239,45.2409],[12.2851,45.2079],[12.3931,45.0395],[12.5227,44.9683],[12.4975,44.8989],[12.4651,44.8451],[12.3859,44.7982],[12.3175,44.8329],[12.2779,44.8329],[12.2491,44.7218],[12.3067,44.4302],[12.3967,44.2236],[12.4867,44.135],[12.6919,43.9944],[12.9079,43.9215],[13.2967,43.6854],[13.5091,43.6125],[13.5631,43.5708],[13.6927,43.3903],[13.8043,43.1802],[13.9231,42.8521],[14.0095,42.689],[14.1823,42.5067],[14.5423,42.2445],[14.8663,42.0518],[15.1688,41.9338],[15.4064,41.913],[15.9644,41.939],[16.0616,41.9286],[16.166,41.8956],[16.1876,41.814],[16.1516,41.7585],[16.0328,41.7012],[15.914,41.6213],[15.8996,41.5119],[16.0112,41.4356],[16.5512,41.2324],[17.102,41.0623],[17.2748,40.9755],[17.4728,40.8401],[17.9552,40.6544],[18.0344,40.5641],[18.3296,40.3714],[18.4592,40.2204],[18.4844,40.104],[18.4232,39.9877],[18.3944,39.9044],[18.344,39.8211],[18.218,39.8523],[18.0776,39.9374],[17.8652,40.2794],[17.4764,40.3141],[17.3972,40.3401],[17.2568,40.3992],[17.2496,40.4374],[17.2136,40.486],[17.1812,40.5033],[17.03,40.5137],[16.9292,40.4582],[16.8068,40.3263],[16.67,40.137],[16.5296,39.8593],[16.5224,39.7482],[16.598,39.6388],[16.8248,39.578],[16.9976,39.4808],[17.1128,39.3801],[17.1236,39.1371],[17.174,38.9982],[17.0984,38.9201],[16.9508,38.9392],[16.7564,38.8888],[16.616,38.8003],[16.5584,38.7152],[16.5728,38.493],[16.544,38.4097],[16.2812,38.25],[16.1444,38.0868],[16.1084,38.0191],[16.058,37.941],[15.7232,37.9392],[15.6476,38.0347],[15.644,38.1753],[15.7016,38.2621],[15.824,38.3038],[15.9032,38.4844],[15.878,38.6146],[15.9284,38.6718],[15.9716,38.7118],[16.0652,38.7361],[16.1984,38.7586],[16.2092,38.9409],[16.1084,39.0242],[16.0724,39.1388],[16.022,39.3541],[15.8528,39.6266],[15.7628,39.8697],[15.6944,39.9895],[15.5864,40.0537],[15.392,40.052],[15.2948,40.0693],[14.9491,40.2395],[14.9275,40.2655],[14.9275,40.3089],[14.9851,40.3783],[14.9491,40.4686],[14.9059,40.5554],[14.8411,40.6301],[14.7655,40.6682],[14.6107,40.6439],[14.5567,40.6266],[14.4595,40.6335],[14.3839,40.6005],[14.3407,40.5988],[14.4595,40.729],[14.4271,40.7585],[14.3083,40.8123],[14.1463,40.821],[14.1031,40.828],[14.0743,40.7932],[14.0455,40.8123],[14.0491,40.8696],[13.8583,41.13],[13.7323,41.2359],[13.6711,41.255],[13.5559,41.2324],[13.3615,41.2793],[13.2463,41.2897],[13.1851,41.2776],[13.0879,41.2446],[13.0411,41.2654],[13.0231,41.3001],[12.8503,41.4095],[12.6307,41.4703],[12.2059,41.8123],[12.0763,41.9407],[11.8063,42.0814],[11.6371,42.2879],[11.4967,42.3626],[11.2951,42.4233],[11.2483,42.4164],[11.1871,42.3938],[11.1403,42.3904],[11.1043,42.4164],[11.1403,42.4442],[11.1835,42.4563],[11.1691,42.5344],[10.9387,42.7393],[10.8019,42.8035],[10.7659,42.8452],[10.7371,42.9007],[10.7083,42.9355],[10.6435,42.958],[10.5895,42.9528],[10.5139,42.9667],[10.5175,43.0657],[10.5319,43.1403],[10.5211,43.2045],[10.4491,43.3712],[10.3195,43.5136],[10.2475,43.8521],[10.1863,43.9476],[10.0459,44.0205],[9.7291,44.1003],[9.2899,44.3191],[9.1963,44.3225],[8.9299,44.4076],[8.7643,44.4215],[8.5519,44.3468],[8.2927,44.1368],[8.0803,43.9198],[8.0047,43.8764],[7.7347,43.8017],[7.4935,43.767],[7.2631,43.6958],[7.1803,43.6594],[6.8635,43.4389],[6.7159,43.3729],[6.6871,43.3347],[6.6583,43.2618],[6.5719,43.1993],[6.4927,43.1698],[6.3055,43.1386],[6.1147,43.0726],[6.0319,43.1004],[5.8087,43.0986],[5.6719,43.1785],[5.4055,43.2288],[5.3191,43.3452],[5.2003,43.3521],[5.1211,43.3486],[5.0743,43.366],[5.0599,43.4059],[5.0599,43.4441],[4.977,43.4268],[4.9122,43.4268],[4.8726,43.4111],[4.8438,43.3938],[4.8078,43.4059],[4.7862,43.4007],[4.7898,43.3781],[4.7106,43.3729],[4.6278,43.3868],[4.4082,43.4476],[4.3758,43.4563],[4.2246,43.4788],[4.1634,43.5031],[4.113,43.5639],[4.0734,43.5813],[4.0518,43.5934],[3.9114,43.5639],[3.861,43.517],[3.7854,43.4615],[3.2598,43.1924],[3.1626,43.0813],[3.051,42.9146],[3.0438,42.8382],[3.0906,42.5917],[3.1986,42.4615],[3.213,42.4303],[3.2382,42.3678],[3.2886,42.3435],[3.3066,42.2897],[3.2202,42.2602],[3.1662,42.2567],[3.1518,42.1629],[3.1734,42.1352],[3.2238,42.1109],[3.2382,42.0831],[3.249,41.9442],[3.1482,41.8609],[3.0042,41.7671],[2.3094,41.4668],[2.1438,41.321],[2.0826,41.288],[1.5678,41.196],[1.2042,41.097],[1.0314,41.0623],[0.8154,40.8922],[0.7146,40.8227],[0.7974,40.8037],[0.891,40.7221],[0.8586,40.6856],[0.7218,40.6301],[0.6606,40.6127],[0.6282,40.6214],[0.5958,40.6144],[0.3654,40.3193],[0.1566,40.1058],[0.0414,40.0138],[-0.0738,39.8766],[-0.3258,39.519],[-0.3294,39.4166],[-0.2034,39.0624],[-0.135,38.9687],[-0.0342,38.8906],[0.1566,38.8246],[0.1998,38.7586],[0.135,38.6961],[-0.0522,38.585],[-0.3798,38.4357],[-0.5202,38.3177],[-0.549,38.2031],[-0.6462,38.151],[-0.6822,37.9913],[-0.7398,37.8854],[-0.7542,37.8507],[-0.8154,37.7691],[-0.8226,37.7118],[-0.7218,37.6302],[-0.7722,37.5955],[-0.8226,37.5799],[-0.9378,37.5712],[-1.3266,37.5608],[-1.6398,37.3872],[-1.7982,37.2327],[-1.9386,36.9463],[-2.1114,36.7761],[-2.187,36.7449],[-2.3058,36.8195],[-2.4534,36.8317],[-2.5974,36.8056],[-2.6694,36.7483],[-2.7882,36.7154],[-2.9034,36.7431],[-3.1482,36.7588],[-3.2598,36.7553],[-3.4326,36.7084],[-3.5802,36.7397],[-3.8286,36.7553],[-4.3686,36.7188],[-4.4334,36.6997],[-4.5018,36.6286],[-4.6746,36.507],[-4.9338,36.5018],[-5.1715,36.4237],[-5.2291,36.3734],[-5.3299,36.2362],[-5.3623,36.1355],[-5.3803,36.1338],[-5.4055,36.1581],[-5.4451,36.1512],[-5.4631,36.073],[-5.5531,36.0383],[-5.6251,36.0262],[-5.8087,36.0887],[-5.9599,36.1824],[-6.0391,36.1876],[-6.1687,36.3334],[-6.2263,36.4272],[-6.2659,36.5261],[-6.2587,36.5643],[-6.2695,36.5973],[-6.3847,36.6372],[-6.4135,36.7293],[-6.3271,36.8473],[-6.2587,36.8994],[-6.2155,36.9133],[-6.3199,36.9081],[-6.3955,36.8317],[-6.4927,36.9549],[-6.8851,37.1945],[-6.8599,37.2483],[-6.8635,37.2796],[-6.9283,37.2153],[-6.9751,37.198],[-7.1767,37.2084],[-7.4071,37.1789],[-7.4935,37.1685],[-7.8355,37.0053],[-7.9399,37.0053],[-8.1379,37.0765],[-8.4835,37.1008],[-8.5987,37.1216],[-8.7391,37.0747],[-8.8471,37.0765],[-8.9371,37.0157],[-8.9983,37.0331],[-8.9263,37.1667],[-8.8147,37.4306],[-8.8183,37.592],[-8.7931,37.7327],[-8.8219,37.8715],[-8.8795,37.9583],[-8.8039,38.184],[-8.8111,38.3003],[-8.8795,38.4462],[-8.6671,38.4236],[-8.7355,38.4826],[-8.8003,38.5173],[-8.8615,38.5104],[-8.9155,38.5121],[-9.0955,38.4548],[-9.1855,38.4375],[-9.2143,38.4479],[-9.2035,38.5382],[-9.2503,38.6562],[-9.1783,38.6875],[-9.0919,38.6961],[-9.0199,38.7465],[-8.9767,38.8038],[-9.0019,38.9027],[-8.9371,38.9982],[-8.7931,39.0781],[-8.8687,39.0659],[-8.9551,39.0156],[-9.0919,38.835],[-9.1351,38.743],[-9.2539,38.7135],[-9.3583,38.6979],[-9.4087,38.7083],[-9.4735,38.7309],[-9.4807,38.7986],[-9.4735,38.8524],[-9.4303,38.96],[-9.4159,39.1128],[-9.3511,39.2482],[-9.3583,39.2846],[-9.3763,39.3385],[-9.3187,39.3905],[-9.2503,39.4253],[-9.1495,39.5433],[-9.0055,39.8211],[-8.8363,40.1162],[-8.8507,40.1527],[-8.8867,40.1787],[-8.8723,40.2585],[-8.7715,40.6057],[-8.7319,40.6509],[-8.6851,40.7533],[-8.6743,40.9165],[-8.6563,41.0293],[-8.6599,41.0866],[-8.6743,41.1543],[-8.7391,41.2845],[-8.8039,41.5605],[-8.8111,41.6526],[-8.7571,41.6977],[-8.8471,41.7046],[-8.8867,41.7654],[-8.8795,41.8314],[-8.7787,41.9407],[-8.8507,41.9268],[-8.8795,41.9477],[-8.8867,42.1057],[-8.7715,42.2098],[-8.6923,42.274],[-8.7283,42.2862],[-8.8147,42.2845],[-8.8111,42.3348],[-8.7679,42.3574],[-8.7283,42.4112],[-8.7751,42.4355],[-8.8111,42.4702],[-8.8111,42.5622],[-8.8003,42.6004],[-8.8111,42.6403],[-8.9875,42.5848],[-9.0343,42.5935],[-9.0343,42.6629],[-8.9371,42.7671],[-8.9263,42.7983],[-9.0415,42.8139],[-9.1279,42.866],[-9.1783,42.9112],[-9.2359,42.9771],[-9.2359,43.0362],[-9.1783,43.1733],[-9.0955,43.215],[-9.0235,43.2393],[-8.8723,43.3347],[-8.6671,43.3174],[-8.5375,43.3365],[-8.4223,43.3851],[-8.3539,43.3972],[-8.2495,43.4389],[-8.2531,43.4962],[-8.2891,43.5396],[-8.2567,43.5795],[-8.1379,43.6299],[-8.0047,43.6941],[-7.8535,43.7063],[-7.6987,43.7653],[-7.5943,43.7271],[-7.5043,43.7392],[-7.3999,43.6958],[-7.2631,43.5951],[-7.0615,43.5535],[-6.8995,43.5865],[-6.6187,43.5917],[-6.4747,43.5795],[-6.2227,43.6038],[-6.0787,43.5951],[-5.8483,43.6455],[-5.6647,43.583],[-5.3155,43.5535],[-5.1067,43.5014],[-4.5234,43.4163],[-4.311,43.4146],[-4.0158,43.4632],[-3.8898,43.4997],[-3.7746,43.4771],[-3.6054,43.5188],[-3.5226,43.5118],[-3.4182,43.4511],[-3.0438,43.3712],[-2.9466,43.4389],[-2.8746,43.4545],[-2.6082,43.4129],[-2.3382,43.3278],[-2.1978,43.3226],[-1.9926,43.3452],[-1.827,43.4007],[-1.7946,43.4077],[-1.6326,43.4372],[-1.485,43.5639],[-1.3446,44.0205],[-1.2438,44.5604],[-1.1718,44.6611],[-1.0782,44.6906],[-1.1538,44.7635],[-1.2006,44.727],[-1.2186,44.6871],[-1.2438,44.6663],[-1.1898,45.161],[-1.1502,45.3433],[-1.0818,45.5325],[-0.9414,45.4579],[-0.8262,45.3815],[-0.765,45.3138],[-0.6894,45.0933],[-0.6354,45.0464],[-0.549,45.0013],[-0.5814,45.0517],[-0.6426,45.0898],[-0.7326,45.385],[-0.7902,45.4683],[-0.8802,45.5377],[-1.1682,45.6853],[-1.197,45.7148],[-1.2114,45.7704],[-1.1142,45.7686],[-1.0314,45.7408],[-1.0422,45.7721],[-1.0674,45.8051],[-1.1034,45.9249],[-1.1358,46.2044],[-1.1322,46.253],[-1.1466,46.312],[-1.2402,46.3241],[-1.3122,46.3276],[-1.3914,46.3502],[-1.7874,46.5151],[-1.9206,46.6852],[-2.061,46.8102],[-2.0934,46.8658],[-2.0898,46.9213],[-2.0178,47.0376],[-2.0826,47.1123],[-2.1438,47.1262],[-2.1978,47.1626],[-2.1474,47.2234],[-2.1078,47.2633],[-2.0286,47.2737],[-1.9206,47.2598],[-1.8198,47.2251],[-1.7442,47.2164],[-1.9746,47.3102],[-2.3526,47.2789],[-2.4354,47.2911],[-2.5038,47.3119],[-2.529,47.3814],[-2.475,47.4126],[-2.4282,47.4716],[-2.4822,47.5116],[-2.5542,47.5272],[-2.6658,47.5255],[-2.7702,47.5133],[-2.7954,47.5376],[-2.7342,47.6018],[-2.7882,47.6261],[-2.8602,47.614],[-2.9646,47.6018],[-3.0654,47.6209],[-3.159,47.6938],[-3.2202,47.6938],[-3.2634,47.6852],[-3.3282,47.7129],[-3.3966,47.7199],[-3.4434,47.7112],[-3.5082,47.7529],[-3.9006,47.8379],[-4.0698,47.8484],[-4.2246,47.8102],[-4.311,47.8223],[-4.3758,47.8779],[-4.4262,47.9681],[-4.6782,48.0393],[-4.6278,48.0862],[-4.5126,48.0966],[-4.3794,48.1296],[-4.329,48.1695],[-4.4334,48.2181],[-4.5126,48.2303],[-4.545,48.2476],[-4.5774,48.2893],[-4.5306,48.3101],[-4.4982,48.2997],[-4.4046,48.2928],[-4.2426,48.3032],[-4.3002,48.3466],[-4.365,48.357],[-4.3938,48.3674],[-4.5234,48.3726],[-4.5846,48.357],[-4.7178,48.3639],[-4.7502,48.4108],[-4.761,48.4507],[-4.7214,48.5393],[-4.5306,48.6191],[-4.059,48.7077],[-3.8574,48.6955],[-3.7134,48.7111],[-3.5442,48.765],[-3.4722,48.8136],[-3.231,48.8413],[-3.0042,48.791],[-2.7918,48.6018],[-2.691,48.5375],[-2.4462,48.6487],[-2.079,48.6452],[-2.0034,48.5827],[-1.9746,48.6348],[-1.9062,48.6973],[-1.8522,48.6695],[-1.8234,48.6313],[-1.4382,48.6417],[-1.377,48.6521],[-1.4814,48.6973],[-1.5642,48.8049],[-1.5822,49.2024],[-1.6902,49.3135],[-1.8126,49.4906],[-1.8702,49.5948],[-1.8738,49.6312],[-1.8558,49.6833],[-1.7046,49.6816],[-1.5894,49.6677],[-1.3662,49.7076],[-1.2582,49.6798],[-1.2654,49.5982],[-1.233,49.4941],[-1.1934,49.4455],[-1.1394,49.3882],[-0.9594,49.3934],[-0.765,49.3604],[-0.5202,49.3552],[-0.1638,49.2962],[-0.0126,49.3309],[0.135,49.4021],[0.4158,49.4489],[0.441,49.4733],[0.279,49.4628],[0.1278,49.508],[0.1098,49.5583],[0.1278,49.6017],[0.1854,49.7024],[0.6174,49.8621],[0.9234,49.9107],[1.2438,49.9975],[1.4058,50.0878],[1.5138,50.2058],[1.5498,50.2302],[1.593,50.2527],[1.5498,50.2944],[1.5786,50.7388],[1.611,50.8187],[1.6722,50.8846],[1.7694,50.935],[1.9134,50.9905],[2.4462,51.0669],[2.5254,51.0964],[2.961,51.2648],[3.2238,51.3516],[3.3498,51.3776],[3.4254,51.3933],[3.591,51.4002],[3.717,51.369],[3.8826,51.3551],[4.0122,51.3967],[4.113,51.3603],[4.2246,51.3863],[4.1382,51.402],[4.005,51.4436],[3.8214,51.4089],[3.6918,51.4506],[3.5874,51.454],[3.519,51.487],[3.4506,51.5408],[3.501,51.5773],[3.5478,51.5894],[3.7422,51.5964],[3.8862,51.5738],[4.1418,51.4558],[4.2066,51.4575],[4.275,51.4714],[4.239,51.5044],[4.1742,51.52],[4.0806,51.5512],[4.005,51.5964],[4.1814,51.6103],[4.1562,51.6328],[4.1346,51.6728],[3.9474,51.8099],[3.9798,51.8481],[4.0266,51.928],[4.0842,51.9939],[4.131,52.0113],[4.2102,52.0582],[4.3758,52.197],[4.4838,52.3099],[4.563,52.4418],[4.6782,52.8099],[4.7142,52.8723],[4.7682,52.9418],[4.8402,52.9279],[4.887,52.9088],[5.0599,52.9609],[5.3587,53.0963],[5.4451,53.2143],[5.5315,53.2682],[5.8735,53.3758],[6.0607,53.407],[6.3523,53.4157],[6.5647,53.4348],[6.8167,53.4418],[6.9139,53.3758],[6.9679,53.3272],[7.0579,53.3011],[7.1983,53.282],[7.1515,53.3272],[7.0543,53.3758],[7.0759,53.4782],[7.1083,53.5563],[7.2055,53.6553],[7.2847,53.6813],[7.6303,53.6969],[8.0083,53.69],[8.1667,53.5442],[8.1091,53.4678],[8.1991,53.4331],[8.2459,53.4452],[8.2783,53.5112],[8.2999,53.5841],[8.3323,53.6067],[8.4511,53.5511],[8.4943,53.5147],[8.4943,53.3949],[8.5375,53.5563],[8.5051,53.6709],[8.5267,53.7803],[8.5771,53.8393],[8.6203,53.8758],[8.8975,53.8358],[9.2071,53.8567],[9.3223,53.8133],[9.5851,53.5997],[9.6715,53.565],[9.7831,53.5546],[9.6319,53.5997],[9.3115,53.8584],[9.2179,53.8914],[9.0703,53.9001],[8.9767,53.9261],[8.9191,53.966],[8.9047,54.0008],[8.9083,54.2612],[8.8507,54.2993],[8.7787,54.3132],[8.7355,54.2959],[8.6455,54.2941],[8.6275,54.3532],[8.6491,54.3983],[8.8327,54.4278],[8.9515,54.4677],[8.9587,54.5389],[8.8795,54.5945],[8.7895,54.6952],[8.6815,54.7924],[8.6599,54.9868],[8.6383,55.0458],[8.5735,55.1344],[8.6707,55.1552],[8.6527,55.3288],[8.6167,55.4191],[8.3467,55.5111],[8.1307,55.5996],[8.1811,55.9017],[8.2027,55.9815],[8.1199,56.1395],[8.1307,56.3218],[8.1631,56.6065],[8.2315,56.6186],[8.2819,56.6169],[8.4727,56.5648],[8.5519,56.5596],[8.6059,56.5145],[8.6707,56.4954],[8.7175,56.544],[8.7355,56.6273],[8.8867,56.735],[8.9947,56.7749],[9.0667,56.794],[9.1387,56.7506],[9.1963,56.702],[9.2107,56.8079],[9.2539,57.011],[9.1099,57.044],[8.9911,57.0162],[8.8759,56.8877],[8.7715,56.7245],[8.6023,56.7107],[8.4691,56.6638],[8.3467,56.7124],[8.2675,56.7541],[8.2675,56.8148],[8.2855,56.853],[8.4259,56.9849],[8.6203,57.1117],[8.8111,57.1099],[8.9515,57.1499],[9.0379,57.1551],[9.2971,57.1464],[9.4339,57.1742],[9.5527,57.2332],[9.8155,57.478],[9.9631,57.5804],[10.2583,57.6168],[10.5319,57.7349],[10.6111,57.7366],[10.4815,57.6481],[10.4599,57.6151],[10.4455,57.563],[10.5355,57.4485],[10.5175,57.379],[10.5247,57.2436],[10.4383,57.1724],[10.3375,57.0214],[10.2943,56.9988],[10.2871,56.8235],[10.2979,56.7801],[10.2835,56.6204],[10.3843,56.5544],[10.4887,56.5197],[10.8451,56.5214],[10.8811,56.4937],[10.9279,56.4433],[10.8955,56.3582],[10.8559,56.2957],[10.7551,56.2419],[10.6219,56.202],[10.5391,56.2003],[10.4275,56.2767],[10.3735,56.2523],[10.3195,56.2124],[10.2259,56.0058],[10.1827,55.8652],[10.1611,55.8531],[10.1071,55.8739],[10.0171,55.8756],[9.9055,55.8427],[9.9631,55.8131],[10.0243,55.7611],[9.9991,55.735],[9.8983,55.7072],[9.8119,55.6517],[9.7723,55.6083],[9.6607,55.5579],[9.5923,55.4937],[9.6247,55.4139],[9.6391,55.3444],[9.6715,55.2663],[9.6427,55.2055],[9.5059,55.117],[9.4555,55.0389],[9.5707,55.0406],[9.6463,55.0233],[9.6895,55.0007],[9.7327,54.9677],[9.7039,54.9278],[9.7471,54.808],[9.8911,54.7802],[9.9523,54.7386],[10.0207,54.6743],[10.0279,54.5806],[9.9415,54.5146],[9.8695,54.4729],[10.1431,54.4886],[10.1719,54.4504],[10.2115,54.4087],[10.3591,54.4382],[10.7299,54.3167],[10.9567,54.3757],[11.0143,54.3792],[11.0647,54.2802],[11.0071,54.1813],[10.8091,54.0754],[10.8559,54.0094],[10.9171,53.9955],[11.1043,54.0094],[11.3995,53.9452],[11.4607,53.9643],[11.7019,54.1136],[11.7955,54.1448],[12.1123,54.1691],[12.1699,54.2264],[12.2959,54.2837],[12.3787,54.3462],[12.5767,54.4677],[12.7783,54.4452],[12.8971,54.4226],[13.0303,54.4104],[13.1491,54.282],[13.4479,54.1414],[13.7251,54.1535],[13.8223,54.0198],[13.8655,53.8532],[13.9519,53.8011],[14.0239,53.7681],[14.2507,53.7317],[14.4883,53.6726],[14.5819,53.6397],[14.5711,53.6761],[14.5531,53.7074],[14.5639,53.7542],[14.5567,53.8237],[14.3515,53.8584],[14.1715,53.874],[14.0491,53.8636],[13.9267,53.8792],[13.9015,53.9383],[13.9231,53.9973],[13.8727,54.0355],[13.8259,54.0598],[13.8187,54.0928],[13.8259,54.1275],[14.0383,54.0337],[14.2111,53.9504],[14.2507,53.9313],[14.3839,53.9244],[14.7151,54.0181],[15.2876,54.1396],[15.8996,54.2542],[16.0436,54.2664],[16.1876,54.2907],[16.238,54.3323],[16.292,54.3618],[16.3748,54.4365],[16.5584,54.5545],[16.886,54.5962],[17.0084,54.6518],[17.2604,54.7299],[17.8436,54.8167],[18.0848,54.8358],[18.3224,54.8375],[18.5348,54.7698],[18.758,54.6847],[18.8012,54.6327],[18.6788,54.6656],[18.5024,54.742],[18.4376,54.7455],[18.5888,54.5129],[18.668,54.4313],[18.8372,54.3688],[18.9776,54.3497],[19.406,54.3861],[19.5608,54.4348],[19.604,54.4591],[19.7588,54.5441],[19.8596,54.6344],[19.9424,54.7507],[19.9532,54.8306],[19.9748,54.9208],[20.108,54.9573],[20.396,54.9521],[20.522,54.9955],[20.6804,55.1031],[20.846,55.2316],[20.9,55.2871],[21.0152,55.4017],[21.0584,55.4764],[21.0872,55.5822],[21.116,55.617],[21.116,55.5684],[21.1052,55.4885],[21.0332,55.3496],[20.8604,55.183],[20.594,54.9816],[20.6768,54.9556],[20.774,54.9469],[20.8892,54.9087],[20.9972,54.9035],[21.188,54.9347],[21.224,55.1083],[21.2348,55.2715],[21.2024,55.3444],[21.2384,55.4555],[21.17,55.617],[21.062,55.8131],[21.0548,56.0232],[21.0476,56.0701],[21.0152,56.2593],[21.0332,56.636],[21.0728,56.8235],[21.2564,56.9329],[21.35,57.0179],[21.404,57.1308],[21.422,57.2367],[21.458,57.3217],[21.728,57.5717],[21.944,57.5977],[22.232,57.6672],[22.556,57.7245],[22.6172,57.6516],[22.6496,57.596],[23.0384,57.3929],[23.1356,57.3235],[23.2868,57.0891],[23.6468,56.9711],[23.9312,57.0092],[24.0536,57.0665],[24.2804,57.1724],[24.3812,57.2505],[24.4028,57.3252],[24.3632,57.6446],[24.302,57.7835],[24.3236,57.8703],[24.3308,57.9102],[24.464,58.1064],[24.4892,58.2609],[24.536,58.2835],[24.5504,58.3043],[24.5288,58.3546],[24.392,58.3859],[24.338,58.3807],[24.2876,58.3286],[24.2372,58.2904],[24.1148,58.2661],[24.0104,58.306],[23.7692,58.3616],[23.7044,58.4328],[23.69,58.5057],[23.564,58.5751],[23.51,58.6584],[23.5316,58.7157],[23.6468,58.7539],[23.6792,58.7869],[23.5352,58.7817],[23.5028,58.7904],[23.4956,58.8199],[23.4308,58.9206],[23.4884,58.9605],[23.5136,58.9987],[23.4668,59.0317],[23.4812,59.0699],[23.5172,59.1081],[23.4956,59.1949],[23.6396,59.2417],[23.7836,59.2747],[24.0824,59.2921],[24.0536,59.3719],[24.176,59.3754],[24.3812,59.4726],[24.5828,59.4553],[24.878,59.5212],[25.4433,59.5212],[25.5225,59.5594],[25.5081,59.5976],[25.5081,59.6393],[25.6161,59.6271],[25.7925,59.6341],[26.4621,59.5542],[26.6241,59.5542],[26.8509,59.4726],[26.9733,59.4501],[27.3369,59.4501],[27.8913,59.4136],[28.0029,59.4692],[28.0137,59.4848],[28.0641,59.5542],[28.0461,59.648],[28.0137,59.7244],[28.0569,59.7816],[28.1325,59.7868],[28.2117,59.7244],[28.3341,59.6931],[28.4241,59.7348],[28.4529,59.8146],[28.5177,59.8493],[28.6041,59.8181],[28.7481,59.8059],[28.8669,59.8112],[28.9461,59.8285],[28.9821,59.8546],[29.0145,59.9014],[29.0793,59.9605],[29.1477,60.0004],[29.6697,59.9552],[30.1233,59.8737],[30.1557,59.9049],[30.1737,59.957],[30.0585,60.0021],[29.9757,60.0264],[29.8713,60.1202],[29.7201,60.1948],[29.5689,60.2018],[29.3709,60.1757],[29.0685,60.1913],[28.8129,60.332],[28.6437,60.3754],[28.5213,60.483],[28.4925,60.5403],[28.6221,60.4917],[28.6401,60.542],[28.6509,60.6115],[28.5789,60.6531],[28.5141,60.6774],[28.1793,60.5715],[27.7977,60.5368],[27.7617,60.5333],[27.6681,60.4986],[27.5241,60.4899],[27.4629,60.4656],[27.2433,60.5385],[27.2037,60.5437],[27.0741,60.5247],[26.9517,60.4708],[26.7213,60.4552],[26.6061,60.4379],[26.5341,60.4135],[26.5197,60.4708],[26.5521,60.5455],[26.6025,60.5958],[26.6061,60.6271],[26.5701,60.6253],[26.4945,60.5524],[26.4549,60.4674],[26.3793,60.424],[26.2065,60.4066],[26.0373,60.4743],[25.9545,60.4743],[26.0049,60.4257],[26.0409,60.3719],[26.0373,60.3424],[25.9473,60.3476],[25.8465,60.3146],[25.7565,60.2677],[25.7169,60.2677],[25.6557,60.3337],[25.5477,60.3024],[25.4541,60.2608],[25.2669,60.2486],[25.1553,60.1948],[24.9572,60.1566],[24.8492,60.1584],[24.6008,60.115],[24.518,60.0455],[24.446,60.0212],[24.3416,60.042],[24.0248,60.0091],[23.7224,59.9657],[23.5928,59.9674],[23.4632,59.9865],[23.3264,59.9257],[23.1824,59.8441],[23.0204,59.8164],[22.9628,59.8268],[23.0096,59.8684],[23.114,59.9118],[23.1896,59.9726],[23.1968,60.0212],[23.15,60.042],[23.0816,60.0473],[22.9952,60.0993],[22.9124,60.2104],[22.8656,60.2156],[22.844,60.1861],[22.8188,60.1011],[22.7936,60.0768],[22.7504,60.0577],[22.6964,60.0368],[22.646,60.0282],[22.4624,60.0299],[22.4372,60.0716],[22.4372,60.0907],[22.4696,60.1462],[22.4444,60.1566],[22.4696,60.2018],[22.5128,60.1983],[22.5632,60.2052],[22.5884,60.2278],[22.5884,60.2556],[22.5164,60.2625],[22.5128,60.2816],[22.5776,60.3597],[22.5848,60.3806],[22.5596,60.3858],[22.52,60.3771],[22.2572,60.4014],[21.9332,60.5003],[21.854,60.5056],[21.8036,60.5941],[21.728,60.5837],[21.6128,60.5316],[21.5264,60.5698],[21.4364,60.5958],[21.4112,60.6375],[21.4112,60.6965],[21.404,60.7677],[21.3788,60.8493],[21.3608,60.9673],[21.3788,61.0593],[21.4508,61.127],[21.4796,61.1704],[21.512,61.2815],[21.5228,61.41],[21.5012,61.4551],[21.5084,61.4847],[21.566,61.4847],[21.5516,61.509],[21.5264,61.5229],[21.4976,61.5524],[21.5228,61.568],[21.5912,61.568],[21.5984,61.5784],[21.6056,61.5923],[21.5516,61.6669],[21.5444,61.7034],[21.4688,61.811],[21.386,61.9152],[21.2564,61.9898],[21.3032,62.1131],[21.3536,62.2242],[21.3428,62.278],[21.3248,62.3422],[21.1664,62.4134],[21.1412,62.5141],[21.1052,62.6235],[21.1196,62.6894],[21.1448,62.7398],[21.1952,62.7901],[21.458,62.9498],[21.4724,63.0332],[21.6524,63.0401],[21.5696,63.113],[21.548,63.1547],[21.5444,63.205],[21.8,63.238],[21.8972,63.2102],[22.1204,63.245],[22.3184,63.3109],[22.3148,63.3457],[22.286,63.3769],[22.2428,63.4377],[22.2716,63.455],[22.3472,63.4429],[22.3112,63.4724],[22.3184,63.5036],[22.3976,63.4915],[22.5272,63.58],[22.5308,63.6477],[22.7576,63.6842],[23.0132,63.8213],[23.132,63.8647],[23.2472,63.896],[23.4956,64.0349],[23.6,64.0401],[23.654,64.1338],[23.8628,64.2588],[23.924,64.2744],[24.0212,64.3855],[24.2768,64.5157],[24.4388,64.6806],[24.5288,64.7379],[24.5576,64.8004],[24.6584,64.8056],[24.7484,64.8525],[24.9428,64.8838],[25.1337,64.8751],[25.2129,64.8542],[25.2885,64.8612],[25.2813,64.9167],[25.2273,64.9515],[25.2705,64.9844],[25.3713,65.0087],[25.3641,65.0643],[25.3389,65.099],[25.2561,65.1424],[25.2993,65.2431],[25.3065,65.3525],[25.3461,65.4792],[25.2417,65.5469],[24.8384,65.6597],[24.7628,65.6563],[24.6764,65.6702],[24.5828,65.757],[24.6224,65.8316],[24.6296,65.8594],[24.59,65.8577],[24.5324,65.8212],[24.4028,65.7813],[24.2372,65.8125],[24.1544,65.8056],[23.8916,65.783],[23.69,65.8281],[23.5928,65.8056],[23.42,65.8038],[23.222,65.7865],[23.1536,65.75],[23.1032,65.7361],[22.9196,65.7865],[22.7468,65.8715],[22.6208,65.8073],[22.538,65.7952],[22.466,65.8524],[22.4012,65.8629],[22.3652,65.842],[22.3364,65.7917],[22.286,65.75],[22.2752,65.7257],[22.268,65.6216],[22.2536,65.5973],[22.088,65.6111],[22.0952,65.5834],[22.1312,65.5695],[22.1492,65.5521],[22.088,65.5295],[21.9188,65.533],[21.9044,65.5087],[21.9512,65.4705],[21.9152,65.4375],[21.8792,65.4237],[21.6812,65.4028],[21.566,65.408],[21.5336,65.3872],[21.5228,65.3594],[21.5444,65.3316],[21.5948,65.316],[21.6128,65.2987],[21.6092,65.2622],[21.566,65.2553],[21.4472,65.3212],[21.4112,65.3178],[21.4364,65.283],[21.5048,65.2448],[21.5444,65.2067],[21.5804,65.1615],[21.5732,65.1251],[21.4256,65.0122],[21.2924,64.941],[21.1952,64.8768],[21.1376,64.8091],[21.206,64.7744],[21.278,64.724],[21.332,64.6286],[21.3932,64.5435],[21.5192,64.4636],[21.494,64.4168],[21.4652,64.3803],[21.2564,64.2987],[21.0188,64.1772],[20.7632,63.8682],[20.6768,63.8265],[20.4536,63.7744],[20.3708,63.7224],[20.2052,63.6616],[19.9136,63.6113],[19.7804,63.5384],[19.7228,63.4637],[19.6544,63.4585],[19.5896,63.488],[19.5032,63.5088],[19.4924,63.4602],[19.496,63.4238],[19.3556,63.4776],[19.2872,63.429],[19.2368,63.3474],[19.0352,63.238],[18.8156,63.2571],[18.794,63.238],[18.8516,63.2241],[18.8588,63.2068],[18.8192,63.1981],[18.758,63.1981],[18.668,63.1773],[18.6068,63.179],[18.578,63.1269],[18.5312,63.0627],[18.4088,63.0366],[18.344,63.0314],[18.3116,62.9967],[18.5024,62.988],[18.488,62.9585],[18.4844,62.929],[18.4628,62.896],[18.2468,62.8492],[18.2144,62.8127],[18.1712,62.7901],[18.074,62.7901],[18.0776,62.8127],[18.092,62.8353],[17.9516,62.8335],[17.9084,62.8874],[17.8796,62.8735],[17.894,62.8301],[17.9336,62.7867],[17.9732,62.7207],[17.9408,62.679],[17.9048,62.6599],[17.93,62.6408],[18.0056,62.627],[18.038,62.6009],[17.948,62.5783],[17.8328,62.502],[17.7176,62.5002],[17.6456,62.4516],[17.57,62.4516],[17.5088,62.4829],[17.4116,62.5089],[17.3792,62.462],[17.372,62.4273],[17.4296,62.3353],[17.534,62.2641],[17.6348,62.2329],[17.5628,62.212],[17.5088,62.1669],[17.4476,62.0228],[17.4116,61.9655],[17.3756,61.8666],[17.3972,61.7815],[17.4188,61.7399],[17.4656,61.6843],[17.336,61.6912],[17.1956,61.7242],[17.2172,61.6565],[17.1308,61.5749],[17.1452,61.5055],[17.1632,61.4586],[17.138,61.3822],[17.1776,61.3579],[17.1992,61.3128],[17.1632,61.2781],[17.1812,61.2486],[17.1848,61.1461],[17.2136,60.9864],[17.2028,60.9517],[17.2784,60.8128],[17.2604,60.7625],[17.2496,60.7],[17.3612,60.641],[17.4584,60.641],[17.5556,60.6427],[17.5916,60.6271],[17.6312,60.5854],[17.66,60.5351],[17.7428,60.5385],[17.8724,60.5802],[17.9552,60.5906],[18.0128,60.5108],[18.164,60.4083],[18.2504,60.3615],[18.4016,60.3372],[18.5564,60.2538],[18.5348,60.1531],[18.5996,60.1184],[18.7868,60.0802],[18.8516,60.0264],[18.884,59.9795],[18.9344,59.9431],[18.992,59.8285],[18.9704,59.7573],[18.8948,59.733],[18.7184,59.6566],[18.6392,59.6011],[18.578,59.5664],[18.4016,59.49],[18.3368,59.4761],[18.2756,59.4379],[18.218,59.4206],[18.164,59.431],[17.966,59.3598],[17.9804,59.3285],[18.1316,59.3164],[18.2108,59.332],[18.272,59.3667],[18.3368,59.3754],[18.3944,59.3685],[18.4592,59.3962],[18.5096,59.4084],[18.56,59.3945],[18.6176,59.3268],[18.4988,59.2921],[18.416,59.2904],[18.3728,59.1792],[18.3224,59.1324],[18.2864,59.1098],[18.0992,59.0629],[17.9732,59.0022],[17.8292,58.9553],[17.7644,58.9657],[17.6708,58.9154],[17.4584,58.8581],[17.3468,58.78],[17.102,58.7105],[16.9796,58.655],[16.6376,58.6515],[16.3172,58.6637],[16.2128,58.6359],[16.3172,58.6289],[16.3892,58.6012],[16.4792,58.6133],[16.6844,58.5994],[16.7888,58.5855],[16.9256,58.4918],[16.8248,58.4588],[16.652,58.4345],[16.7168,58.3026],[16.7708,58.214],[16.6988,58.1602],[16.6952,57.9172],[16.598,57.9137],[16.5548,57.813],[16.5872,57.7609],[16.5836,57.6411],[16.6052,57.5682],[16.652,57.5005],[16.6304,57.4294],[16.4756,57.2644],[16.4792,57.1881],[16.508,57.1412],[16.5296,57.0683],[16.4576,56.9277],[16.4072,56.8079],[16.3496,56.7089],[16.2164,56.5891],[16.1516,56.5006],[15.9968,56.2228],[15.9212,56.1673],[15.8276,56.1256],[15.7232,56.1638],[15.626,56.1864],[15.5108,56.1829],[15.3272,56.1517],[15.05,56.1725],[14.7835,56.1621],[14.7151,56.1343],[14.7547,56.0336],[14.6539,56.0197],[14.5603,56.0492],[14.4739,56.0145],[14.4019,55.9763],[14.2615,55.8878],[14.2147,55.8322],[14.2039,55.7298],[14.2759,55.6361],[14.3407,55.5284],[14.1751,55.3965],[14.0815,55.393],[13.8079,55.4277],[13.3219,55.3462],[12.8863,55.4121],[12.9403,55.4816],[12.9403,55.5336],[12.9619,55.6118],[12.9763,55.6934],[12.9727,55.7489],[12.9403,55.8062],[12.8359,55.8826],[12.5911,56.1378],[12.5227,56.2454],[12.4723,56.2905],[12.5083,56.2923],[12.7063,56.235],[12.7531,56.2419],[12.7999,56.2645],[12.7423,56.3461],[12.6919,56.3843],[12.6559,56.4398],[12.7747,56.4555],[12.8575,56.452],[12.9187,56.5162],[12.8827,56.6169],[12.7927,56.6499],[12.7171,56.662],[12.5731,56.8235],[12.4219,56.9068],[12.1519,57.2262],[12.0547,57.4467],[11.9611,57.4259],[11.9179,57.5214],[11.8855,57.6134],[11.8783,57.6793],[11.7343,57.7175],[11.7307,57.7644],[11.7019,57.9727],[11.5507,58.0005],[11.4499,58.1186],[11.4319,58.3408],[11.3311,58.3807],[11.2483,58.3685],[11.2519,58.4241],[11.2699,58.4762],[11.2231,58.6793],[11.2087,58.8668],[11.1691,58.9223],[11.1475,58.9883],[11.1655,59.0456],[11.1943,59.0786],[11.2951,59.0872],[11.3887,59.0369],[11.3851,59.0664],[11.3671,59.1046],[11.1331,59.1428],[11.0899,59.1411],[10.9999,59.1636],[10.9459,59.1706],[10.8343,59.1845],[10.7443,59.2956],[10.6435,59.3893],[10.6327,59.4275],[10.6327,59.6028],[10.6039,59.6792],[10.5967,59.7643],[10.5355,59.6966],[10.5679,59.5872],[10.4923,59.5421],[10.3987,59.5195],[10.4059,59.4553],[10.4455,59.4431],[10.4563,59.3772],[10.4311,59.2799],[10.2439,59.0612],[10.2043,59.0386],[10.1791,59.0091],[10.0819,59.0282],[9.9595,58.9675],[9.8443,58.9588],[9.8011,59.0265],[9.6355,59.1185],[9.5563,59.1133],[9.6283,59.0681],[9.6967,59.0091],[9.6571,58.9709],[9.6175,58.9466],[9.5527,58.9327],[9.3115,58.8564],[9.3943,58.806],[9.3223,58.747],[9.2395,58.7383],[9.1927,58.7123],[9.1783,58.6758],[8.9299,58.5699],[8.5231,58.3008],[8.3107,58.2244],[8.1667,58.1446],[8.0371,58.1481],[7.8751,58.0804],[7.4647,58.0213],[7.1947,58.0474],[7.0039,58.0248],[6.9031,58.0699],[6.8887,58.1029],[6.8959,58.1203],[6.9139,58.1429],[6.8779,58.1515],[6.8023,58.155],[6.7699,58.1324],[6.7663,58.0821],[6.7303,58.0682],[6.5899,58.0977],[6.5539,58.1238],[6.6043,58.1758],[6.6943,58.2244],[6.6763,58.2331],[6.6583,58.2626],[6.6187,58.2661],[6.4927,58.2592],[6.3883,58.2678],[6.0535,58.3755],[5.9779,58.4328],[5.7079,58.523],[5.5855,58.6203],[5.5171,58.7262],[5.5243,58.8234],[5.5567,58.9744],[5.6107,59.0126],[5.8555,58.9588],[6.1003,58.8702],[6.1363,58.8754],[6.2155,58.9449],[6.3631,59.0004],[6.3199,59.0161],[6.1003,58.9518],[6.0175,58.9883],[5.8879,59.0612],[5.8879,59.0977],[5.9491,59.1358],[5.9671,59.1862],[5.9383,59.2348],[5.9527,59.299],[6.0499,59.3685],[6.1975,59.4379],[6.3055,59.5056],[6.4171,59.5473],[6.4027,59.5612],[6.2803,59.5351],[6.1579,59.49],[6.0175,59.4136],[5.8447,59.3528],[5.7187,59.3303],[5.6575,59.3094],[5.5639,59.2904],[5.4667,59.2036],[5.3623,59.1671],[5.1715,59.1619],[5.1319,59.2261],[5.1859,59.4535],[5.2435,59.5646],[5.3047,59.6428],[5.4019,59.6549],[5.4739,59.7139],[5.5315,59.7139],[5.5783,59.6862],[5.7727,59.6601],[5.8663,59.7348],[5.9923,59.7452],[6.2155,59.8181],[6.2119,59.832],[6.0607,59.8164],[5.9671,59.8129],[5.8339,59.7955],[5.7619,59.8077],[5.7295,59.8632],[5.7835,59.9136],[5.9959,60.0316],[6.0715,60.0837],[6.1111,60.1323],[6.1039,60.1653],[6.1399,60.233],[6.3487,60.3528],[6.5179,60.4083],[6.5719,60.3597],[6.5251,60.2139],[6.5251,60.1531],[6.6619,60.3667],[6.7195,60.4188],[6.7879,60.4535],[6.9499,60.4778],[6.9967,60.5125],[6.8059,60.5003],[6.3487,60.4188],[6.1543,60.3458],[6.1003,60.2903],[5.9671,60.2052],[5.9059,60.1514],[5.8771,60.0698],[5.8015,60.0264],[5.6971,60.0108],[5.5567,59.9084],[5.4955,59.825],[5.3551,59.7608],[5.2651,59.7105],[5.2363,59.6914],[5.1859,59.6428],[5.1463,59.6393],[5.1103,59.6671],[5.1067,59.7313],[5.1175,59.8337],[5.1859,59.9066],[5.2183,59.9795],[5.1751,60.0455],[5.2075,60.0872],[5.2651,60.0872],[5.3767,60.0681],[5.4955,60.0698],[5.6899,60.1236],[5.6575,60.1549],[5.5747,60.1584],[5.4163,60.1549],[5.2867,60.2052],[5.1823,60.3077],[5.1355,60.4448],[5.1679,60.4847],[5.5459,60.6253],[5.6467,60.6878],[5.5891,60.6948],[5.4487,60.6167],[5.2435,60.5698],[5.1175,60.6358],[5.0491,60.7069],[5.0095,60.858],[5.0239,60.9361],[5.0095,61.0385],[5.0959,61.0715],[5.1931,61.0541],[5.2867,61.0472],[5.5063,61.0559],[5.9851,61.1166],[6.2911,61.0802],[6.4171,61.0836],[6.6115,61.1375],[6.7771,61.1427],[6.9031,61.1027],[6.9715,61.0559],[6.9823,60.9934],[7.0399,60.9534],[7.0795,60.9656],[7.0471,61.0159],[7.0399,61.0906],[7.5439,61.1774],[7.6051,61.2104],[7.4035,61.2225],[7.3459,61.3006],[7.4539,61.4187],[7.4431,61.4343],[7.3315,61.3718],[7.2775,61.2833],[7.2991,61.2138],[7.2775,61.1809],[7.1731,61.1652],[6.9427,61.16],[6.7951,61.1895],[6.6583,61.2069],[6.6115,61.2295],[6.6259,61.2798],[6.6007,61.2902],[6.5431,61.2451],[6.4927,61.1548],[6.3847,61.134],[6.0823,61.167],[5.6467,61.1479],[5.4523,61.1027],[5.3263,61.1079],[5.1067,61.1878],[5.0203,61.2503],[4.9914,61.377],[5.0023,61.4343],[5.1715,61.4569],[5.2579,61.4551],[5.3371,61.4847],[5.2687,61.5055],[5.1679,61.5437],[5.0995,61.6201],[4.995,61.6444],[4.9266,61.7103],[4.9086,61.8093],[4.9302,61.8787],[4.9842,61.9013],[5.1175,61.8857],[5.4667,61.8961],[5.7943,61.8267],[6.0175,61.7867],[6.4675,61.8076],[6.7303,61.8701],[6.6835,61.8874],[6.3955,61.851],[6.1327,61.8527],[5.6647,61.9221],[5.4739,61.9464],[5.2687,61.936],[5.1607,61.9569],[5.0959,62.0263],[5.1427,62.16],[5.2399,62.1895],[5.2939,62.1548],[5.3587,62.1513],[5.4235,62.2068],[5.4847,62.2398],[5.5351,62.311],[5.7187,62.3787],[5.7979,62.3839],[5.9095,62.4152],[5.9815,62.4065],[6.0247,62.3752],[6.0823,62.3492],[6.2083,62.3527],[6.5791,62.4065],[6.6187,62.4238],[6.6907,62.4672],[6.4567,62.4481],[6.2623,62.4169],[6.1363,62.4082],[6.1183,62.4464],[6.1651,62.4829],[6.2371,62.5193],[6.2731,62.5836],[6.3523,62.6113],[6.4387,62.6096],[6.6187,62.6217],[6.7447,62.6374],[6.9607,62.627],[7.2847,62.6026],[7.4935,62.5436],[7.5691,62.5488],[7.6519,62.5645],[7.6915,62.5853],[7.5259,62.6096],[7.5187,62.646],[7.5367,62.6721],[7.8031,62.7207],[8.0947,62.7311],[8.0443,62.771],[7.4071,62.712],[7.2415,62.7519],[7.1119,62.7519],[7.0255,62.7294],[6.7807,62.7016],[6.7339,62.7207],[6.7807,62.7901],[6.9283,62.903],[6.9391,62.9308],[7.0075,62.9585],[7.3891,63.0228],[7.5727,63.0991],[7.6555,63.1096],[7.7347,63.1044],[7.8607,63.113],[8.1019,63.0905],[8.2099,62.995],[8.3107,62.9655],[8.6239,62.8457],[8.6095,62.8804],[8.3395,63.0419],[8.2351,63.0818],[8.1595,63.1616],[8.1847,63.2363],[8.2711,63.2866],[8.5807,63.3127],[8.6347,63.3422],[8.6419,63.3925],[8.5951,63.4255],[8.4799,63.4238],[8.3863,63.4446],[8.3611,63.4984],[8.3971,63.5349],[8.5771,63.6008],[8.6743,63.6234],[8.8435,63.646],[9.1351,63.5939],[9.1567,63.5661],[9.0775,63.5002],[9.0847,63.4637],[9.1567,63.4585],[9.3223,63.5696],[9.5203,63.5852],[9.6031,63.6095],[9.6967,63.6252],[9.8335,63.5245],[9.8911,63.4915],[9.9343,63.4793],[9.9775,63.396],[10.0207,63.3908],[10.0819,63.4325],[10.1899,63.455],[10.3411,63.4689],[10.5895,63.4481],[10.7047,63.4637],[10.7587,63.462],[10.7083,63.5366],[10.6723,63.5574],[10.7263,63.6252],[10.7803,63.6512],[10.9531,63.6981],[11.1187,63.7189],[11.2267,63.764],[11.3707,63.8057],[11.3491,63.8369],[11.3059,63.8751],[11.2123,63.8786],[11.1763,63.8994],[11.2951,63.9481],[11.4571,64.0036],[11.4283,64.0244],[11.3059,64.0487],[11.2123,64.0314],[11.0755,63.988],[10.9135,63.9203],[10.9675,63.9012],[11.0467,63.8456],[10.9351,63.771],[10.3375,63.5713],[10.0567,63.5123],[9.9235,63.521],[9.8911,63.5765],[9.8335,63.6165],[9.7687,63.6998],[9.6571,63.6981],[9.5959,63.679],[9.5671,63.7067],[9.6139,63.7953],[9.7075,63.8647],[9.8659,63.9185],[9.9379,63.981],[10.0099,64.0835],[10.2367,64.1789],[10.5643,64.4185],[10.8343,64.4949],[10.9315,64.5782],[11.0899,64.6147],[11.2267,64.6789],[11.3311,64.6859],[11.5255,64.7449],[11.6335,64.8143],[11.5615,64.8178],[11.3923,64.7727],[11.2951,64.7553],[11.3023,64.8299],[11.3491,64.9063],[11.4895,64.9758],[12.1591,65.1789],[12.2275,65.1459],[12.3067,65.0851],[12.5083,65.099],[12.7387,65.2136],[12.9151,65.3386],[12.8215,65.3178],[12.7171,65.2657],[12.5119,65.1945],[12.4183,65.1841],[12.3643,65.1928],[12.3355,65.2414],[12.2635,65.2553],[12.1987,65.2448],[12.1339,65.2796],[12.1231,65.3629],[12.2059,65.4861],[12.2743,65.5677],[12.3463,65.6302],[12.6271,65.8056],[12.6883,65.9028],[12.8179,65.9531],[12.9835,65.941],[13.0339,65.9566],[12.9763,66.0191],[12.7963,66.0694],[12.7855,66.1007],[13.3867,66.1823],[13.6747,66.1806],[13.7611,66.2205],[13.9159,66.2465],[14.0347,66.2969],[13.9735,66.3194],[13.6819,66.2743],[13.4983,66.2517],[13.4155,66.2517],[13.3507,66.2361],[13.1203,66.2309],[13.0699,66.4305],[13.1059,66.5399],[13.1923,66.5364],[13.2103,66.6406],[13.3111,66.7014],[13.4515,66.7152],[13.5199,66.7413],[13.6207,66.7951],[13.7863,66.7829],[13.9591,66.7951],[13.9159,66.8194],[13.7035,66.8524],[13.6531,66.9079],[13.7251,66.9374],[13.8079,66.96],[13.8799,66.9652],[14.0239,67.0729],[14.1103,67.1197],[14.2039,67.111],[14.3407,67.1597],[14.4739,67.1423],[14.5999,67.1735],[14.7763,67.1944],[15.4172,67.2031],[15.4352,67.2465],[15.2984,67.2569],[14.8231,67.269],[14.5819,67.2673],[14.4775,67.2551],[14.4415,67.2708],[14.4487,67.2985],[14.5351,67.3402],[14.5783,67.3853],[14.7547,67.4982],[14.9635,67.5746],[15.122,67.5555],[15.2876,67.4826],[15.41,67.4739],[15.464,67.4513],[15.554,67.3524],[15.5936,67.3489],[15.5756,67.4444],[15.6908,67.5207],[15.662,67.5433],[15.4856,67.5155],[15.3524,67.5433],[15.248,67.6023],[15.2192,67.6562],[15.284,67.7082],[15.3452,67.7343],[15.3056,67.7655],[15.0392,67.6822],[14.8555,67.6631],[14.7799,67.6752],[14.8195,67.7499],[14.7979,67.8089],[15.05,67.9565],[15.1328,67.9721],[15.2732,67.9617],[15.3992,67.92],[15.5072,67.927],[15.6224,67.9478],[15.6044,67.9877],[15.356,68.0034],[15.2912,68.0363],[15.3164,68.0693],[15.4856,68.1023],[15.6584,68.1648],[15.8528,68.1822],[16.0076,68.229],[16.0364,68.2186],[16.0652,68.1995],[16.1192,68.0277],[16.2596,67.887],[16.3136,67.8818],[16.2596,68.0016],[16.31,68.0363],[16.3712,68.0624],[16.3928,68.0919],[16.3208,68.1023],[16.2596,68.144],[16.1732,68.2811],[16.2056,68.3176],[16.3892,68.3887],[16.6196,68.4061],[16.8644,68.3558],[16.9508,68.354],[17.0948,68.3679],[17.336,68.4096],[17.48,68.4269],[17.552,68.4269],[17.57,68.4478],[17.5016,68.4617],[17.48,68.4738],[17.426,68.4825],[17.2028,68.4599],[16.5836,68.4669],[16.526,68.4912],[16.5152,68.5328],[16.58,68.5919],[16.652,68.6266],[16.886,68.6856],[17.1308,68.6943],[17.39,68.8002],[17.4908,68.8783],[17.5448,69.0016],[17.7032,69.1005],[18.1028,69.1561],[18.1172,69.1804],[18.074,69.2324],[18.0776,69.3245],[18.1892,69.4338],[18.2612,69.4703],[18.2936,69.4755],[18.38,69.439],[18.4844,69.3644],[18.6464,69.3227],[18.8588,69.314],[18.9164,69.3349],[18.7508,69.3783],[18.6248,69.4338],[18.614,69.4911],[18.6752,69.5206],[18.7652,69.5171],[18.884,69.5241],[18.992,69.5605],[19.0064,69.5883],[19.01,69.623],[19.0388,69.6612],[19.1972,69.748],[19.6868,69.8053],[19.7228,69.781],[19.6976,69.6126],[19.64,69.5033],[19.64,69.4234],[19.7372,69.5033],[19.8632,69.722],[19.9604,69.8244],[20.0684,69.8834],[20.1476,69.8973],[20.2232,69.9268],[20.324,69.9459],[20.3564,69.9216],[20.3888,69.8678],[20.3312,69.6769],[20.3384,69.6161],[20.2772,69.5362],[20.0432,69.3557],[20.054,69.3331],[20.108,69.3418],[20.198,69.3713],[20.486,69.5415],[20.738,69.5206],[20.7416,69.5345],[20.6624,69.5849],[20.5616,69.6335],[20.5328,69.6925],[20.5472,69.8505],[20.6228,69.9147],[20.8388,69.9078],[20.972,69.9164],[21.0332,69.8869],[21.1628,69.8887],[21.2528,70.0032],[21.4328,70.0136],[21.5912,69.9373],[21.7784,69.8869],[21.9332,69.814],[21.9764,69.8348],[21.8936,70.005],[21.8036,70.0657],[21.6092,70.0987],[21.4004,70.1751],[21.3464,70.2081],[21.3572,70.2341],[21.5372,70.2584],[21.782,70.2306],[21.9944,70.2931],[22.0556,70.2758],[22.2212,70.3088],[22.322,70.2654],[22.3832,70.2775],[22.4228,70.3383],[22.6856,70.3747],[22.8512,70.34],[22.9412,70.3053],[22.9844,70.2376],[23.0456,70.1022],[23.1752,70.0293],[23.258,69.9928],[23.3552,69.9841],[23.3984,70.0206],[23.312,70.064],[23.2868,70.1057],[23.33,70.2081],[23.3804,70.248],[23.6612,70.399],[23.8988,70.4789],[24.0392,70.4858],[24.284,70.6629],[24.356,70.6942],[24.4208,70.7028],[24.4028,70.7445],[24.2696,70.7723],[24.2624,70.8261],[24.4424,70.8921],[24.6584,71.0014],[24.7664,71.0084],[24.8312,70.9789],[25.0437,70.9285],[25.1697,70.8712],[25.2633,70.8435],[25.3245,70.8487],[25.3749,70.8921],[25.4361,70.9112],[25.5693,70.9007],[25.6485,70.873],[25.7133,70.8695],[25.7673,70.8539],[25.7817,70.8174],[25.6665,70.7775],[25.4685,70.6716],[25.2741,70.5518],[25.2093,70.4893],[25.1481,70.3244],[24.9932,70.2185],[24.9824,70.1438],[25.0437,70.1091],[25.2129,70.1369],[25.4181,70.2359],[25.4721,70.34],[25.9869,70.6247],[26.2317,70.7827],[26.5053,70.9129],[26.6601,70.9389],[26.7357,70.8539],[26.6745,70.741],[26.5593,70.6699],[26.6457,70.6369],[26.6277,70.5501],[26.6025,70.5032],[26.5845,70.4546],[26.5845,70.4095],[26.6673,70.4216],[26.9877,70.5119],[27.0705,70.6091],[27.1461,70.682],[27.1821,70.7445],[27.3081,70.8035],[27.5457,70.8035],[27.5565,70.8278],[27.2685,70.9094],[27.2361,70.9476],[27.3333,70.9962],[27.5961,71.0917],[27.7329,71.0813],[27.8157,71.0587],[28.1433,71.0431],[28.3917,70.9754],[28.3845,70.8695],[28.3269,70.8244],[28.2729,70.7983],[27.9525,70.7167],[27.8985,70.6785],[27.9993,70.6646],[28.2153,70.7046],[28.2729,70.6681],[28.2045,70.5761],[28.1901,70.4407],[28.1649,70.3608],[28.1649,70.2879],[28.1937,70.248],[28.2801,70.4042],[28.3089,70.4424],[28.4385,70.5015],[28.4853,70.6195],[28.6077,70.7601],[28.7481,70.8417],[28.8309,70.8643],[29.1009,70.8608],[29.2197,70.8296],[29.3205,70.7619],[29.3961,70.7341],[29.6373,70.7046],[29.7237,70.6681],[29.7381,70.6473],[29.7957,70.6421],[29.9577,70.6942],[30.0657,70.7028],[30.2385,70.623],[30.2025,70.5622],[30.2133,70.5431],[30.4221,70.5466],[30.5949,70.524],[30.9261,70.4008],[30.9621,70.3435],[30.9441,70.274],[30.4689,70.1977],[30.2637,70.1248],[29.9253,70.097],[28.7805,70.1456],[28.8057,70.0918],[29.6013,69.9772],[29.6481,69.9442],[29.6229,69.8748],[29.6193,69.8175],[29.6373,69.7793],[29.6949,69.7446],[29.7921,69.7272],[29.9901,69.7359],[30.0873,69.7168],[30.1557,69.7463],[30.1809,69.8418],[30.2385,69.8626],[30.3501,69.8348],[30.3969,69.7324],[30.4293,69.722],[30.4833,69.7949],[30.5949,69.7897],[30.7137,69.7949],[30.8685,69.7828],[31.0485,69.7689],[31.4517,69.689],[31.5453,69.6977],[31.6677,69.7203],[31.7901,69.8157],[31.8801,69.8314],[31.9989,69.8105],[32.0313,69.8348],[31.9701,69.9147],[31.9845,69.9529],[32.3913,69.8696],[32.5641,69.8071],[32.9421,69.7515],[33.0069,69.722],[33.0141,69.6699],[32.9961,69.6265],[32.9133,69.6022],[32.7549,69.6057],[32.1753,69.6734],[32.0925,69.6317],[32.1609,69.597],[32.3301,69.5536],[32.3769,69.479],[32.6361,69.4894],[32.8845,69.4616],[32.9997,69.4703],[33.0213,69.446],[32.9421,69.3835],[32.9781,69.3679],[33.2553,69.4269],[33.3849,69.4442],[33.4533,69.4286],[33.4641,69.3783],[33.4173,69.3158],[33.4137,69.2672],[33.3273,69.1526],[33.1977,69.1161],[33.1401,69.0693],[33.3345,69.0988],[33.4353,69.13],[33.6261,69.2897],[33.6837,69.3106],[34.2309,69.3123],[34.3533,69.3036],[34.8645,69.2272],[35.0086,69.222],[35.1742,69.2307],[35.2318,69.2654],[35.2894,69.2758],[35.8582,69.1925],[36.6178,69.0033],[37.7302,68.6925],[38.3566,68.4148],[38.4286,68.3558],[38.6554,68.321],[38.7058,68.3453],[38.8318,68.3245],[39.5698,68.0711],[39.8218,68.0589],[39.7894,68.1127],[39.7462,68.1631],[39.811,68.1509],[39.8974,68.1145],[40.0342,68.0155],[40.207,67.9426],[40.3798,67.8315],[40.5274,67.7898],[40.657,67.7742],[40.765,67.743],[40.9666,67.7134],[41.0602,67.4444],[41.1322,67.3853],[41.1322,67.2673],[41.2618,67.2187],[41.359,67.21],[41.3554,67.1215],[41.2762,66.9149],[41.1898,66.8263],[40.5202,66.4462],[40.1026,66.3003],[39.289,66.1319],[38.6554,66.0694],[38.3962,66.0642],[37.8994,66.0955],[37.6294,66.1302],[37.2946,66.2257],[36.985,66.2726],[36.769,66.2934],[36.373,66.3021],[35.5126,66.3958],[35.365,66.4288],[34.8249,66.6111],[34.6089,66.559],[34.4829,66.5503],[34.3965,66.6128],[34.4325,66.6302],[34.4505,66.651],[34.1445,66.7031],[33.8925,66.7066],[33.7593,66.7517],[33.5937,66.7847],[33.5217,66.7638],[33.4821,66.7638],[33.1509,66.8437],[33.0033,66.9079],[32.8485,67.0208],[32.8845,67.0607],[32.9313,67.0867],[32.3985,67.1527],[31.8945,67.1614],[31.9845,67.1301],[32.2005,67.1128],[32.3409,67.0676],[32.4993,67.0034],[32.4633,66.9166],[32.6865,66.8298],[32.8557,66.7465],[32.8629,66.7222],[32.9277,66.7048],[33.1797,66.6805],[33.2229,66.6041],[33.1833,66.5746],[33.2157,66.5312],[33.4065,66.4844],[33.5181,66.4722],[33.6549,66.4427],[33.5937,66.3854],[33.4785,66.3472],[33.3597,66.3298],[33.4173,66.316],[33.5649,66.3212],[34.1121,66.2257],[34.4001,66.1285],[34.6917,65.9514],[34.7853,65.8646],[34.7925,65.816],[34.7781,65.7691],[34.7349,65.717],[34.7169,65.6632],[34.6161,65.5105],[34.5441,65.4566],[34.4073,65.3959],[34.5369,65.2778],[34.6701,65.1685],[34.8033,64.9862],[34.8285,64.9133],[34.8321,64.8004],[34.9509,64.7553],[34.9041,64.7379],[34.8573,64.7067],[34.8681,64.5609],[35.0338,64.4411],[35.2858,64.363],[35.4334,64.3473],[35.6458,64.3786],[35.8006,64.3352],[36.1462,64.1894],[36.301,64.0349],[36.3658,64.0036],[36.715,63.9446],[36.9742,63.9099],[37.3738,63.8161],[37.4422,63.8126],[37.6366,63.8942],[37.9678,63.9498],[38.0722,64.0262],[38.0614,64.0904],[37.9786,64.2067],[37.9534,64.3196],[37.8418,64.3664],[37.741,64.3977],[37.4314,64.3734],[37.291,64.3786],[37.183,64.4081],[37.039,64.4897],[36.769,64.6859],[36.625,64.7501],[36.5782,64.7917],[36.5278,64.8473],[36.535,64.9393],[36.6538,64.9358],[36.787,64.9879],[36.8842,65.1719],[37.0498,65.1962],[37.1398,65.1945],[37.5286,65.1077],[38.011,64.8785],[38.1154,64.8542],[38.227,64.8508],[38.4106,64.8577],[38.443,64.8265],[38.5402,64.7917],[38.6122,64.7865],[39.055,64.7136],[39.5662,64.5713],[39.757,64.5765],[39.8326,64.6563],[39.847,64.6911],[40.0594,64.7709],[40.2034,64.7848],[40.4086,64.7553],[40.4446,64.7779],[40.3762,64.8959],[40.2826,64.9983],[40.1422,65.0626],[39.8974,65.2553],[39.7966,65.349],[39.7498,65.448],[39.7822,65.5348],[39.8182,65.5973],[40.3294,65.7518],[40.513,65.8438],[40.693,65.9636],[40.7758,65.9879],[41.0746,66.0208],[41.4742,66.1233],[41.7802,66.2587],[42.0826,66.4653],[42.2122,66.5191],[42.313,66.5156],[42.4498,66.4826],[42.601,66.4219],[42.8062,66.4114],[43.0042,66.4201],[43.2346,66.4149],[43.5514,66.3212],[43.6018,66.2917],[43.6522,66.2517],[43.5514,66.1736],[43.5406,66.1233],[43.6234,66.1476],[43.7386,66.158],[43.843,66.1424],[43.9438,66.099],[44.0158,66.0504],[44.1058,66.0087],[44.131,66.0642],[44.1454,66.1128],[44.0986,66.2344],[44.221,66.4062],[44.3146,66.4809],[44.4874,66.6718],[44.437,66.7951],[44.4298,66.9374],[44.4046,67.0034],[44.293,67.0989],[44.0734,67.1666],[43.8538,67.1892],[43.7818,67.2551],[43.7962,67.3298],[43.8574,67.4392],[44.0374,67.67],[44.2246,67.9964],[44.2318,68.0711],[44.2138,68.1127],[44.2282,68.1544],[44.203,68.2533],[44.1706,68.3263],[43.4038,68.6092],[43.357,68.6353],[43.3318,68.6735],[43.4146,68.6821],[43.4722,68.6804],[44.0482,68.5485],[44.1742,68.5415],[45.0779,68.578],[45.5207,68.5467],[45.8915,68.479],[46.1579,68.2915],[46.4315,68.1197],[46.6835,67.9704],[46.6907,67.8489],[46.4279,67.8245],[46.1759,67.8176],[45.5279,67.7568],[45.3731,67.6891],[44.941,67.4773],[44.9014,67.4131],[44.941,67.3506],[45.1391,67.2846],[45.5639,67.1857],[45.7511,66.9895],[45.8843,66.8906],[45.9851,66.8524],[46.0823,66.8437],[46.2983,66.842],[46.4495,66.8194],[46.4927,66.8003],[46.5539,66.8194],[46.6907,66.8263],[47.4971,66.9305],[47.6555,66.9756],[47.7095,67.0451],[47.7671,67.276],[47.8391,67.3558],[47.9075,67.4548],[47.8823,67.5155],[47.8751,67.585],[48.2783,67.6509],[48.6527,67.6961],[48.8327,67.6822],[48.8795,67.7308],[48.7643,67.8263],[48.6959,67.8749],[48.7535,67.8957],[48.8399,67.8697],[48.9551,67.8541],[49.1567,67.8697],[49.9307,68.0659],[50.2331,68.1752],[50.4131,68.2186],[50.7011,68.3176],[50.8379,68.3506],[51.0791,68.3627],[51.3347,68.4026],[51.6155,68.4755],[51.9935,68.538],[52.0547,68.5415],[52.1303,68.5328],[52.2851,68.4599],[52.2275,68.4183],[52.1843,68.3749],[52.2599,68.3506],[52.3211,68.3401],[52.3967,68.3523],[52.4759,68.3818],[52.6703,68.4269],[52.7243,68.4842],[52.6487,68.5068],[52.5515,68.5919],[52.4363,68.611],[52.3427,68.6075],[52.6847,68.7307],[53.4119,68.913],[53.8007,68.9963],[54.1859,69.0033],[54.4919,68.9929],[54.3767,68.9651],[53.8727,68.9269],[53.7971,68.9078],[53.7971,68.8852],[53.9195,68.8714],[53.9699,68.8436],[53.9303,68.8123],[53.8907,68.8019],[53.8331,68.7082],[53.7575,68.6335],[53.9159,68.5363],[53.9303,68.4356],[53.8295,68.3818],[53.6891,68.4026],[53.5667,68.3679],[53.3435,68.3436],[53.2931,68.3124],[53.2607,68.2672],[53.4047,68.2568],[53.5163,68.2603],[53.9123,68.2308],[53.9663,68.2273],[54.0995,68.2585],[54.2327,68.2655],[54.3947,68.2759],[54.4775,68.295],[54.5603,68.2724],[54.7187,68.1839],[54.8627,68.2013],[54.9239,68.3731],[55.1508,68.4808],[55.4172,68.5676],[55.6764,68.5762],[55.9248,68.637],[56.0436,68.6491],[56.274,68.6248],[56.6196,68.6196],[56.9112,68.5676],[57.1272,68.5537],[57.444,68.6422],[58.1748,68.8905],[58.236,68.8332],[58.3548,68.9165],[58.92,69.0033],[59.0568,69.0068],[59.0604,68.972],[59.1108,68.8957],[59.2188,68.8488],[59.37,68.7377],[59.298,68.7082],[59.2224,68.6908],[59.1108,68.6162],[59.1,68.4443],[59.3124,68.4009],[59.604,68.3506],[59.7264,68.3523],[59.8272,68.3801],[59.8596,68.3957],[59.8956,68.4217],[59.9244,68.4721],[59.9424,68.5103],[59.8668,68.6057],[59.8956,68.7064],[60.162,68.6995],[60.4896,68.729],[60.6372,68.7863],[60.8136,68.8957],[60.9324,68.9859],[60.8568,69.1456],[60.666,69.1109],[60.3384,69.4564],[60.1692,69.5901],[60.2772,69.6526],[60.558,69.6925],[60.8136,69.8209],[60.9108,69.847],[61.0152,69.8522],[61.7712,69.7637],[62.6316,69.7428],[63.3624,69.6751],[64.1904,69.5345],[64.5936,69.4356],[64.9284,69.3262],[64.896,69.2481],[65.0329,69.2706],[65.3281,69.2012],[65.5297,69.1734],[65.7349,69.1318],[65.8141,69.0762],[66.0841,69.0363],[66.4153,68.9477],[66.7573,68.8922],[67.0021,68.8731],[67.1497,68.7533],[67.6393,68.5797],[67.7293,68.5137],[68.1577,68.4044],[68.3701,68.3141],[68.5033,68.3488],[68.8309,68.5676],[69.0253,68.8175],[69.1405,68.9512],[68.9245,68.9564],[68.7625,68.9182],[68.6581,68.9269],[68.5429,68.9668],[68.3557,69.0675],[68.1181,69.2359],[68.0713,69.4199],[68.0065,69.4807],[67.7761,69.5293],[67.6249,69.5849],[67.0633,69.6942],[66.9625,69.656],[66.9337,69.597],[66.8977,69.5536],[66.8401,69.6092],[66.8041,69.6595],[66.8041,69.7394],[66.8329,69.8418],[66.9265,70.0136],[67.0705,70.005],[67.1461,70.031],[67.2397,70.1074],[67.1965,70.1716],[67.1461,70.2202],[67.1569,70.2949],[67.2469,70.4997],[67.2865,70.7393],[67.2109,70.7983],[67.1425,70.8382],[66.8221,70.7966],[66.7033,70.8192],[66.6745,70.8643],[66.6673,70.9007],[66.7573,70.9615],[66.8473,71.0639],[66.6925,71.0414],[66.6385,71.0813],[66.7681,71.1403],[66.9193,71.2827],[67.2757,71.3486],[67.5421,71.4129],[67.9597,71.5483],[68.2693,71.6819],[68.4709,71.8521],[68.6077,72.0135],[68.8309,72.392],[69.0397,72.6697],[69.3925,72.9562],[69.6121,72.9822],[69.6949,72.977],[69.7093,72.9562],[69.6589,72.9319],[69.6445,72.8971],[69.7381,72.885],[69.8893,72.8833],[70.1737,72.9006],[70.6561,72.8902],[71.4985,72.9145],[71.6173,72.9024],[71.9305,72.819],[72.0997,72.8294],[72.4453,72.7895],[72.6325,72.7444],[72.8125,72.6906],[72.7873,72.4822],[72.7513,72.3434],[72.6253,72.0795],[72.5749,72.0118],[72.3733,71.8208],[72.2797,71.6958],[72.1285,71.609],[71.9125,71.5483],[71.8837,71.5118],[71.8657,71.458],[72.0781,71.307],[72.5821,71.1507],[72.7045,70.9632],[72.7333,70.8226],[72.7009,70.4581],[72.6541,70.4042],[72.5605,70.3452],[72.4705,70.2758],[72.5281,70.1734],[72.6001,69.7932],[72.6145,69.4842],[72.5569,69.3783],[72.5281,69.1543],[72.5281,69.0797],[72.5785,68.9686],[72.6793,68.8748],[72.8125,68.8158],[73.1905,68.7064],[73.5469,68.5745],[73.5721,68.5328],[73.5901,68.4825],[73.4641,68.4304],[73.2661,68.295],[73.1401,68.1822],[73.1293,68.0902],[73.1725,67.9738],[73.1509,67.8645],[73.0681,67.7673],[72.9493,67.6961],[72.5929,67.5867],[71.8477,67.0069],[71.6677,66.9392],[71.3653,66.9618],[71.4481,66.8784],[71.5525,66.7604],[71.5381,66.6823],[71.3437,66.6875],[71.0665,66.6041],[70.9405,66.5486],[70.7245,66.5191],[70.5625,66.5486],[70.3825,66.6024],[70.4077,66.6475],[70.4437,66.6684],[70.5697,66.7014],[70.6921,66.7448],[70.6309,66.7534],[70.5805,66.7534],[70.4437,66.6979],[70.2817,66.6857],[70.0945,66.7552],[69.9469,66.8298],[69.8785,66.8454],[69.7417,66.8142],[69.2161,66.8281],[69.0793,66.8159],[69.0145,66.7882],[69.0505,66.7656],[69.0901,66.7239],[69.1441,66.6406],[69.1945,66.5781],[69.4105,66.5104],[69.7021,66.4844],[69.9829,66.401],[70.3393,66.342],[71.1457,66.3663],[71.3581,66.3594],[71.5669,66.3333],[71.9161,66.2465],[72.0673,66.2535],[72.3229,66.3316],[72.3841,66.5069],[72.4165,66.5607],[73.3417,66.8072],[73.5145,66.8611],[73.7917,66.9947],[73.8817,67.085],[73.9861,67.328],[74.0761,67.4148],[74.6773,67.6943],[74.7709,67.7655],[74.7889,67.8975],[74.7781,67.986],[74.7421,68.0728],[74.6341,68.2186],[74.5117,68.3037],[74.3929,68.42],[74.4793,68.6596],[74.5801,68.7516],[75.1238,68.8609],[75.5882,68.9009],[76.1066,68.9755],[76.3154,68.9911],[76.4594,68.979],[76.607,68.8974],[76.7366,68.7776],[77.111,68.5953],[77.237,68.4703],[77.2622,68.3158],[77.2478,67.9409],[77.1758,67.7777],[77.3234,67.736],[77.3954,67.6978],[77.579,67.644],[77.6762,67.5902],[77.7734,67.5711],[77.9858,67.5589],[78.5906,67.578],[78.9218,67.5884],[78.8894,67.6128],[78.839,67.6318],[78.5582,67.6388],[78.1622,67.6787],[77.5898,67.7516],[77.5214,67.9096],[77.5358,68.0068],[77.6654,68.1908],[77.7554,68.2221],[77.867,68.2342],[77.9966,68.2603],[77.957,68.3766],[77.9066,68.4825],[77.7842,68.6301],[77.651,68.9026],[77.4674,68.9043],[77.327,68.9582],[76.6466,69.1179],[76.0022,69.2359],[75.5594,69.2515],[75.419,69.2394],[75.0518,69.1161],[74.8141,69.0901],[74.3641,69.1439],[73.9789,69.1144],[73.8349,69.1439],[73.7773,69.1977],[73.8925,69.4182],[73.8313,69.5033],[73.6621,69.6178],[73.5613,69.7064],[73.5793,69.8036],[73.8313,70.1751],[73.9357,70.2723],[74.2057,70.4459],[74.3425,70.5778],[74.3101,70.6542],[73.7305,71.0691],[73.5757,71.2167],[73.5073,71.2636],[73.3669,71.3191],[73.1509,71.3851],[73.0861,71.4441],[73.6729,71.8451],[73.9393,71.9146],[74.3101,71.958],[74.4901,71.9962],[74.8033,72.0778],[74.9905,72.1455],[75.0518,72.1993],[75.0914,72.2635],[75.0986,72.4215],[75.059,72.5482],[75.0086,72.6194],[74.8969,72.7097],[74.7853,72.8121],[74.8645,72.8381],[74.9437,72.8537],[75.1526,72.852],[75.3686,72.7965],[75.4766,72.6854],[75.6026,72.5812],[75.6026,72.5118],[75.5918,72.4579],[75.6458,72.3816],[75.6926,72.3503],[75.743,72.2965],[75.6962,72.2531],[75.6458,72.2323],[75.5486,72.1715],[75.3938,71.984],[75.275,71.9597],[75.2462,71.8139],[75.5018,71.6542],[75.4694,71.5344],[75.419,71.4945],[75.2786,71.4302],[75.2966,71.3781],[75.3326,71.3417],[75.7322,71.2653],[76.1102,71.2184],[76.7438,71.2028],[76.9274,71.1282],[76.9958,71.1802],[77.5898,71.1681],[78.0686,70.9858],[78.3206,70.9303],[78.5258,70.9112],[78.9434,70.9337],[79.0154,70.9494],[79.0838,71.0014],[78.8894,70.998],[78.803,70.9737],[78.7238,70.9754],[78.587,70.9945],[78.4898,71.0257],[78.3854,71.0865],[78.2126,71.267],[77.9102,71.3243],[77.705,71.3],[77.4818,71.3122],[77.1146,71.4094],[76.8698,71.4458],[76.4342,71.5517],[76.3118,71.5951],[76.2146,71.6837],[76.103,71.8295],[76.031,71.9111],[76.1246,71.9267],[76.4234,72.0066],[76.8698,72.0326],[77.0606,72.0048],[77.5502,71.8417],[77.777,71.8364],[78.1874,71.9076],[78.2342,71.9528],[78.1406,72.0448],[78.0182,72.0916],[77.7806,72.1142],[77.4926,72.0725],[77.4098,72.1073],[77.4386,72.1559],[77.471,72.1923],[77.6258,72.201],[77.7338,72.2288],[77.9678,72.3295],[78.227,72.3781],[78.4826,72.3954],[79.4222,72.3816],[79.955,72.2236],[80.4734,72.1524],[80.7002,72.0986],[80.7614,72.0899],[80.8154,72.0535],[80.855,71.9701],[81.5102,71.7462],[81.6614,71.7167],[82.079,71.7062],[82.547,71.7583],[82.7594,71.7635],[82.9862,71.7479],[83.105,71.7201],[83.2346,71.6681],[83.1662,71.6021],[83.105,71.5622],[82.9754,71.4511],[82.9178,71.4198],[82.493,71.2931],[82.3238,71.2601],[82.277,71.0934],[82.2554,71.057],[82.2374,70.998],[82.3166,70.8799],[82.3346,70.807],[82.2698,70.7063],[82.1618,70.5987],[82.1834,70.5119],[82.2194,70.3956],[82.2374,70.4303],[82.2302,70.4824],[82.259,70.5431],[82.4534,70.6907],[82.5938,70.8903],[82.7378,70.9424],[82.8674,70.9546],[83.0114,70.8955],[83.051,70.8157],[83.0582,70.6942],[83.0294,70.5813],[82.9214,70.4077],[82.7414,70.2862],[82.6838,70.2185],[82.7666,70.1543],[82.8566,70.1039],[82.961,70.0883],[83.0798,70.0935],[83.1086,70.1091],[83.1302,70.1577],[83.0942,70.2202],[83.0726,70.2775],[83.2922,70.3209],[83.4974,70.3452],[83.6594,70.4181],[83.699,70.4667],[83.735,70.5466],[83.6522,70.6716],[83.5802,70.7653],[83.3354,70.9893],[83.1518,71.1039],[83.267,71.2757],[83.4578,71.4667],[83.5298,71.5136],[83.5514,71.5431],[83.573,71.5951],[83.555,71.649],[83.5334,71.6837],[83.339,71.8278],[83.1986,71.8746],[82.7558,71.9024],[82.6442,71.925],[82.3202,72.0725],[82.2806,72.1055],[82.2086,72.2114],[82.1834,72.2375],[82.0934,72.2652],[81.7946,72.326],[81.5858,72.352],[81.2834,72.359],[81.0998,72.3902],[80.8262,72.4875],[80.7974,72.5204],[80.7182,72.6472],[80.657,72.7114],[80.675,72.76],[80.7722,72.8607],[80.8406,72.9492],[80.7578,73.0256],[80.639,73.0499],[80.5094,73.0864],[80.4554,73.1558],[80.423,73.2305],[80.4194,73.2895],[80.3978,73.3572],[80.459,73.4145],[80.5958,73.4735],[80.5634,73.5152],[80.5814,73.569],[81.4706,73.6402],[81.8162,73.6593],[83.5442,73.6662],[83.6666,73.687],[84.419,73.7217],[84.7394,73.7634],[85.0779,73.72],[85.2003,73.7217],[85.4487,73.7339],[85.6107,73.8224],[85.9779,73.8572],[86.5899,73.8936],[86.8923,73.8867],[86.9607,73.8606],[87.0291,73.8242],[86.6979,73.7165],[86.3667,73.6193],[86.0931,73.5777],[85.8267,73.4926],[85.8015,73.4596],[85.7943,73.4388],[85.8015,73.3711],[85.8195,73.3277],[86.0967,73.2721],[86.3091,73.1957],[86.5143,73.1402],[86.6763,73.1072],[86.7159,73.1263],[86.1219,73.3068],[85.9707,73.3468],[85.9095,73.3902],[85.9383,73.4561],[85.9995,73.4857],[86.0931,73.5186],[86.1543,73.5343],[86.3775,73.569],[87.1191,73.6159],[87.2955,73.7044],[87.3711,73.7565],[87.5727,73.8103],[87.5043,73.8329],[87.3387,73.8467],[87.2091,73.878],[86.6979,74.1957],[86.5719,74.2443],[86.1795,74.279],[86.0031,74.3155],[86.1831,74.4231],[86.3955,74.4509],[86.5395,74.4439],[86.6655,74.4144],[86.8995,74.3259],[87.2307,74.3641],[87.1047,74.404],[86.8959,74.4491],[86.7015,74.522],[86.4243,74.5863],[86.1147,74.6279],[85.7907,74.6453],[85.8807,74.7408],[86.0607,74.7286],[86.1183,74.7581],[86.2011,74.8154],[86.6511,74.6818],[86.8635,74.7182],[87.0435,74.779],[87.4179,74.9404],[87.4683,75.0133],[87.2883,75.0533],[87.1407,75.0724],[86.9391,75.0689],[86.9211,75.1123],[87.0075,75.1696],[87.1695,75.1921],[87.6699,75.1296],[88.5051,75.2911],[88.7319,75.3692],[89.3115,75.4699],[89.5959,75.4578],[90.1863,75.5914],[91.0035,75.6487],[91.4787,75.6504],[91.8459,75.7234],[92.4075,75.7494],[92.6019,75.7789],[93.5487,75.8536],[94.0743,75.9126],[94.1571,75.9595],[93.6855,75.9213],[93.5739,75.956],[93.4767,75.9334],[93.4047,75.9004],[93.1779,75.9595],[93.1167,75.9438],[93.0699,75.9126],[92.9871,75.9022],[92.8899,75.9091],[92.8575,75.9803],[92.9727,76.0758],[93.1059,76.0254],[93.2607,76.0983],[93.3579,76.1001],[93.6495,76.0549],[93.8439,76.1018],[94.1031,76.1244],[94.3875,76.1035],[94.5063,76.1088],[94.5747,76.1522],[95.0392,76.114],[95.3596,76.14],[95.5792,76.1365],[95.9212,76.114],[96.076,76.0827],[95.986,76.0098],[95.6548,75.8918],[95.7448,75.8727],[95.9356,75.9265],[96.508,76.0063],[96.6016,75.9907],[96.5368,75.9213],[96.4972,75.8918],[96.8788,75.9317],[97.2064,76.0185],[97.3504,76.0341],[97.498,75.9803],[97.6384,76.0289],[97.6708,76.0775],[97.9192,76.0879],[98.02,76.1331],[98.1964,76.166],[98.3404,76.1799],[98.6608,76.2424],[98.7724,76.2233],[98.9848,76.2077],[99.1864,76.1782],[99.5644,76.1088],[99.6148,76.0827],[99.6616,76.0775],[99.7696,76.0289],[99.6904,75.956],[99.604,75.8518],[99.442,75.8032],[99.5392,75.798],[99.6076,75.8119],[99.7372,75.8813],[99.8524,75.9299],[99.8236,76.1365],[99.6184,76.2407],[99.46,76.2754],[99.0928,76.3848],[98.9704,76.4317],[98.8048,76.4803],[98.8696,76.5098],[99.5752,76.4716],[99.9352,76.4907],[100.324,76.4785],[100.8424,76.5254],[101.062,76.4768],[101.3104,76.4785],[101.5984,76.4386],[101.6848,76.4855],[101.2132,76.5358],[101.0044,76.5306],[100.9288,76.5566],[101.008,76.6157],[101.098,76.7042],[101.008,76.7806],[100.9216,76.8223],[100.9072,76.9004],[100.99,76.9906],[101.1844,77.0288],[101.2924,77.1017],[101.5192,77.1972],[102.61,77.508],[103.132,77.626],[103.33,77.6416],[103.5604,77.6312],[104.014,77.7302],[104.1832,77.7302],[104.8132,77.6521],[104.9644,77.5948],[105.3101,77.5496],[105.7097,77.5253],[105.8933,77.4889],[105.9833,77.4472],[106.0589,77.3899],[105.7349,77.3517],[105.3857,77.2372],[104.9104,77.1747],[104.3236,77.133],[104.2012,77.1017],[105.3209,77.0931],[105.6449,77.1],[105.7133,77.0011],[105.8213,76.9976],[106.1453,77.0445],[106.3397,77.0479],[106.7069,77.0132],[106.7825,77.0323],[106.9409,77.034],[107.2793,76.9906],[107.4305,76.9264],[107.1893,76.8223],[106.9409,76.7302],[106.6385,76.574],[106.5449,76.5862],[106.3865,76.5896],[106.4153,76.5115],[106.6817,76.515],[106.8257,76.4803],[107.1569,76.5237],[107.6249,76.5098],[107.7221,76.5219],[107.9021,76.5705],[107.9489,76.6608],[108.0281,76.7181],[108.1829,76.7372],[108.3521,76.7198],[108.6401,76.7198],[109.3709,76.7493],[109.9829,76.7111],[110.4725,76.758],[111.1133,76.7233],[111.3941,76.6868],[111.5993,76.6226],[111.7865,76.6035],[111.9377,76.5532],[112.0925,76.4803],[112.0169,76.4212],[111.9413,76.3813],[112.1429,76.4247],[112.2977,76.4351],[112.4129,76.4091],[112.6181,76.383],[112.6829,76.2181],[112.7441,76.1869],[112.7981,76.1296],[112.7225,76.0775],[112.6577,76.0532],[112.8197,76.0584],[113.0465,76.114],[113.0933,76.1331],[113.1509,76.1747],[113.0645,76.2147],[112.9889,76.239],[113.0861,76.2581],[113.2733,76.2511],[113.3669,76.1782],[113.4281,76.1122],[113.5649,75.8918],[113.8565,75.9213],[113.8709,75.8553],[113.7485,75.7043],[113.6189,75.5932],[113.5685,75.5689],[113.4857,75.5636],[113.5181,75.6227],[113.4677,75.6574],[113.3921,75.6782],[113.1257,75.6991],[112.6289,75.8362],[112.4957,75.8501],[112.4669,75.8431],[112.4525,75.831],[112.7297,75.7372],[112.9565,75.5723],[113.1617,75.6209],[113.2445,75.6123],[113.3561,75.5341],[113.5577,75.5029],[113.7269,75.4508],[113.6153,75.2928],[112.9241,75.0151],[112.1933,74.8536],[111.8693,74.7408],[111.3005,74.6592],[110.8937,74.5481],[110.3753,74.4665],[110.2241,74.378],[109.8389,74.3224],[109.8677,74.2929],[109.9109,74.2616],[109.8641,74.2096],[109.8101,74.1696],[109.5113,74.088],[109.0757,74.0325],[108.2009,73.694],[107.7653,73.6245],[107.2721,73.6211],[107.1677,73.5898],[106.7933,73.3763],[106.6781,73.3311],[106.1885,73.3086],[105.6773,72.9596],[105.3929,72.8416],[105.1445,72.7774],[105.4037,72.7895],[105.7097,72.8364],[106.0661,72.9492],[106.1597,73.0013],[106.2101,73.0603],[106.3145,73.1072],[106.4765,73.1402],[107.1101,73.1766],[107.3693,73.1628],[107.7509,73.1732],[108.0029,73.2357],[108.1505,73.2582],[108.2837,73.2652],[108.3521,73.3103],[108.5753,73.319],[109.0901,73.378],[109.1657,73.3989],[109.3313,73.4874],[109.6373,73.4544],[109.8569,73.4718],[110.4293,73.6297],[110.7749,73.6888],[110.8685,73.7304],[110.8001,73.7599],[110.7209,73.7808],[110.3897,73.7252],[110.0909,73.7079],[109.7525,73.7217],[109.7057,73.7443],[109.6661,73.7999],[109.7741,73.8815],[109.8677,73.9301],[110.0837,73.9943],[110.2601,74.0169],[110.9189,73.9474],[111.0557,73.9388],[111.1313,74.0533],[111.3401,74.0481],[111.5489,74.029],[111.4589,74.0047],[111.2285,73.9683],[111.3005,73.8849],[111.4013,73.8276],[111.8045,73.7461],[112.1465,73.7096],[112.3985,73.7113],[112.7945,73.7461],[112.8557,73.7704],[112.9385,73.8363],[112.8377,73.9613],[112.9349,73.9457],[113.0321,73.9144],[113.1833,73.8381],[113.3273,73.7079],[113.4173,73.6471],[113.3633,73.5829],[113.1581,73.4596],[113.2769,73.3919],[113.4893,73.3468],[113.4893,73.1454],[113.4749,73.0482],[113.3705,72.9423],[113.2481,72.8971],[113.1293,72.8312],[113.1581,72.7687],[113.1869,72.7305],[113.3129,72.6576],[113.6657,72.635],[113.7125,72.6541],[113.6297,72.6767],[113.3921,72.7114],[113.2985,72.7392],[113.2157,72.8051],[113.3129,72.8781],[113.4173,72.9319],[113.5433,73.0551],[113.5829,73.1419],[113.5577,73.2322],[113.6405,73.2739],[113.7665,73.3173],[113.8277,73.3259],[113.8853,73.345],[113.7953,73.3676],[113.7125,73.378],[113.5397,73.4336],[113.5109,73.5047],[113.8565,73.5343],[114.0617,73.5846],[114.8177,73.6072],[115.3362,73.7027],[116.4954,73.6766],[117.309,73.5985],[118.4502,73.5898],[118.8714,73.5377],[118.911,73.5186],[118.9362,73.4804],[118.7562,73.4648],[118.4574,73.4648],[118.3782,73.3676],[118.4286,73.2461],[118.9614,73.1176],[119.4258,73.0638],[119.7498,72.9787],[119.9226,72.9718],[120.5994,72.9805],[120.9954,72.9371],[121.3554,72.9701],[121.7478,72.9701],[121.8846,72.9614],[122.0286,72.8971],[122.259,72.8798],[122.5362,72.8781],[122.691,72.8902],[122.7522,72.9058],[122.7306,72.9319],[122.5002,72.9701],[122.5254,73.0169],[122.6154,73.0273],[123.0006,72.9649],[123.159,72.9544],[123.2994,73.0013],[123.4038,73.0864],[123.4614,73.1437],[123.5226,73.1732],[123.573,73.1766],[123.6234,73.194],[123.501,73.2617],[123.3822,73.3468],[123.357,73.4023],[123.321,73.4301],[123.3066,73.5325],[123.4146,73.6367],[123.4902,73.6662],[123.7962,73.6263],[123.933,73.6888],[124.0194,73.7131],[124.3866,73.7547],[124.5414,73.7513],[124.797,73.7113],[125.6179,73.5204],[125.5999,73.4475],[125.7943,73.4683],[125.8879,73.4978],[126.1075,73.5169],[126.2551,73.5481],[126.2947,73.536],[126.3451,73.5065],[126.3091,73.4631],[126.2587,73.4197],[126.2911,73.3936],[126.3343,73.3884],[126.5539,73.3346],[126.8383,73.4336],[126.9535,73.5291],[127.0327,73.5481],[127.7419,73.4822],[127.9543,73.4457],[127.9975,73.4249],[128.0263,73.3902],[128.1415,73.352],[128.2819,73.3311],[128.2639,73.2999],[128.2567,73.2669],[128.5879,73.2617],[128.7319,73.2339],[128.8903,73.1905],[128.8723,73.1402],[128.9119,73.1107],[129.0595,73.1072],[129.0991,73.1124],[129.0523,73.0447],[128.8543,72.9718],[128.7355,72.944],[128.5987,72.8954],[128.6743,72.8867],[129.0163,72.8728],[129.2287,72.7756],[129.2503,72.7045],[129.1171,72.6767],[128.8147,72.5864],[128.6347,72.5499],[128.5087,72.5465],[128.4187,72.5343],[128.5483,72.4961],[129.1171,72.4857],[129.2827,72.4371],[129.4123,72.3156],[129.4123,72.1663],[129.2827,72.0916],[128.9335,72.0795],[128.4763,72.2461],[128.1955,72.3104],[127.8031,72.4336],[127.7275,72.4128],[127.8427,72.3086],[128.0263,72.2496],[128.3575,72.0882],[128.9119,71.7549],[129.0415,71.7826],[129.1171,71.8243],[129.1531,71.8781],[129.1207,71.9528],[129.2107,71.9163],[129.2935,71.8503],[129.4591,71.7392],[129.2359,71.7444],[128.9479,71.708],[128.8435,71.6628],[128.9227,71.6021],[129.1351,71.5934],[129.2251,71.5083],[129.3907,71.4042],[129.7615,71.1195],[130.0243,71.0657],[130.2799,70.9476],[130.5355,70.8921],[130.6687,70.8886],[130.7587,70.9615],[130.8307,70.9355],[130.8991,70.8035],[131.0215,70.7462],[131.1583,70.7428],[131.2699,70.7653],[131.4319,70.8278],[131.5615,70.9007],[131.7703,71.1021],[131.9071,71.2028],[132.0367,71.2445],[131.9899,71.2931],[132.0043,71.3504],[132.0979,71.484],[132.2275,71.642],[132.3247,71.7271],[132.5623,71.8955],[132.6523,71.9267],[132.7171,71.8712],[132.7675,71.7983],[132.8035,71.767],[132.8395,71.7549],[133.1311,71.6073],[133.4263,71.491],[133.6891,71.4337],[134.1031,71.3781],[134.7043,71.3868],[134.8123,71.4597],[135.0212,71.5153],[135.3596,71.5431],[135.5576,71.6108],[135.8852,71.6299],[136.0904,71.6194],[136.4072,71.5708],[137.1164,71.4163],[137.3144,71.359],[137.4188,71.2983],[137.6492,71.208],[137.7968,71.1646],[137.9408,71.1334],[137.9912,71.142],[137.9732,71.1681],[137.9012,71.1941],[137.8436,71.2271],[138.0128,71.2601],[138.0308,71.2861],[138.092,71.307],[138.3152,71.3261],[138.0956,71.359],[138.0236,71.3643],[137.9192,71.3834],[137.9264,71.4302],[137.9948,71.4632],[138.0488,71.5257],[138.1172,71.5656],[138.2324,71.5969],[138.3188,71.6021],[138.524,71.5622],[138.6716,71.6351],[138.7796,71.6299],[139.0064,71.5552],[139.208,71.4441],[139.3196,71.4441],[139.6328,71.4892],[139.9856,71.491],[139.9388,71.557],[139.694,71.701],[139.7228,71.8851],[139.5536,71.9267],[139.3592,71.951],[139.64,71.9979],[139.8488,72.1489],[140.0144,72.1628],[140.1872,72.1906],[140.1332,72.2097],[139.6184,72.2253],[139.5068,72.208],[139.4312,72.1628],[139.1756,72.1628],[139.1468,72.2652],[139.1396,72.3295],[139.4744,72.4666],[139.6004,72.4961],[140.45,72.4927],[140.7056,72.5187],[141.08,72.5864],[140.9828,72.6298],[140.972,72.7166],[140.6516,72.8433],[140.6768,72.8711],[140.7092,72.8902],[140.8064,72.8902],[141.3104,72.8572],[141.5192,72.7895],[142.0628,72.7201],[143.5172,72.6975],[143.6792,72.6732],[144.3056,72.6437],[144.5684,72.6107],[145.1985,72.5708],[145.4865,72.5413],[145.7133,72.4979],[146.0841,72.4718],[146.2533,72.4423],[146.2353,72.3503],[145.4685,72.3625],[145.2129,72.392],[144.896,72.3954],[144.7772,72.3816],[144.5864,72.3052],[144.3596,72.2652],[144.1688,72.2583],[144.2948,72.1923],[144.4712,72.175],[145.0401,72.26],[146.5953,72.3017],[146.8329,72.2948],[146.8077,72.2357],[146.5989,72.1229],[146.4009,72.0361],[146.1129,71.9458],[146.0049,71.9458],[146.2317,72.1368],[146.1381,72.1472],[146.0517,72.142],[145.7997,72.2218],[145.7601,72.2253],[145.7097,72.2062],[145.7097,72.1784],[145.6629,72.0673],[145.7565,72.0205],[145.7565,71.9406],[145.4073,71.8903],[145.2705,71.8955],[145.1265,71.9267],[145.0653,71.9267],[145.0473,71.9007],[145.0761,71.8538],[145.0725,71.8312],[145.0185,71.793],[144.9896,71.7531],[145.0761,71.708],[145.1877,71.6958],[145.8033,71.7462],[146.0733,71.8087],[146.3685,71.9215],[146.8941,72.1975],[147.1281,72.2913],[147.2613,72.3277],[147.4341,72.3416],[148.4025,72.3121],[148.9641,72.2531],[149.5005,72.1646],[149.7669,72.0916],[149.9613,71.9927],[149.9973,71.951],[150.0153,71.8955],[149.8821,71.8434],[149.2809,71.826],[149.0505,71.7965],[148.9641,71.7635],[148.9533,71.7444],[148.9245,71.7149],[148.9677,71.6906],[149.2377,71.6872],[149.4969,71.6646],[149.8569,71.6021],[149.9109,71.5813],[150.0261,71.5205],[150.0621,71.5101],[150.5985,71.5205],[150.6345,71.4997],[150.6669,71.4545],[150.5265,71.3851],[150.3861,71.3382],[150.0981,71.2271],[150.2421,71.267],[150.8217,71.3625],[150.9693,71.3799],[151.1457,71.3729],[151.5813,71.2861],[151.7613,71.2184],[152.0925,71.024],[151.9989,71.0032],[151.7613,70.9823],[152.5101,70.8348],[152.7981,70.8365],[153.4605,70.8782],[153.7953,70.8799],[154.4145,70.9737],[155,71.0314],[155,69.0101],[-85,68.9915],[-85,65.0591]],[[50.6795,46.9387],[50.5823,46.8831],[50.5283,46.8727],[50.4707,46.8831],[50.4203,46.8797],[50.3051,46.7946],[50.0999,46.6956],[49.9991,46.6349],[49.8875,46.595],[49.7615,46.5707],[49.6319,46.5672],[49.5851,46.5446],[49.4375,46.5377],[49.3475,46.5186],[49.3439,46.4856],[49.3619,46.4109],[49.2863,46.437],[49.2071,46.3849],[49.2323,46.3363],[49.2467,46.2912],[49.1243,46.2825],[49.1099,46.2287],[49.0811,46.1887],[48.8111,46.1002],[48.7427,46.1002],[48.6851,46.0863],[48.6887,46.029],[48.7031,45.9769],[48.7499,45.9214],[48.7283,45.8971],[48.6887,45.8884],[48.6383,45.9058],[48.5879,45.9353],[48.5375,45.9422],[48.4871,45.9353],[48.2567,45.7773],[48.1595,45.7374],[48.0515,45.7218],[47.8319,45.6627],[47.7635,45.6662],[47.7023,45.687],[47.6483,45.6575],[47.6339,45.5846],[47.5727,45.6349],[47.5079,45.6749],[47.4791,45.687],[47.4647,45.6801],[47.5259,45.602],[47.5295,45.5308],[47.5151,45.4909],[47.4899,45.4544],[47.4539,45.4336],[47.4143,45.4214],[47.3927,45.2947],[47.3495,45.2183],[47.2955,45.1489],[47.2199,45.0239],[47.1623,44.9701],[47.1155,44.9058],[47.0831,44.8173],[47.0399,44.8381],[47.0039,44.8763],[46.9823,44.826],[46.9571,44.7826],[46.8419,44.7183],[46.7555,44.6558],[46.7159,44.5604],[46.7087,44.5031],[46.7195,44.451],[46.7519,44.4215],[46.9175,44.3868],[47.0219,44.3434],[47.1227,44.2618],[47.2307,44.1923],[47.3063,44.1038],[47.3603,43.9927],[47.4287,43.7792],[47.4611,43.5552],[47.5619,43.8347],[47.6483,43.8851],[47.6267,43.8052],[47.5691,43.6854],[47.5079,43.5101],[47.4899,43.3816],[47.5115,43.2705],[47.5115,43.2184],[47.4647,43.0344],[47.4899,42.9997],[47.5295,42.9667],[47.6339,42.9042],[47.7095,42.8105],[47.7275,42.6803],[47.7707,42.6456],[47.8211,42.6143],[48.0803,42.3539],[48.2279,42.1803],[48.3035,42.0796],[48.3827,41.9529],[48.4259,41.9234],[48.4763,41.9043],[48.5735,41.8453],[48.6635,41.7862],[48.8255,41.63],[49.0523,41.3748],[49.1063,41.3019],[49.1423,41.2186],[49.1747,41.1161],[49.2251,41.0259],[49.4555,40.8002],[49.5563,40.7169],[49.7183,40.6075],[49.7759,40.5832],[49.8515,40.578],[49.9919,40.5762],[50.1179,40.5346],[50.1827,40.5051],[50.2475,40.4617],[50.3051,40.4131],[50.3663,40.2794],[50.1431,40.3228],[49.9199,40.3158],[49.7903,40.2881],[49.6679,40.2499],[49.5527,40.1943],[49.4771,40.0867],[49.4159,39.8402],[49.3259,39.6075],[49.3259,39.5016],[49.3691,39.3992],[49.3619,39.3489],[49.3223,39.328],[49.2683,39.2846],[49.1999,39.0729],[49.1639,39.0295],[49.1207,39.0034],[49.1099,39.0295],[49.1099,39.085],[49.0127,39.1336],[48.9623,39.0781],[48.9263,38.9618],[48.8543,38.8385],[48.8507,38.8159],[48.8687,38.4357],[48.8723,38.3923],[48.9011,38.1441],[48.9263,38.0156],[48.9587,37.8906],[49.0163,37.7761],[49.0811,37.6684],[49.1711,37.6007],[49.3727,37.5191],[49.4699,37.4966],[49.7255,37.4809],[49.9811,37.4445],[50.1287,37.4063],[50.1755,37.3803],[50.2151,37.3403],[50.3375,37.1494],[50.5319,37.014],[50.9279,36.8108],[51.1187,36.7431],[51.7631,36.6147],[52.1915,36.6216],[53.3723,36.8681],[53.7683,36.9306],[53.9159,36.9306],[53.8259,36.882],[53.6783,36.8525],[53.7683,36.8178],[53.9051,36.8126],[53.9699,36.8178],[54.0167,36.849],[54.0239,36.9011],[54.0167,36.9532],[53.9519,37.1823],[53.9159,37.3438],[53.8979,37.4132],[53.8475,37.6702],[53.8223,37.9271],[53.8259,38.0469],[53.8547,38.2864],[53.8511,38.4062],[53.8403,38.5156],[53.8511,38.6215],[53.8727,38.7413],[53.8871,38.8645],[53.8691,38.9496],[53.8151,39.0173],[53.7251,39.1024],[53.7107,39.1527],[53.7035,39.21],[53.6171,39.2152],[53.5379,39.2742],[53.4767,39.3055],[53.3363,39.3402],[53.2679,39.3419],[53.2031,39.3176],[53.1563,39.2656],[53.1239,39.3471],[53.1239,39.4322],[53.2355,39.6093],[53.3039,39.5572],[53.3903,39.5364],[53.4983,39.5329],[53.6027,39.5468],[53.5811,39.6075],[53.5343,39.6423],[53.4731,39.6683],[53.4515,39.7482],[53.4587,39.8315],[53.4875,39.9096],[53.4551,39.9409],[53.4047,39.96],[53.2895,39.9582],[53.1383,39.9791],[52.9871,39.9877],[52.9511,39.8957],[53.0339,39.7742],[52.9655,39.8332],[52.8971,39.9131],[52.8035,40.0537],[52.7459,40.2204],[52.7351,40.3992],[52.7855,40.5467],[52.8503,40.6856],[52.8899,40.8627],[52.9439,41.038],[52.9979,40.9599],[53.0591,40.8905],[53.1455,40.8245],[53.1923,40.8089],[53.3327,40.7828],[53.4227,40.7932],[53.5199,40.8314],[53.6135,40.8193],[53.6927,40.7464],[53.7647,40.6665],[53.8691,40.6491],[54.0887,40.7064],[54.1931,40.7203],[54.2831,40.6943],[54.3299,40.6891],[54.3767,40.6925],[54.3371,40.7655],[54.3191,40.8349],[54.3731,40.8714],[54.5459,40.8314],[54.6575,40.8592],[54.6863,40.8731],[54.7115,40.8905],[54.7223,40.9512],[54.7187,41.0137],[54.7043,41.071],[54.6719,41.1213],[54.5927,41.1943],[54.2831,41.3644],[54.1823,41.4321],[54.0959,41.5189],[54.0383,41.6439],[53.9951,41.7723],[53.9555,41.8678],[53.8475,42.0918],[53.8043,42.1178],[53.7539,42.13],[53.6243,42.1369],[53.4947,42.1195],[53.2859,42.0814],[53.1635,42.0935],[53.1095,42.0709],[52.9691,41.9755],[52.9043,41.8956],[52.8143,41.7116],[52.8827,41.6526],[52.8827,41.6144],[52.8287,41.3418],[52.8611,41.2099],[52.8503,41.1995],[52.8251,41.2307],[52.7459,41.3661],[52.6091,41.5293],[52.4939,41.781],[52.4687,41.8852],[52.4579,42.0484],[52.4615,42.1004],[52.5155,42.2376],[52.5731,42.3313],[52.6199,42.4286],[52.6379,42.5553],[52.5983,42.7601],[52.5515,42.8053],[52.4939,42.8209],[52.4327,42.8244],[52.3247,42.8157],[52.2743,42.8001],[52.1843,42.8695],[52.0763,42.8799],[52.0187,42.8608],[51.9611,42.8504],[51.8999,42.8695],[51.8459,42.9112],[51.8099,42.9546],[51.7847,43.0049],[51.7019,43.1039],[51.6155,43.1577],[51.5147,43.1698],[51.3491,43.1681],[51.2951,43.1733],[51.2915,43.2306],[51.3131,43.3556],[51.3131,43.4215],[51.3023,43.4823],[51.2735,43.5326],[51.2375,43.576],[51.1403,43.649],[51.0647,43.7497],[50.9387,43.958],[50.8307,44.1923],[50.7839,44.2288],[50.6867,44.2652],[50.4707,44.2948],[50.3303,44.326],[50.2763,44.3555],[50.2511,44.4059],[50.2547,44.4614],[50.2655,44.5274],[50.2979,44.5812],[50.4095,44.6246],[50.6507,44.6333],[50.8595,44.6281],[51.0503,44.5309],[51.1115,44.5083],[51.1763,44.5013],[51.3095,44.5326],[51.3779,44.5413],[51.5435,44.5309],[51.4931,44.5777],[51.4319,44.602],[51.3671,44.6003],[51.3095,44.6194],[51.2195,44.7097],[51.0575,44.8121],[51.0215,44.8537],[51.0107,44.9215],[51.0395,44.9805],[51.1547,45.0395],[51.2483,45.1211],[51.2951,45.2305],[51.3347,45.2791],[51.4175,45.3572],[51.5399,45.3433],[51.7343,45.3989],[52.0475,45.3884],[52.4255,45.4041],[52.5299,45.3989],[52.7711,45.3433],[52.9115,45.319],[53.0771,45.3068],[53.1995,45.3311],[53.0843,45.4075],[52.8359,45.4961],[52.7747,45.5725],[52.8863,45.779],[53.0411,45.9683],[53.1347,46.1922],[53.1095,46.4144],[53.0627,46.4752],[53.0771,46.5481],[53.1311,46.6088],[53.1707,46.6696],[53.1383,46.7425],[53.0699,46.8554],[53.0339,46.8936],[52.9151,46.9543],[52.6775,46.9578],[52.4831,46.9908],[52.4219,46.963],[52.3859,46.9213],[52.3391,46.8953],[52.1879,46.8397],[52.1375,46.8293],[52.0871,46.8397],[52.0115,46.9022],[51.9467,46.8953],[51.7451,46.9335],[51.6515,47.0185],[51.6155,47.0307],[51.2915,47.0967],[51.1763,47.1106],[50.9207,47.0411],[50.7335,46.9508],[50.6795,46.9387]]],[[[-15.5432,66.2292],[-15.428,66.224],[-15.2408,66.2587],[-15.1616,66.2812],[-14.9707,66.3594],[-14.8555,66.3819],[-14.6791,66.3767],[-14.5963,66.3819],[-14.5927,66.3732],[-14.7007,66.342],[-14.7871,66.3316],[-14.9131,66.2847],[-15.0284,66.1771],[-15.1184,66.125],[-15.1148,66.1024],[-15.0104,66.0608],[-14.8951,66.0382],[-14.7871,66.059],[-14.7403,66.0504],[-14.6971,66.0208],[-14.6755,65.9896],[-14.6683,65.9601],[-14.6899,65.8976],[-14.7511,65.8334],[-14.8375,65.7813],[-14.8267,65.7639],[-14.7583,65.7552],[-14.4271,65.7899],[-14.3911,65.7882],[-14.3731,65.7709],[-14.3695,65.7379],[-14.3515,65.7101],[-14.3191,65.6841],[-14.3299,65.658],[-14.4739,65.5747],[-14.3011,65.6268],[-14.1679,65.6424],[-13.9339,65.6163],[-13.8403,65.5851],[-13.7863,65.533],[-13.7035,65.5504],[-13.6711,65.5486],[-13.6171,65.5191],[-13.6171,65.4879],[-13.6531,65.441],[-13.6675,65.3993],[-13.7071,65.382],[-13.7827,65.3698],[-13.8043,65.3542],[-13.7719,65.323],[-13.7215,65.2917],[-13.6531,65.29],[-13.6423,65.2744],[-13.6387,65.257],[-13.6495,65.2362],[-13.6711,65.2223],[-13.7071,65.2153],[-13.7539,65.1928],[-13.5811,65.1424],[-13.5595,65.1251],[-13.5559,65.0973],[-13.5703,65.0678],[-13.5991,65.0365],[-13.6531,65.0174],[-13.7755,65.014],[-13.8547,64.9931],[-13.8295,64.9584],[-13.8295,64.9133],[-13.8511,64.8629],[-13.9519,64.7831],[-14.0455,64.7414],[-14.1355,64.7154],[-14.2975,64.724],[-14.3839,64.7449],[-14.3767,64.6772],[-14.4667,64.6355],[-14.4487,64.6008],[-14.4163,64.5834],[-14.4343,64.5383],[-14.4739,64.4932],[-14.5459,64.4463],[-14.6287,64.4168],[-14.7907,64.3803],[-14.9275,64.3196],[-15.0212,64.2953],[-15.2552,64.297],[-15.4964,64.2588],[-15.8312,64.1772],[-16.0616,64.1112],[-16.2344,64.0366],[-16.4684,63.9168],[-16.6412,63.8647],[-16.7384,63.8526],[-16.9328,63.8404],[-17.0948,63.8074],[-17.6348,63.7467],[-17.8148,63.7137],[-17.84,63.6824],[-17.9156,63.6356],[-17.9192,63.6199],[-17.8868,63.6061],[-17.8796,63.5904],[-17.948,63.5349],[-18.0812,63.4967],[-18.1424,63.4967],[-18.218,63.5314],[-18.254,63.5297],[-18.2648,63.5245],[-18.2648,63.514],[-18.2216,63.4724],[-18.3044,63.455],[-18.6536,63.4064],[-19.2512,63.4411],[-19.4852,63.4793],[-19.7768,63.5366],[-19.9532,63.5522],[-20.198,63.5557],[-20.3996,63.6373],[-20.4932,63.6876],[-20.5004,63.7085],[-20.4896,63.7328],[-20.4716,63.7484],[-20.4392,63.7571],[-20.3708,63.7571],[-20.3636,63.7658],[-20.414,63.8057],[-20.4644,63.7918],[-20.594,63.7345],[-20.6516,63.738],[-20.7272,63.7658],[-20.7308,63.7935],[-20.8784,63.804],[-21.008,63.8387],[-21.1376,63.8873],[-21.1556,63.9064],[-21.0944,63.9342],[-21.1052,63.9394],[-21.152,63.9446],[-21.2456,63.9359],[-21.386,63.8734],[-21.4472,63.8578],[-22.3724,63.8439],[-22.6064,63.8369],[-22.6532,63.8283],[-22.6928,63.8682],[-22.7288,63.9602],[-22.7432,64.0192],[-22.7324,64.0487],[-22.7,64.0835],[-22.6496,64.0765],[-22.6028,64.0505],[-22.5596,64.0105],[-22.5092,63.9915],[-22.1888,64.0401],[-22.0556,64.0713],[-22.0016,64.1026],[-21.9368,64.1529],[-21.8648,64.1807],[-21.8324,64.205],[-21.7676,64.2848],[-21.7208,64.3213],[-21.6704,64.3491],[-21.6056,64.3664],[-21.4616,64.3786],[-21.5588,64.3977],[-21.6452,64.3977],[-21.9512,64.3143],[-22.052,64.3143],[-22.0484,64.3265],[-22.0052,64.3508],[-21.9008,64.3925],[-21.9728,64.3942],[-22.0016,64.4133],[-22.0052,64.4515],[-21.9512,64.5157],[-21.7028,64.5973],[-21.6164,64.6095],[-21.5912,64.6268],[-21.6236,64.639],[-21.674,64.6477],[-21.926,64.5626],[-22.106,64.5331],[-22.16,64.5383],[-22.2536,64.5713],[-22.2824,64.5869],[-22.3256,64.6251],[-22.3184,64.6477],[-22.232,64.7136],[-22.2464,64.7275],[-22.3076,64.7327],[-22.466,64.7952],[-22.7216,64.7883],[-23.348,64.8247],[-23.4776,64.8091],[-23.69,64.757],[-23.8196,64.7397],[-23.8772,64.7501],[-23.9312,64.7779],[-23.9816,64.8161],[-24.0248,64.8629],[-24.0068,64.8959],[-23.924,64.915],[-23.8628,64.9237],[-23.6936,64.9133],[-23.4848,64.9463],[-23.3516,64.9532],[-23.3156,64.9584],[-23.2364,64.9931],[-23.1968,65.0018],[-23.1392,64.9897],[-23.1104,64.9653],[-22.898,65.0035],[-22.826,65.0209],[-22.8188,65.0331],[-22.7864,65.0469],[-22.6856,65.0261],[-22.5992,65.0261],[-22.4948,65.04],[-22.3076,65.0452],[-21.8936,65.0487],[-21.8288,65.0799],[-21.8,65.106],[-21.764,65.1737],[-21.7784,65.1876],[-22.0412,65.1251],[-22.0988,65.1268],[-22.4012,65.1598],[-22.5092,65.1962],[-22.4732,65.2275],[-22.3148,65.2917],[-22.1492,65.3438],[-21.908,65.3993],[-21.8504,65.4219],[-21.8432,65.448],[-22.0052,65.4931],[-22.3112,65.4809],[-22.3904,65.5348],[-22.6424,65.5677],[-22.8116,65.5469],[-22.9016,65.5799],[-23.1212,65.5348],[-23.6036,65.4688],[-23.798,65.4219],[-23.8988,65.408],[-24.0176,65.4445],[-24.2228,65.4879],[-24.4532,65.5],[-24.4748,65.5243],[-24.3416,65.6007],[-24.248,65.6146],[-24.1544,65.6077],[-23.978,65.5556],[-23.8556,65.5382],[-24.0104,65.6163],[-24.0068,65.6459],[-24.0176,65.691],[-24.0644,65.7101],[-24.1112,65.7604],[-24.0932,65.7761],[-24.032,65.783],[-23.9096,65.7656],[-23.6144,65.6788],[-23.4704,65.6945],[-23.3912,65.7257],[-23.2868,65.75],[-23.3156,65.7622],[-23.5676,65.7639],[-23.7044,65.7813],[-23.7728,65.8056],[-23.834,65.849],[-23.8124,65.8681],[-23.7404,65.8854],[-23.5244,65.8802],[-23.6684,65.9549],[-23.7656,65.9965],[-23.7764,66.0174],[-23.7692,66.0434],[-23.7584,66.0608],[-23.7368,66.0694],[-23.4884,66.026],[-23.4344,66.0243],[-23.4848,66.0521],[-23.5928,66.0938],[-23.6,66.1094],[-23.5532,66.1215],[-23.5316,66.1458],[-23.528,66.1649],[-23.4524,66.1806],[-23.3768,66.1823],[-23.3012,66.1667],[-23.0636,66.0868],[-23.0276,66.0642],[-23.0168,66.0347],[-23.0276,65.9965],[-23.0204,65.9826],[-22.9268,65.9948],[-22.8512,65.9792],[-22.8152,65.9826],[-22.7216,66.0382],[-22.6604,66.026],[-22.6208,66],[-22.61,65.9757],[-22.6028,65.9445],[-22.6208,65.8768],[-22.6172,65.8681],[-22.5524,65.9063],[-22.4408,65.908],[-22.4264,65.9271],[-22.4228,65.9983],[-22.4336,66.0573],[-22.4444,66.0694],[-22.808,66.1528],[-22.8692,66.1719],[-22.9484,66.2135],[-22.9304,66.2326],[-22.862,66.2517],[-22.754,66.2587],[-22.5092,66.2569],[-22.484,66.2656],[-22.5308,66.2882],[-22.646,66.3021],[-22.6712,66.3142],[-22.6856,66.3385],[-22.8224,66.3246],[-22.9736,66.3246],[-23.1176,66.3385],[-23.1212,66.3576],[-23.0636,66.3837],[-22.9448,66.4288],[-22.8908,66.441],[-22.7252,66.4323],[-22.5596,66.4462],[-22.4264,66.4305],[-22.322,66.3854],[-22.1708,66.3073],[-21.9656,66.2569],[-21.9476,66.2413],[-21.8396,66.1996],[-21.6236,66.0903],[-21.4076,66.026],[-21.3968,66.0087],[-21.4328,65.9896],[-21.5156,65.967],[-21.4976,65.9549],[-21.386,65.9392],[-21.3104,65.8958],[-21.3032,65.8768],[-21.3752,65.7413],[-21.4112,65.7136],[-21.458,65.6979],[-21.6596,65.724],[-21.6092,65.6806],[-21.4652,65.6354],[-21.4328,65.6094],[-21.4544,65.5851],[-21.44,65.5782],[-21.386,65.592],[-21.3644,65.5782],[-21.3752,65.5365],[-21.3968,65.5018],[-21.4328,65.474],[-21.422,65.4618],[-21.3644,65.4653],[-21.314,65.4584],[-21.2312,65.4202],[-21.1628,65.3039],[-21.1304,65.2674],[-21.1052,65.3004],[-21.0764,65.3855],[-21.0476,65.4289],[-21.0224,65.4306],[-20.9972,65.4445],[-20.9792,65.4705],[-20.9396,65.566],[-20.8028,65.6372],[-20.738,65.658],[-20.6804,65.6632],[-20.648,65.6545],[-20.5472,65.5799],[-20.486,65.5677],[-20.4536,65.5712],[-20.4104,65.6216],[-20.3564,65.7188],[-20.3456,65.8281],[-20.3744,65.9479],[-20.3564,66.033],[-20.2916,66.0851],[-20.2088,66.1007],[-20.1044,66.0799],[-20.0252,66.0486],[-19.874,65.9306],[-19.7516,65.8681],[-19.6472,65.8004],[-19.5932,65.7795],[-19.4888,65.7674],[-19.4636,65.7726],[-19.442,65.7882],[-19.4348,65.8143],[-19.4564,65.9844],[-19.4276,66.0382],[-19.3844,66.0764],[-19.1936,66.0972],[-19.0928,66.1215],[-18.992,66.1597],[-18.9128,66.1806],[-18.8444,66.184],[-18.776,66.1684],[-18.7076,66.1354],[-18.596,66.0712],[-18.4556,65.9653],[-18.2756,65.8854],[-18.182,65.7587],[-18.164,65.7361],[-18.1424,65.7344],[-18.1172,65.75],[-18.1028,65.7743],[-18.0992,65.8299],[-18.1496,65.9045],[-18.3152,66.0938],[-18.3188,66.1285],[-18.2972,66.158],[-18.1784,66.1597],[-17.9084,66.1441],[-17.8184,66.1146],[-17.6348,66],[-17.5808,65.9722],[-17.552,65.9636],[-17.5376,65.9792],[-17.4656,66],[-17.4188,66.026],[-17.336,66.0885],[-17.1524,66.2031],[-17.1164,66.2066],[-17.0624,66.1979],[-16.9688,66.1667],[-16.9256,66.1441],[-16.8392,66.125],[-16.7492,66.1319],[-16.6232,66.1719],[-16.4864,66.1962],[-16.436,66.2517],[-16.4288,66.2778],[-16.5404,66.4462],[-16.4936,66.4809],[-16.2488,66.5225],[-16.0364,66.526],[-15.986,66.5139],[-15.8492,66.4323],[-15.7592,66.3923],[-15.7124,66.3594],[-15.7016,66.2864],[-15.6476,66.2587],[-15.5432,66.2292]]],[[[-64.8456,18.3294],[-64.9212,18.3207],[-65.0221,18.3675],[-64.9428,18.3849],[-64.8888,18.3745],[-64.8456,18.3294]]],[[[14.3119,36.0279],[14.2543,36.0123],[14.1931,36.0418],[14.1787,36.0609],[14.2615,36.0765],[14.3047,36.0626],[14.3191,36.0366],[14.3119,36.0279]]],[[[13.9375,40.7064],[13.8943,40.6978],[13.8691,40.7082],[13.8547,40.7238],[13.8727,40.762],[13.9627,40.7394],[13.9591,40.7186],[13.9375,40.7064]]],[[[12.0511,36.757],[12.0043,36.7466],[11.9395,36.7796],[11.9359,36.8282],[11.9467,36.8438],[12.0259,36.8213],[12.0475,36.7761],[12.0511,36.757]]],[[[6.3343,53.5112],[6.1939,53.4765],[6.1579,53.4834],[6.1687,53.4938],[6.2911,53.5147],[6.3343,53.5112]]],[[[5.9311,53.4591],[5.7331,53.4435],[5.6647,53.4556],[5.6539,53.4661],[5.7079,53.473],[5.8771,53.4747],[5.9275,53.4643],[5.9311,53.4591]]],[[[5.1103,53.3081],[4.923,53.2352],[4.9086,53.2456],[5.0275,53.3098],[5.1103,53.3081]]],[[[5.3263,53.3862],[5.2327,53.3775],[5.1895,53.3914],[5.4163,53.4313],[5.5567,53.4435],[5.5819,53.4383],[5.3263,53.3862]]],[[[-67.5745,-55.89],[-67.6105,-55.8917],[-67.7005,-55.8726],[-67.8301,-55.8657],[-67.8481,-55.857],[-67.8481,-55.8431],[-67.8337,-55.8275],[-67.7617,-55.8154],[-67.5457,-55.8258],[-67.5169,-55.8327],[-67.5097,-55.8449],[-67.5457,-55.8779],[-67.5745,-55.89]]],[[[-69.9001,12.4512],[-69.8965,12.4235],[-69.9433,12.4391],[-70.0045,12.4999],[-70.0657,12.5467],[-70.0513,12.5971],[-70.0369,12.6144],[-69.9721,12.5676],[-69.9109,12.4808],[-69.9001,12.4512]]],[[[-65.2129,10.9062],[-65.2669,10.8836],[-65.3641,10.9062],[-65.4145,10.9374],[-65.3821,10.9739],[-65.3029,10.9739],[-65.2273,10.9305],[-65.2129,10.9062]]],[[[-72.8053,18.7772],[-72.8233,18.7078],[-73.0789,18.7911],[-73.2841,18.897],[-73.2769,18.9543],[-73.1689,18.9665],[-73.0681,18.9317],[-72.9205,18.8623],[-72.8053,18.7772]]],[[[-25.0257,36.9601],[-25.0329,36.941],[-25.0869,36.9497],[-25.1589,36.9428],[-25.1985,36.9966],[-25.1625,37.0192],[-25.0833,37.0244],[-25.0437,37.0001],[-25.0257,36.9601]]],[[[16.652,42.9962],[16.8356,42.9684],[16.9724,42.9823],[17.0948,42.965],[17.1704,42.932],[17.1884,42.9164],[17.0876,42.9146],[16.976,42.9285],[16.85,42.8955],[16.7384,42.9129],[16.6952,42.9337],[16.6664,42.9598],[16.652,42.9962]]],[[[17.1956,43.1264],[17.1236,43.116],[16.6808,43.123],[16.5512,43.1438],[16.4072,43.1976],[16.3748,43.2132],[16.5224,43.2288],[16.6556,43.2132],[16.6988,43.175],[17.0624,43.1438],[17.1956,43.1264]]],[[[16.7852,43.2705],[16.6268,43.2688],[16.49,43.2861],[16.4216,43.3174],[16.4288,43.3434],[16.4504,43.3868],[16.6016,43.3816],[16.8356,43.3504],[16.8896,43.3139],[16.8752,43.2983],[16.7852,43.2705]]],[[[-2.511,49.4941],[-2.547,49.4281],[-2.6406,49.4507],[-2.6478,49.468],[-2.5434,49.5062],[-2.5218,49.5062],[-2.511,49.4941]]],[[[-2.0178,49.2319],[-2.0106,49.1816],[-2.0538,49.1695],[-2.0898,49.1868],[-2.1654,49.1868],[-2.2374,49.1764],[-2.2194,49.2667],[-2.0826,49.2545],[-2.0178,49.2319]]],[[[145.7097,18.7634],[145.6773,18.7252],[145.6521,18.7529],[145.6449,18.8068],[145.6917,18.8015],[145.7061,18.7911],[145.7097,18.7634]]],[[[145.7133,16.3399],[145.6917,16.3329],[145.6593,16.3364],[145.6377,16.352],[145.6305,16.3781],[145.6953,16.3798],[145.7205,16.359],[145.7133,16.3399]]],[[[145.2633,14.1577],[145.2165,14.1109],[145.1805,14.1213],[145.1589,14.1369],[145.1517,14.1629],[145.2309,14.189],[145.2669,14.1803],[145.2633,14.1577]]],[[[-59.7876,43.9389],[-59.9208,43.9042],[-60.036,43.9059],[-60.1152,43.9389],[-60.1188,43.9528],[-59.9352,43.9389],[-59.8668,43.9476],[-59.7264,44.0031],[-59.7876,43.9389]]],[[[-63.0132,18.0446],[-63.024,18.0186],[-63.0888,18.0412],[-63.1248,18.0637],[-63.114,18.0915],[-63.0636,18.1158],[-63.024,18.1124],[-63.0096,18.1037],[-63.0132,18.0446]]],[[[-65.4253,18.1054],[-65.5045,18.1002],[-65.5549,18.1071],[-65.5729,18.1367],[-65.4757,18.1644],[-65.3677,18.161],[-65.3029,18.1436],[-65.2957,18.1332],[-65.4253,18.1054]]],[[[-62.5308,17.1211],[-62.5812,17.1003],[-62.6244,17.1298],[-62.6136,17.1992],[-62.574,17.2009],[-62.5344,17.1697],[-62.5308,17.1211]]],[[[-64.3956,18.4648],[-64.4208,18.4578],[-64.4388,18.4596],[-64.4424,18.4734],[-64.4244,18.5134],[-64.3236,18.5168],[-64.3956,18.4648]]],[[[-64.6584,18.3537],[-64.7268,18.3276],[-64.77,18.3311],[-64.788,18.3415],[-64.752,18.3728],[-64.6584,18.3537]]],[[[-64.5936,18.4023],[-64.6728,18.3988],[-64.6944,18.4109],[-64.6512,18.4422],[-64.5684,18.4457],[-64.5468,18.4387],[-64.5936,18.4023]]],[[[-64.7664,17.7947],[-64.68,17.7495],[-64.5792,17.7495],[-64.6872,17.7061],[-64.8888,17.7009],[-64.8852,17.7721],[-64.7664,17.7947]]],[[[-77.3486,25.0147],[-77.4602,24.9939],[-77.543,25.013],[-77.561,25.0303],[-77.5286,25.0581],[-77.453,25.0807],[-77.3306,25.0824],[-77.2766,25.0564],[-77.2694,25.0442],[-77.3486,25.0147]]],[[[-81.0458,24.7161],[-81.089,24.6935],[-81.1358,24.7109],[-81.0854,24.7335],[-80.9306,24.7595],[-80.9882,24.7283],[-81.0458,24.7161]]],[[[114.2309,22.2111],[114.2057,22.1954],[114.1373,22.2683],[114.1337,22.2926],[114.1877,22.2961],[114.2453,22.2631],[114.2453,22.2336],[114.2309,22.2111]]],[[[-76.5458,34.6547],[-76.5674,34.653],[-76.607,34.6634],[-76.661,34.6842],[-76.6754,34.6999],[-76.6214,34.6947],[-76.5458,34.6547]]],[[[52.6811,45.411],[52.6631,45.4006],[52.5983,45.4284],[52.5551,45.4735],[52.6091,45.5273],[52.6595,45.5186],[52.6919,45.4613],[52.6811,45.411]]],[[[47.9831,45.4874],[47.9687,45.47],[47.9219,45.562],[47.9183,45.6176],[47.9471,45.6471],[47.9867,45.5534],[47.9831,45.4874]]],[[[-58.4376,-52.0118],[-58.434,-52.0986],[-58.5132,-52.0708],[-58.542,-52.0291],[-58.4988,-51.9996],[-58.4592,-52.0014],[-58.4376,-52.0118]]],[[[42.5902,15.3035],[42.5578,15.2809],[42.5506,15.3209],[42.5686,15.4077],[42.601,15.432],[42.6262,15.3677],[42.6118,15.333],[42.5902,15.3035]]],[[[40.0774,16.083],[40.1098,15.9857],[40.0126,16.0222],[39.9946,16.043],[40.0378,16.0812],[40.0486,16.1038],[40.0774,16.083]]],[[[36.9022,25.3827],[36.877,25.3827],[36.805,25.4504],[36.7654,25.5008],[36.7222,25.5338],[36.5314,25.6015],[36.5026,25.6449],[36.535,25.6883],[36.553,25.6449],[36.589,25.6206],[36.7474,25.5581],[36.9238,25.4261],[36.9562,25.414],[36.9022,25.3827]]],[[[36.5962,25.7126],[36.5854,25.6987],[36.5422,25.7351],[36.5458,25.8115],[36.5818,25.8549],[36.5782,25.7959],[36.5962,25.7351],[36.5962,25.7126]]],[[[101.3176,2.9883],[101.2672,2.9709],[101.2672,2.997],[101.2744,3.0334],[101.3104,3.0681],[101.3284,3.0473],[101.3176,2.9883]]],[[[134.7151,-6.5493],[134.6611,-6.5597],[134.6323,-6.4764],[134.6791,-6.4556],[134.7295,-6.5059],[134.7151,-6.5493]]],[[[123.5982,-1.7041],[123.5298,-1.7111],[123.483,-1.6816],[123.4866,-1.534],[123.5298,-1.5028],[123.5478,-1.508],[123.5622,-1.5514],[123.5802,-1.5913],[123.6162,-1.6277],[123.5982,-1.7041]]],[[[126.7519,34.344],[126.7699,34.2971],[126.6907,34.3058],[126.6475,34.3509],[126.6511,34.3909],[126.7015,34.3961],[126.7519,34.344]]],[[[152.8845,76.1209],[152.7873,76.0862],[152.5569,76.1435],[152.6433,76.1747],[152.7981,76.1956],[152.8341,76.1851],[152.8629,76.1626],[152.8845,76.1209]]],[[[67.3441,69.5293],[67.2649,69.4425],[67.0993,69.4477],[67.0489,69.4668],[67.0273,69.4824],[67.2145,69.5762],[67.3297,69.5727],[67.3441,69.5293]]],[[[66.5593,70.5414],[66.5701,70.5015],[66.5161,70.5154],[66.4477,70.5605],[66.4081,70.616],[66.3937,70.7271],[66.4189,70.7567],[66.4405,70.7723],[66.4621,70.7688],[66.4585,70.6994],[66.5593,70.5414]]],[[[55.4784,80.2734],[55.194,80.2266],[55.05,80.2283],[54.9779,80.2561],[55.0932,80.296],[55.2408,80.3255],[55.3524,80.3168],[55.4352,80.3029],[55.4784,80.2734]]],[[[18.416,59.03],[18.3728,59.0195],[18.3512,59.023],[18.3764,59.0699],[18.398,59.089],[18.4664,59.1081],[18.4844,59.1046],[18.416,59.03]]],[[[18.596,59.4709],[18.5708,59.4379],[18.5456,59.4778],[18.5564,59.4865],[18.5708,59.5264],[18.6212,59.5473],[18.6968,59.5351],[18.6968,59.5247],[18.6248,59.4917],[18.596,59.4709]]],[[[105.7241,-10.4935],[105.6953,-10.5647],[105.6449,-10.5248],[105.5837,-10.5126],[105.5945,-10.4605],[105.6449,-10.4518],[105.6701,-10.4501],[105.7061,-10.431],[105.7241,-10.4935]]],[[[-45.7187,-60.5217],[-45.4991,-60.546],[-45.3875,-60.5824],[-45.3587,-60.6241],[-45.2291,-60.6397],[-45.2111,-60.6484],[-45.1859,-60.6727],[-45.1715,-60.6987],[-45.1751,-60.7335],[-45.3983,-60.6501],[-45.7079,-60.6449],[-45.7799,-60.5859],[-45.9383,-60.6206],[-45.9563,-60.598],[-45.9563,-60.5685],[-45.9347,-60.5269],[-45.8339,-60.5442],[-45.7187,-60.5217]]],[[[-54.0707,-61.2994],[-54.1139,-61.3081],[-54.1823,-61.2699],[-54.1931,-61.2473],[-54.1211,-61.2022],[-54.0491,-61.1414],[-54.0239,-61.1345],[-54.0419,-61.256],[-54.0707,-61.2994]]],[[[-55.1652,-61.2213],[-55.2984,-61.249],[-55.3452,-61.2109],[-55.3704,-61.1466],[-55.4388,-61.1067],[-55.3884,-61.072],[-54.6719,-61.1171],[-54.7115,-61.1397],[-55.0572,-61.1692],[-55.1652,-61.2213]]],[[[-55.5288,-63.1743],[-55.4676,-63.2003],[-55.2156,-63.1986],[-55.158,-63.2055],[-55.1076,-63.2489],[-55.0752,-63.3236],[-55.158,-63.3531],[-55.5936,-63.3357],[-55.752,-63.2975],[-55.8312,-63.2993],[-56.0076,-63.3409],[-56.0832,-63.3826],[-56.3784,-63.4381],[-56.4612,-63.4173],[-56.5008,-63.3583],[-56.5044,-63.334],[-56.4756,-63.3184],[-56.4612,-63.3027],[-56.4648,-63.2836],[-56.3856,-63.2333],[-56.0436,-63.1569],[-55.59,-63.1291],[-55.5288,-63.1569],[-55.5288,-63.1743]]],[[[-55.8708,-63.5354],[-55.9572,-63.5805],[-56.1768,-63.5128],[-56.2344,-63.4694],[-56.2092,-63.4364],[-55.8564,-63.4069],[-55.7628,-63.4225],[-55.7196,-63.492],[-55.8708,-63.5354]]],[[[-57.2388,-64.5665],[-57.3252,-64.57],[-57.4332,-64.5405],[-57.4476,-64.4884],[-57.4476,-64.4607],[-57.3648,-64.4381],[-57.3144,-64.4346],[-57.0228,-64.353],[-56.8932,-64.3322],[-56.9508,-64.3825],[-56.9436,-64.4277],[-56.9904,-64.4676],[-57.2388,-64.5665]]],[[[-58.8372,-62.3028],[-59.0604,-62.3479],[-59.1756,-62.3011],[-59.2008,-62.2837],[-59.064,-62.2386],[-58.992,-62.249],[-58.9632,-62.2646],[-58.8804,-62.2681],[-58.8372,-62.3028]]],[[[-57.9768,-61.9122],[-57.8508,-61.94],[-57.7392,-61.9209],[-57.678,-61.9417],[-57.6348,-61.999],[-57.6384,-62.0198],[-57.8076,-62.0112],[-57.9624,-62.0771],[-58.146,-62.0632],[-58.1712,-62.117],[-58.1316,-62.1466],[-58.182,-62.1709],[-58.3404,-62.1188],[-58.4664,-62.1379],[-58.506,-62.2264],[-58.5636,-62.2438],[-58.5924,-62.2472],[-58.6428,-62.2247],[-58.7472,-62.2177],[-58.7544,-62.2056],[-58.8192,-62.1709],[-59.0028,-62.2091],[-58.956,-62.1639],[-58.7112,-62.0441],[-58.6824,-62.0077],[-58.398,-61.9382],[-58.2648,-61.9539],[-57.9768,-61.9122]]],[[[-61.9512,-64.077],[-62.0448,-64.0805],[-62.0196,-64.0267],[-61.9368,-63.9902],[-61.8,-63.9659],[-61.8864,-64.0267],[-61.9116,-64.0544],[-61.9512,-64.077]]],[[[-63.3156,-64.8617],[-63.474,-64.9068],[-63.5568,-64.9068],[-63.4596,-64.7957],[-63.366,-64.7922],[-63.2184,-64.7297],[-63.1788,-64.7384],[-63.258,-64.7905],[-63.3156,-64.8617]]],[[[-62.3256,-64.4242],[-62.3976,-64.4641],[-62.4552,-64.4711],[-62.5092,-64.4537],[-62.5812,-64.5145],[-62.7252,-64.4954],[-62.7828,-64.4797],[-62.7468,-64.4711],[-62.7216,-64.445],[-62.6424,-64.3912],[-62.5056,-64.2541],[-62.4804,-64.2107],[-62.592,-64.1395],[-62.61,-64.1169],[-62.5848,-64.0753],[-62.5452,-64.0457],[-62.4516,-64.0128],[-62.3292,-64.0128],[-62.268,-64.0405],[-62.268,-64.0909],[-62.0592,-64.1378],[-62.0952,-64.235],[-62.1744,-64.2957],[-62.1852,-64.3686],[-62.304,-64.4016],[-62.3256,-64.4242]]],[[[-62.6136,-63.0701],[-62.6568,-63.0736],[-62.6388,-63.0319],[-62.5272,-62.9243],[-62.3184,-62.8739],[-62.3436,-62.9173],[-62.412,-62.9712],[-62.6136,-63.0701]]],[[[-59.388,-62.4452],[-59.5248,-62.4521],[-59.6184,-62.3948],[-59.6616,-62.3549],[-59.478,-62.3514],[-59.3952,-62.367],[-59.352,-62.4122],[-59.388,-62.4452]]],[[[-56.0616,-63.0788],[-56.2596,-63.1725],[-56.3532,-63.1691],[-56.5476,-63.0979],[-56.6016,-63.0614],[-56.6124,-63.0458],[-56.49,-62.9816],[-56.1408,-63.0059],[-56.0616,-63.0128],[-56.058,-63.018],[-56.0508,-63.0545],[-56.0616,-63.0788]]],[[[-60.6264,-62.5597],[-60.576,-62.5719],[-60.1404,-62.5493],[-60.0036,-62.6188],[-59.8488,-62.6153],[-60.2196,-62.7455],[-60.3204,-62.7073],[-60.3528,-62.6795],[-60.378,-62.617],[-60.6192,-62.6326],[-60.6984,-62.6205],[-60.7956,-62.6622],[-60.9936,-62.6795],[-61.062,-62.6795],[-61.1484,-62.6344],[-61.152,-62.5892],[-60.9756,-62.591],[-60.8388,-62.5337],[-60.7992,-62.4747],[-60.7308,-62.4903],[-60.6264,-62.5597]]],[[[-57.3756,-63.8079],[-57.3612,-63.8253],[-57.1596,-63.8149],[-57.1056,-63.8409],[-57.2172,-63.8756],[-57.246,-63.8687],[-57.3432,-63.8791],[-57.6168,-63.8531],[-57.6816,-63.8131],[-57.4404,-63.7906],[-57.3756,-63.8079]]],[[[-60.504,-62.9677],[-60.5544,-62.9781],[-60.6192,-62.9694],[-60.6192,-62.9868],[-60.5652,-63.0094],[-60.6228,-63.018],[-60.6912,-62.9955],[-60.7416,-62.9486],[-60.7056,-62.9052],[-60.6372,-62.8948],[-60.504,-62.9677]]],[[[-60.6516,-63.8669],[-60.7776,-63.9017],[-60.8532,-63.8912],[-60.972,-63.8496],[-60.81,-63.8374],[-60.7956,-63.7159],[-60.7164,-63.669],[-60.5616,-63.6951],[-60.6552,-63.7593],[-60.6876,-63.8079],[-60.6552,-63.8496],[-60.6516,-63.8669]]],[[[-78.8966,8.2744],[-78.9182,8.2328],[-78.965,8.3265],[-78.9578,8.3508],[-78.9614,8.4359],[-78.9146,8.4584],[-78.8822,8.4602],[-78.857,8.448],[-78.839,8.3473],[-78.8534,8.3022],[-78.8966,8.2744]]],[[[154.8105,49.3118],[154.7133,49.2684],[154.6125,49.2944],[154.6125,49.3812],[154.8249,49.6469],[154.9005,49.6312],[154.8825,49.567],[154.8033,49.468],[154.8285,49.3483],[154.8105,49.3118]]],[[[59.3124,81.3046],[59.0964,81.2925],[58.7184,81.3133],[58.6104,81.3376],[58.6356,81.3602],[58.8804,81.3914],[59.0748,81.3984],[59.28,81.3654],[59.3736,81.3254],[59.3124,81.3046]]],[[[54.4163,80.4731],[54.2759,80.421],[53.8115,80.4765],[53.8511,80.5043],[53.9015,80.5147],[53.9015,80.5425],[53.8583,80.5633],[53.8763,80.605],[54.1751,80.5738],[54.2039,80.5616],[54.4055,80.5408],[54.4379,80.4991],[54.4163,80.4731]]],[[[61.1412,80.9505],[60.828,80.9296],[60.3204,80.9557],[60.0576,80.9852],[60.0792,80.9991],[60.1476,81.0164],[60.5868,81.0876],[61.458,81.1032],[61.566,81.0512],[61.4724,81.0112],[61.1412,80.9505]]],[[[53.5199,80.1849],[52.8575,80.1727],[52.6343,80.1797],[52.6055,80.1918],[52.5515,80.2023],[52.3427,80.2127],[52.2131,80.263],[52.2707,80.2769],[52.5767,80.2977],[52.6811,80.3186],[52.7171,80.3481],[52.8539,80.4019],[53.1851,80.4123],[53.3291,80.4019],[53.3471,80.3672],[53.4875,80.3238],[53.8511,80.2682],[53.7791,80.2283],[53.6531,80.2231],[53.5199,80.1849]]],[[[57.0804,80.3515],[57.1236,80.3168],[57.12,80.1936],[57.0732,80.1398],[57.0804,80.0946],[56.9868,80.0721],[56.202,80.0773],[55.8132,80.0877],[55.7232,80.105],[55.9428,80.1641],[56.0112,80.204],[55.9896,80.3203],[56.0256,80.3411],[56.6556,80.3307],[56.706,80.3637],[56.9436,80.3654],[57.0804,80.3515]]],[[[59.6904,79.9557],[59.3304,79.9228],[59.2044,79.9332],[59.1684,79.9488],[59.1,79.9644],[58.92,79.9853],[58.9452,80.0425],[59.0028,80.0547],[59.5428,80.1189],[59.802,80.0825],[59.91,79.9939],[59.6904,79.9557]]],[[[-66.4729,-55.2286],[-66.5521,-55.272],[-66.6097,-55.2703],[-66.6313,-55.2546],[-66.6349,-55.2338],[-66.6241,-55.213],[-66.5989,-55.1939],[-66.5413,-55.1696],[-66.5233,-55.1661],[-66.4369,-55.1904],[-66.4729,-55.2286]]],[[[-75.041,-44.8907],[-75.0662,-44.9063],[-75.0986,-44.9011],[-75.1238,-44.8699],[-75.1418,-44.816],[-75.1058,-44.7952],[-75.0806,-44.7952],[-75.0482,-44.8247],[-75.0338,-44.8699],[-75.041,-44.8907]]],[[[-75.509,-48.7637],[-75.6242,-48.7654],[-75.6494,-48.5866],[-75.5198,-48.328],[-75.509,-48.2308],[-75.5522,-48.1561],[-75.5702,-48.0953],[-75.5594,-48.071],[-75.3902,-48.019],[-75.3398,-48.0745],[-75.275,-48.2186],[-75.1562,-48.4252],[-75.1598,-48.6231],[-75.2246,-48.6717],[-75.4334,-48.722],[-75.509,-48.7637]]],[[[-75.3038,-50.6803],[-75.329,-50.7723],[-75.4118,-50.7636],[-75.437,-50.741],[-75.4514,-50.682],[-75.4766,-50.6542],[-75.4442,-50.5952],[-75.419,-50.531],[-75.4262,-50.4806],[-75.3038,-50.4841],[-75.1562,-50.4962],[-75.1166,-50.5101],[-75.1598,-50.5535],[-75.203,-50.5813],[-75.293,-50.5969],[-75.3038,-50.6803]]],[[[-74.3857,-52.9232],[-74.3677,-52.9319],[-74.3317,-52.9301],[-74.2741,-52.9457],[-74.0653,-52.9648],[-73.8781,-53.0117],[-73.7809,-53.0568],[-73.6549,-53.069],[-73.5505,-53.1263],[-73.5037,-53.1402],[-73.4497,-53.1436],[-73.3093,-53.2478],[-73.3021,-53.26],[-73.1437,-53.3416],[-73.1365,-53.3537],[-73.2265,-53.3589],[-73.4101,-53.3207],[-73.5001,-53.319],[-73.5685,-53.3068],[-73.5829,-53.2999],[-73.5973,-53.253],[-73.6153,-53.2304],[-73.7917,-53.1211],[-73.8673,-53.0968],[-73.9933,-53.0759],[-74.1373,-53.0898],[-74.2381,-53.0759],[-74.2705,-53.0812],[-74.4145,-52.9944],[-74.5585,-52.9214],[-74.6197,-52.8346],[-74.7097,-52.7687],[-74.7133,-52.7496],[-74.6701,-52.7339],[-74.5729,-52.7721],[-74.4757,-52.8364],[-74.4217,-52.8607],[-74.3857,-52.9232]]],[[[-69.7021,-54.9196],[-68.8993,-55.0185],[-68.6545,-54.9578],[-68.4565,-54.9595],[-68.3989,-55.0428],[-68.5969,-55.1279],[-68.6149,-55.1557],[-68.5861,-55.1782],[-68.3809,-55.1921],[-68.3305,-55.2199],[-68.2837,-55.2546],[-68.3233,-55.3084],[-68.3269,-55.3327],[-68.3053,-55.3571],[-68.1541,-55.4369],[-68.0893,-55.4786],[-68.0569,-55.5185],[-68.0461,-55.5879],[-68.0497,-55.6435],[-68.0821,-55.6504],[-68.1577,-55.6331],[-68.2297,-55.6018],[-68.2945,-55.522],[-68.3377,-55.5046],[-68.4673,-55.489],[-68.5933,-55.4508],[-68.6941,-55.4525],[-68.7841,-55.4352],[-68.8669,-55.4508],[-68.8957,-55.423],[-68.9317,-55.3709],[-68.9317,-55.3466],[-68.8885,-55.2633],[-68.8885,-55.2407],[-68.9137,-55.239],[-69.0073,-55.2564],[-69.0469,-55.2442],[-69.1513,-55.1835],[-69.1909,-55.1713],[-69.2953,-55.1661],[-69.3565,-55.2737],[-69.3601,-55.3015],[-69.2989,-55.3692],[-69.1801,-55.4751],[-69.2413,-55.4768],[-69.4105,-55.4439],[-69.4573,-55.4248],[-69.5077,-55.3709],[-69.6085,-55.3397],[-69.6445,-55.3206],[-69.6553,-55.298],[-69.6589,-55.2286],[-69.6805,-55.2182],[-69.8245,-55.2373],[-69.8533,-55.2199],[-69.8641,-55.1904],[-69.8857,-55.1748],[-69.9793,-55.147],[-69.9865,-55.1314],[-69.9469,-55.1105],[-69.9217,-55.0619],[-69.8857,-54.8814],[-69.7021,-54.9196]]],[[[-75.1058,-48.8366],[-75.1166,-48.9165],[-75.2642,-49.0692],[-75.3902,-49.1595],[-75.5054,-49.2307],[-75.581,-49.2307],[-75.6422,-49.196],[-75.5738,-49.1387],[-75.4874,-49.0831],[-75.5162,-49.0102],[-75.5414,-48.9877],[-75.5774,-48.9807],[-75.6386,-48.9425],[-75.6206,-48.8852],[-75.5846,-48.8592],[-75.5342,-48.8384],[-75.491,-48.8505],[-75.2966,-48.8106],[-75.2354,-48.7793],[-75.1202,-48.7724],[-75.1058,-48.8366]]],[[[-60.1116,-51.3955],[-60.2484,-51.3955],[-60.2772,-51.3625],[-60.2736,-51.2809],[-60.1728,-51.274],[-60.0684,-51.3087],[-60.0756,-51.3434],[-60.1116,-51.3955]]],[[[-26.2641,-58.435],[-26.2605,-58.4923],[-26.4153,-58.4402],[-26.4513,-58.4159],[-26.4009,-58.3829],[-26.3037,-58.3829],[-26.2785,-58.402],[-26.2641,-58.435]]],[[[53.7647,12.637],[53.8259,12.6248],[53.9195,12.6596],[54.1859,12.6648],[54.5099,12.5519],[54.4487,12.5242],[54.4127,12.4825],[54.2723,12.446],[54.1283,12.361],[53.7179,12.3193],[53.5991,12.3419],[53.4983,12.4252],[53.3147,12.5328],[53.3867,12.6023],[53.4047,12.6335],[53.4299,12.663],[53.5343,12.7151],[53.6387,12.7082],[53.7647,12.637]]],[[[53.3327,24.2578],[53.2571,24.2526],[53.1923,24.2908],[53.3327,24.3411],[53.3723,24.3637],[53.4119,24.4106],[53.4443,24.3706],[53.4083,24.3081],[53.3831,24.2804],[53.3327,24.2578]]],[[[58.722,20.2181],[58.6608,20.2042],[58.6392,20.2112],[58.6428,20.3379],[58.7868,20.4959],[58.884,20.6799],[58.9524,20.5167],[58.8336,20.4247],[58.7724,20.2667],[58.722,20.2181]]],[[[52.6163,24.2891],[52.5983,24.2821],[52.5839,24.3359],[52.5839,24.3515],[52.6307,24.3776],[52.6559,24.3325],[52.6163,24.2891]]],[[[56.1876,26.9208],[56.094,26.801],[55.9536,26.7004],[55.8924,26.7316],[55.8492,26.7316],[55.7484,26.6917],[55.6764,26.6865],[55.5432,26.617],[55.4244,26.5823],[55.3416,26.5858],[55.3128,26.5927],[55.2948,26.6396],[55.2948,26.657],[55.3488,26.6483],[55.5324,26.7108],[55.7628,26.8115],[55.7844,26.8566],[55.7484,26.9312],[55.7592,26.9469],[55.9068,26.9104],[56.0724,26.9833],[56.2128,27.0024],[56.2812,26.9521],[56.1876,26.9208]]],[[[53.9267,24.1779],[53.9267,24.1432],[53.8259,24.1536],[53.8007,24.1363],[53.7143,24.145],[53.6351,24.1693],[53.6891,24.2109],[53.8331,24.2595],[53.8943,24.2144],[53.9267,24.1779]]],[[[41.989,16.7149],[42.0646,16.7097],[42.0322,16.7426],[42.025,16.7583],[42.061,16.8034],[42.169,16.7079],[42.1654,16.5968],[42.1582,16.5708],[42.1294,16.5951],[42.1078,16.6177],[42.1006,16.6437],[42.0718,16.6715],[41.9638,16.6541],[41.899,16.6836],[41.8018,16.7791],[41.7766,16.8468],[41.8162,16.8607],[41.8594,16.8937],[41.8846,16.9475],[41.8594,17.003],[41.917,16.9944],[41.9494,16.9371],[41.953,16.8069],[41.9638,16.7791],[41.9458,16.7496],[41.989,16.7149]]],[[[40.1422,15.6958],[40.1818,15.6438],[40.2106,15.649],[40.2358,15.6663],[40.2502,15.7028],[40.4086,15.6299],[40.3978,15.5795],[40.3042,15.5778],[40.1962,15.5986],[40.0954,15.5917],[39.9766,15.6125],[39.9478,15.6958],[40.0234,15.6559],[40.063,15.6663],[40.0702,15.6767],[40.0162,15.734],[39.9406,15.7444],[39.9442,15.7896],[39.9802,15.8069],[40.0018,15.8278],[39.955,15.8903],[40.0414,15.8746],[40.0954,15.8382],[40.1314,15.7948],[40.1422,15.6958]]],[[[42.7558,13.7046],[42.691,13.6734],[42.7342,13.7532],[42.781,13.7689],[42.7954,13.7654],[42.7558,13.7046]]],[[[50.6075,25.8827],[50.5751,25.8063],[50.5427,25.8341],[50.4671,25.966],[50.4887,26.058],[50.4527,26.19],[50.4707,26.2282],[50.5643,26.2473],[50.5859,26.2403],[50.5571,26.1987],[50.6111,26.124],[50.6183,26.0025],[50.6075,25.8827]]],[[[42.7882,13.972],[42.7738,13.9494],[42.7558,13.9546],[42.6946,14.0084],[42.763,14.0675],[42.799,14.0119],[42.7882,13.972]]],[[[48.2747,29.6238],[48.2171,29.6012],[48.1811,29.6116],[48.1415,29.6655],[48.0803,29.7991],[48.1163,29.8495],[48.1127,29.8703],[48.1199,29.8859],[48.1379,29.8963],[48.1595,29.9588],[48.1847,29.9797],[48.2279,29.9363],[48.3467,29.7835],[48.3467,29.7193],[48.3395,29.695],[48.2747,29.6238]]],[[[153.6585,-4.0998],[153.6513,-4.1224],[153.5901,-4.0963],[153.6405,-4.0443],[153.6621,-4.0408],[153.6585,-4.0998]]],[[[121.161,6.0749],[121.215,6.0037],[121.2834,6.0228],[121.3914,6.002],[121.413,5.9638],[121.4094,5.9395],[121.2942,5.8701],[121.2186,5.943],[121.0818,5.8926],[121.017,5.9221],[120.9306,5.8961],[120.8766,5.9534],[120.8982,6.0072],[121.0386,6.0957],[121.161,6.0749]]],[[[114.4109,-7.1343],[114.3965,-7.1725],[114.3461,-7.1639],[114.2993,-7.0979],[114.3209,-7.0805],[114.3497,-7.0736],[114.3821,-7.0805],[114.4109,-7.1343]]],[[[134.3515,34.4829],[134.3335,34.4638],[134.3155,34.469],[134.2507,34.4238],[134.2363,34.4672],[134.1895,34.4968],[134.1823,34.5193],[134.3263,34.5349],[134.3731,34.5228],[134.3515,34.4829]]],[[[-75.113,-47.8384],[-75.185,-47.8506],[-75.1958,-47.8176],[-75.2606,-47.7638],[-75.203,-47.7273],[-75.0914,-47.6909],[-75.005,-47.6943],[-74.9257,-47.7238],[-74.9149,-47.7568],[-75.0518,-47.8002],[-75.0842,-47.8245],[-75.113,-47.8384]]],[[[-74.6701,-43.6078],[-74.8105,-43.6251],[-74.8429,-43.5956],[-74.8429,-43.5696],[-74.8177,-43.5488],[-74.7457,-43.5366],[-74.6989,-43.5522],[-74.6737,-43.5783],[-74.6665,-43.5991],[-74.6701,-43.6078]]],[[[-73.6333,-44.8212],[-73.6657,-44.8334],[-73.6945,-44.8317],[-73.7233,-44.7969],[-73.7341,-44.7518],[-73.7989,-44.6841],[-73.8169,-44.6529],[-73.8169,-44.6147],[-73.7809,-44.5591],[-73.7233,-44.5435],[-73.6873,-44.547],[-73.6405,-44.6112],[-73.6297,-44.6806],[-73.6153,-44.7535],[-73.6333,-44.8212]]],[[[-74.5657,-48.5918],[-74.5873,-48.6161],[-74.7097,-48.6005],[-74.9221,-48.6266],[-75.0122,-48.5363],[-75.0518,-48.3922],[-75.0806,-48.361],[-75.131,-48.2794],[-75.1598,-48.2255],[-75.2138,-48.1422],[-75.2354,-48.0537],[-75.2462,-48.0259],[-75.1994,-47.9738],[-74.9761,-47.9235],[-74.8969,-47.8402],[-74.8285,-47.8506],[-74.8465,-48.0207],[-74.8069,-48.078],[-74.7277,-48.1266],[-74.7169,-48.1457],[-74.7025,-48.2065],[-74.6629,-48.2985],[-74.6161,-48.3436],[-74.6017,-48.3696],[-74.6017,-48.3922],[-74.6197,-48.4252],[-74.5657,-48.5918]]],[[[-64.5504,-54.7165],[-64.4388,-54.739],[-64.2192,-54.7217],[-64.104,-54.7217],[-64.0536,-54.7304],[-64.032,-54.7425],[-63.8808,-54.7234],[-63.816,-54.7251],[-63.834,-54.7685],[-63.9708,-54.8102],[-64.0284,-54.7928],[-64.3236,-54.7963],[-64.4532,-54.8397],[-64.5072,-54.8397],[-64.6368,-54.9022],[-64.7304,-54.8623],[-64.7556,-54.8258],[-64.6908,-54.7755],[-64.626,-54.7738],[-64.5828,-54.7529],[-64.5504,-54.7165]]],[[[-61.8756,-39.1723],[-61.8648,-39.2348],[-61.9188,-39.2278],[-62.0412,-39.1671],[-62.0844,-39.1098],[-62.0916,-39.0855],[-61.9656,-39.1115],[-61.908,-39.1358],[-61.8756,-39.1723]]],[[[-59.6832,-52.2322],[-59.748,-52.2513],[-59.766,-52.2427],[-59.784,-52.2045],[-59.7876,-52.1559],[-59.7948,-52.135],[-59.7516,-52.142],[-59.6796,-52.1802],[-59.6832,-52.2322]]],[[[-61.0188,-51.7861],[-60.9468,-51.8],[-60.8748,-51.7948],[-60.9144,-51.8972],[-60.9468,-51.9458],[-61.0332,-51.9423],[-61.116,-51.8746],[-61.1448,-51.8399],[-61.0512,-51.8139],[-61.0188,-51.7861]]],[[[-72.9241,-53.4822],[-72.8953,-53.562],[-72.8809,-53.5776],[-72.8089,-53.5655],[-72.6865,-53.5586],[-72.4813,-53.5881],[-72.4597,-53.5985],[-72.3733,-53.687],[-72.3049,-53.7252],[-72.2041,-53.8068],[-72.3049,-53.8624],[-72.3661,-53.9405],[-72.3697,-53.9804],[-72.4093,-54.003],[-72.4705,-54.0273],[-72.5641,-54.0741],[-72.6757,-54.0794],[-72.7873,-54.1037],[-72.8413,-54.1245],[-72.8701,-54.1262],[-72.9061,-54.1141],[-72.9457,-54.0915],[-72.9601,-54.0655],[-72.8809,-54.0412],[-72.7801,-53.9544],[-72.7621,-53.8641],[-72.8701,-53.8485],[-72.9349,-53.8606],[-72.9853,-53.8606],[-73.0393,-53.8328],[-73.0717,-53.8745],[-73.0861,-53.9162],[-73.0717,-53.9787],[-73.0825,-53.9978],[-73.1185,-54.0099],[-73.2121,-53.9856],[-73.3057,-53.9439],[-73.3129,-53.9196],[-73.2913,-53.8363],[-73.2949,-53.7929],[-73.3129,-53.7287],[-73.3237,-53.7235],[-73.3597,-53.7235],[-73.4713,-53.7356],[-73.5829,-53.6558],[-73.6405,-53.5707],[-73.8457,-53.5464],[-73.6873,-53.4266],[-73.4461,-53.4093],[-73.3669,-53.47],[-73.1005,-53.5117],[-73.1149,-53.4474],[-73.1113,-53.4249],[-73.0753,-53.3971],[-73.0537,-53.3936],[-73.0213,-53.4145],[-72.9709,-53.4231],[-72.9457,-53.4422],[-72.9241,-53.4822]]],[[[-67.0813,-55.1539],[-67.1101,-55.1921],[-67.1713,-55.2425],[-67.2577,-55.2824],[-67.3405,-55.2928],[-67.3981,-55.272],[-67.4305,-55.2373],[-67.4449,-55.2008],[-67.4629,-55.1817],[-67.4953,-55.1782],[-67.5349,-55.1782],[-67.5853,-55.1921],[-67.6897,-55.2425],[-67.7365,-55.2564],[-67.7689,-55.2598],[-68.0713,-55.2216],[-68.1001,-55.206],[-68.1361,-55.173],[-68.1757,-55.0706],[-68.3017,-54.9803],[-68.1073,-54.93],[-67.8733,-54.93],[-67.4233,-54.9682],[-67.2469,-54.9769],[-67.1065,-55.0637],[-67.0849,-55.1157],[-67.0813,-55.1539]]],[[[-70.9909,-54.8675],[-70.9441,-54.9317],[-70.9297,-54.9421],[-70.8037,-54.9682],[-70.7497,-54.9526],[-70.6165,-54.9456],[-70.5337,-54.9213],[-70.4185,-54.9092],[-70.2817,-55.0654],[-70.2961,-55.114],[-70.4041,-55.1661],[-70.4761,-55.1765],[-70.5445,-55.1609],[-70.5373,-55.1348],[-70.5517,-55.1123],[-70.5985,-55.0828],[-70.6417,-55.0845],[-70.7101,-55.1071],[-70.7461,-55.1036],[-70.8145,-55.0793],[-70.9405,-55.0619],[-70.9657,-55.0394],[-70.9657,-55.0064],[-70.9909,-54.9908],[-71.1205,-54.9369],[-71.2033,-54.8935],[-71.2753,-54.8866],[-71.3005,-54.8918],[-71.3257,-54.9144],[-71.3869,-54.9335],[-71.4049,-54.93],[-71.4265,-54.9144],[-71.4373,-54.8901],[-71.4121,-54.8397],[-71.3725,-54.8345],[-71.1961,-54.8449],[-71.0881,-54.8675],[-70.9909,-54.8675]]],[[[-67.2901,-55.7772],[-67.3261,-55.7841],[-67.3513,-55.7667],[-67.3945,-55.7529],[-67.5601,-55.7251],[-67.5637,-55.7077],[-67.5457,-55.6834],[-67.5133,-55.6626],[-67.4485,-55.64],[-67.3981,-55.5845],[-67.3729,-55.5897],[-67.3513,-55.6122],[-67.3117,-55.6886],[-67.2613,-55.7442],[-67.2685,-55.7633],[-67.2901,-55.7772]]],[[[-74.5585,-51.2774],[-74.5621,-51.3608],[-74.5909,-51.3868],[-74.6197,-51.3955],[-74.6917,-51.3695],[-74.7313,-51.3677],[-74.7961,-51.4111],[-74.8537,-51.4337],[-74.9365,-51.4285],[-75.0482,-51.399],[-75.1454,-51.524],[-75.1922,-51.5674],[-75.2894,-51.6246],[-75.3002,-51.5569],[-75.239,-51.4528],[-75.2102,-51.3833],[-75.1526,-51.2792],[-75.041,-51.3174],[-74.8825,-51.2792],[-74.7349,-51.208],[-74.6125,-51.2063],[-74.5693,-51.2462],[-74.5585,-51.2774]]],[[[-75.0554,-50.2966],[-75.2498,-50.3765],[-75.3074,-50.3435],[-75.4478,-50.3435],[-75.4118,-50.2567],[-75.3974,-50.1924],[-75.3758,-50.1681],[-75.3686,-50.1126],[-75.3254,-50.0119],[-75.2102,-50.0449],[-75.1238,-50.0553],[-75.005,-50.0883],[-74.8753,-50.1091],[-74.8393,-50.1976],[-74.9617,-50.2376],[-75.0554,-50.2966]]],[[[-74.8213,-51.6299],[-74.7817,-51.8243],[-74.7493,-51.8521],[-74.6485,-51.8659],[-74.5369,-51.9649],[-74.5333,-51.9927],[-74.6665,-52.1593],[-74.6953,-52.2791],[-74.8501,-52.2704],[-74.9185,-52.1524],[-75.0158,-52.0378],[-75.0518,-51.9041],[-75.1058,-51.7896],[-75.0086,-51.7236],[-74.9149,-51.7375],[-74.9113,-51.6507],[-74.8213,-51.6299]]],[[[-73.8097,-43.8265],[-73.7881,-43.8769],[-73.8349,-43.8838],[-73.9033,-43.8751],[-73.9393,-43.9151],[-73.9573,-43.922],[-74.1193,-43.8873],[-74.1445,-43.8717],[-74.1409,-43.8213],[-73.9681,-43.8161],[-73.8565,-43.7831],[-73.8421,-43.7883],[-73.8097,-43.8265]]],[[[-71.3905,-54.0325],[-71.1673,-54.1123],[-71.0233,-54.1123],[-71.0233,-54.1609],[-71.0053,-54.246],[-71.0269,-54.2807],[-71.0845,-54.3154],[-71.1169,-54.3658],[-71.1421,-54.3745],[-71.3041,-54.3137],[-71.4733,-54.2304],[-71.5597,-54.246],[-71.6713,-54.2252],[-71.7613,-54.2304],[-71.8189,-54.2773],[-71.9485,-54.3016],[-71.9737,-54.2078],[-72.0925,-54.1193],[-72.2113,-54.0481],[-72.1465,-53.9387],[-72.0673,-53.9214],[-71.9953,-53.8849],[-71.7037,-53.9231],[-71.5525,-53.9561],[-71.3905,-54.0325]]],[[[-74.1409,-51.9319],[-74.1733,-51.9423],[-74.2813,-51.918],[-74.3389,-51.8972],[-74.4253,-51.8451],[-74.4361,-51.7913],[-74.4757,-51.7253],[-74.4505,-51.7253],[-74.3605,-51.7514],[-74.3245,-51.7705],[-74.2777,-51.8121],[-74.1337,-51.8712],[-74.1157,-51.8885],[-74.1193,-51.9111],[-74.1409,-51.9319]]],[[[-73.7341,-44.3942],[-73.7845,-44.4376],[-73.8637,-44.4445],[-73.9825,-44.4949],[-73.9969,-44.5383],[-74.0005,-44.5904],[-73.9177,-44.6546],[-73.8781,-44.7292],[-73.8277,-44.8403],[-73.7917,-44.9462],[-73.7953,-44.9792],[-73.7881,-45.033],[-73.7269,-45.1198],[-73.7233,-45.158],[-73.7269,-45.1962],[-73.7521,-45.2674],[-73.7701,-45.2761],[-73.8313,-45.283],[-73.8349,-45.3264],[-73.8493,-45.3403],[-74.0149,-45.3455],[-74.0977,-45.3247],[-74.0905,-45.1962],[-74.1949,-45.1441],[-74.2669,-45.0591],[-74.3497,-44.9115],[-74.4181,-44.8646],[-74.4973,-44.7483],[-74.6161,-44.6476],[-74.4793,-44.5851],[-74.5009,-44.474],[-74.4217,-44.4359],[-74.3029,-44.3959],[-74.2129,-44.4272],[-74.1337,-44.4168],[-74.0977,-44.389],[-74.1085,-44.2761],[-74.0833,-44.1859],[-73.9933,-44.1407],[-73.8997,-44.1355],[-73.8637,-44.1859],[-73.8169,-44.2345],[-73.7017,-44.2744],[-73.7053,-44.3247],[-73.7341,-44.3942]]],[[[-74.3137,-45.691],[-74.3677,-45.7361],[-74.4649,-45.757],[-74.5621,-45.7222],[-74.6773,-45.7379],[-74.6881,-45.6632],[-74.6449,-45.6007],[-74.5585,-45.5261],[-74.4937,-45.4254],[-74.5009,-45.2848],[-74.4505,-45.2535],[-74.4217,-45.2032],[-74.3101,-45.1719],[-74.2849,-45.2778],[-74.3137,-45.4636],[-74.2417,-45.5747],[-74.2309,-45.6111],[-74.2453,-45.6528],[-74.3137,-45.691]]],[[[-73.5649,45.4683],[-73.6441,45.4492],[-73.7737,45.4683],[-73.9213,45.4423],[-73.9609,45.4423],[-73.8529,45.5152],[-73.6873,45.562],[-73.5217,45.7009],[-73.4749,45.7044],[-73.5397,45.5464],[-73.5505,45.4891],[-73.5649,45.4683]]],[[[-73.6945,45.5863],[-73.8169,45.5655],[-73.8565,45.5742],[-73.7233,45.6714],[-73.5721,45.694],[-73.6945,45.5863]]],[[[-60.9612,45.4891],[-61.0044,45.4822],[-61.0116,45.4961],[-61.0764,45.5377],[-61.08,45.5586],[-61.026,45.5777],[-60.9108,45.5672],[-60.954,45.5152],[-60.9612,45.4891]]],[[[-61.9152,47.2842],[-61.8792,47.2651],[-61.8144,47.2668],[-61.7712,47.2598],[-61.8324,47.2234],[-61.9512,47.2182],[-62.0088,47.2338],[-61.926,47.4248],[-61.8288,47.4699],[-61.6272,47.5932],[-61.548,47.6314],[-61.4724,47.647],[-61.3968,47.6383],[-61.476,47.5636],[-61.584,47.5602],[-61.6848,47.4994],[-61.7496,47.43],[-61.8324,47.3918],[-61.8864,47.3449],[-61.9152,47.2842]]],[[[-64.5072,47.8865],[-64.5324,47.8136],[-64.6224,47.7511],[-64.6656,47.7477],[-64.6836,47.7529],[-64.662,47.7928],[-64.662,47.8622],[-64.59,47.8727],[-64.5648,47.8657],[-64.5072,47.8865]]],[[[-64.4748,47.9595],[-64.59,47.9074],[-64.5396,47.9855],[-64.518,48.0046],[-64.5,48.0133],[-64.482,48.0063],[-64.4748,47.9595]]],[[[-71.0269,46.8727],[-71.1169,46.864],[-71.0953,46.8988],[-70.9693,46.9613],[-70.8793,46.996],[-70.8253,46.996],[-70.9117,46.9196],[-71.0269,46.8727]]],[[[-66.2749,44.293],[-66.3253,44.2566],[-66.3109,44.2913],[-66.2497,44.3798],[-66.2101,44.392],[-66.2749,44.293]]],[[[-68.6221,44.1958],[-68.6617,44.1767],[-68.7013,44.1819],[-68.7013,44.2323],[-68.6905,44.2479],[-68.6761,44.2566],[-68.6545,44.2427],[-68.6221,44.1958]]],[[[-66.7609,44.6819],[-66.8977,44.6281],[-66.8437,44.7635],[-66.8005,44.8051],[-66.7465,44.7913],[-66.7537,44.7097],[-66.7609,44.6819]]],[[[-68.1865,44.3329],[-68.2441,44.3139],[-68.3089,44.3208],[-68.3089,44.2687],[-68.3161,44.2496],[-68.3845,44.2774],[-68.4133,44.2948],[-68.4097,44.3642],[-68.3485,44.4302],[-68.2981,44.4562],[-68.2369,44.4388],[-68.1901,44.3642],[-68.1865,44.3329]]],[[[113.8457,-7.1048],[113.8241,-7.1205],[113.6549,-7.1118],[113.5469,-7.1934],[113.4713,-7.2177],[113.1977,-7.2177],[113.1653,-7.2073],[113.1401,-7.2073],[113.1257,-7.2246],[113.0393,-7.2125],[112.7621,-7.1396],[112.7261,-7.0736],[112.7693,-7.0007],[112.8665,-6.9],[113.0681,-6.8792],[113.9753,-6.8722],[114.0725,-6.9607],[114.0833,-6.9885],[113.8853,-7.0493],[113.8457,-7.1048]]],[[[134.5963,7.3821],[134.5351,7.3613],[134.5063,7.4377],[134.5171,7.5262],[134.5567,7.5939],[134.5999,7.6165],[134.6071,7.6234],[134.6503,7.712],[134.6611,7.6633],[134.6323,7.5019],[134.5999,7.4377],[134.5963,7.3821]]],[[[145.7781,18.0794],[145.7277,18.0568],[145.7889,18.1558],[145.8069,18.1731],[145.8357,18.1367],[145.7781,18.0794]]],[[[145.7529,15.1334],[145.7493,15.1073],[145.6989,15.1143],[145.6845,15.1247],[145.7133,15.215],[145.7853,15.2566],[145.8213,15.2653],[145.7889,15.2219],[145.7817,15.175],[145.7529,15.1334]]],[[[144.7412,13.2585],[144.698,13.2567],[144.662,13.2915],[144.6512,13.314],[144.6476,13.4286],[144.7916,13.5276],[144.8384,13.623],[144.8744,13.6144],[144.9104,13.5987],[144.9392,13.571],[144.7808,13.4113],[144.7412,13.2585]]],[[[145.6629,14.9702],[145.6197,14.9198],[145.5909,14.998],[145.5873,15.0309],[145.6233,15.0605],[145.6485,15.0587],[145.6629,14.9702]]],[[[138.1424,9.5],[138.0668,9.4184],[138.0632,9.4462],[138.0848,9.4948],[138.1172,9.5504],[138.146,9.5834],[138.1856,9.5938],[138.2144,9.5469],[138.182,9.507],[138.1424,9.5]]],[[[137.0948,-15.7779],[137.0516,-15.8248],[136.9976,-15.7762],[136.9868,-15.7258],[136.9436,-15.7119],[136.9652,-15.6651],[136.9868,-15.6529],[137.0084,-15.5956],[137.066,-15.6633],[137.0696,-15.738],[137.0948,-15.7779]]],[[[136.8644,-15.6199],[136.8464,-15.6269],[136.8464,-15.5435],[136.8752,-15.5019],[136.8896,-15.5887],[136.8644,-15.6199]]],[[[136.5908,-15.6286],[136.5296,-15.6321],[136.5152,-15.6269],[136.5044,-15.5835],[136.5224,-15.5435],[136.5872,-15.5331],[136.6124,-15.5435],[136.5908,-15.6286]]],[[[132.5947,-11.3025],[132.5731,-11.3181],[132.4939,-11.1636],[132.5155,-11.1167],[132.4831,-11.0369],[132.5371,-11.0282],[132.5803,-10.9692],[132.5947,-10.997],[132.5983,-11.1063],[132.6307,-11.1688],[132.5947,-11.3025]]],[[[149.0433,-20.2915],[149.0217,-20.3019],[148.9857,-20.3019],[148.9389,-20.2828],[148.9821,-20.1544],[149.0037,-20.2221],[149.0469,-20.2776],[149.0433,-20.2915]]],[[[148.9353,-20.1492],[148.9137,-20.1544],[148.8885,-20.144],[148.9065,-20.1023],[148.9317,-20.0693],[148.9677,-20.045],[148.9569,-20.1353],[148.9353,-20.1492]]],[[[146.2785,-18.2309],[146.3001,-18.3264],[146.3433,-18.3993],[146.3253,-18.4479],[146.3001,-18.4843],[146.2353,-18.4514],[146.1921,-18.3628],[146.1165,-18.2916],[146.0985,-18.2517],[146.1885,-18.2552],[146.2317,-18.2413],[146.2497,-18.2257],[146.2785,-18.2309]]],[[[142.2752,-10.7053],[142.1924,-10.7626],[142.1384,-10.7313],[142.124,-10.6689],[142.1312,-10.6411],[142.1996,-10.5925],[142.2752,-10.7053]]],[[[142.34,-10.1914],[142.2788,-10.2539],[142.2176,-10.2348],[142.196,-10.2001],[142.2176,-10.1498],[142.3004,-10.1411],[142.34,-10.1914]]],[[[142.1672,-10.1533],[142.142,-10.181],[142.0988,-10.122],[142.1492,-10.0526],[142.1924,-10.0856],[142.1672,-10.1533]]],[[[139.5068,-16.573],[139.4312,-16.6615],[139.3916,-16.6494],[139.3556,-16.6963],[139.2836,-16.7188],[139.2404,-16.7188],[139.1612,-16.7414],[139.1468,-16.7136],[139.1612,-16.6251],[139.2296,-16.5279],[139.2944,-16.4671],[139.46,-16.4393],[139.5896,-16.3959],[139.604,-16.4029],[139.6976,-16.5157],[139.5608,-16.5296],[139.5068,-16.573]]],[[[139.46,-17.1146],[139.4204,-17.132],[139.4096,-17.0903],[139.46,-17.0487],[139.4924,-16.9896],[139.5608,-17.0417],[139.5716,-17.0938],[139.46,-17.1146]]],[[[136.7132,-13.8041],[136.7564,-13.8457],[136.8032,-13.8423],[136.8464,-13.7503],[136.8716,-13.7641],[136.8896,-13.7867],[136.904,-13.8266],[136.8428,-13.8961],[136.814,-13.9065],[136.7888,-13.9464],[136.7456,-14.0732],[136.7492,-14.1148],[136.7888,-14.1582],[136.886,-14.1964],[136.9328,-14.179],[136.9508,-14.1843],[136.9328,-14.2468],[136.8932,-14.2936],[136.7636,-14.2728],[136.6484,-14.2797],[136.4612,-14.2346],[136.364,-14.2294],[136.3352,-14.212],[136.3928,-14.1756],[136.4288,-14.127],[136.4108,-14.0107],[136.4252,-13.8648],[136.5332,-13.7937],[136.5836,-13.7207],[136.6556,-13.6756],[136.7024,-13.6808],[136.6952,-13.726],[136.7132,-13.8041]]],[[[136.238,-13.8249],[136.2128,-13.8353],[136.1228,-13.8162],[136.1228,-13.7798],[136.1336,-13.7537],[136.1588,-13.7364],[136.2164,-13.6652],[136.256,-13.7069],[136.274,-13.7919],[136.238,-13.8249]]],[[[136.598,-11.3789],[136.526,-11.4396],[136.5224,-11.3945],[136.5584,-11.358],[136.6484,-11.2122],[136.688,-11.1775],[136.7096,-11.1584],[136.7276,-11.1046],[136.7312,-11.0247],[136.7816,-11.0126],[136.742,-11.1949],[136.598,-11.3789]]],[[[136.3388,-11.6028],[136.1804,-11.6775],[136.2668,-11.5768],[136.4504,-11.4865],[136.4792,-11.4657],[136.472,-11.5091],[136.3784,-11.5837],[136.3388,-11.6028]]],[[[130.4599,-11.6792],[130.5427,-11.7035],[130.5787,-11.7365],[130.6039,-11.7729],[130.6075,-11.8163],[130.5031,-11.8354],[130.3159,-11.7712],[130.1323,-11.825],[130.0783,-11.825],[130.0423,-11.7868],[130.0711,-11.6809],[130.1395,-11.6966],[130.1971,-11.6584],[130.1863,-11.5421],[130.1539,-11.4778],[130.2511,-11.3598],[130.2943,-11.3372],[130.3375,-11.3372],[130.3771,-11.4205],[130.3843,-11.5091],[130.4311,-11.5924],[130.4599,-11.6792]]],[[[130.6183,-11.3754],[130.7515,-11.3841],[130.9135,-11.3094],[130.9891,-11.3407],[131.0215,-11.3337],[131.1403,-11.2626],[131.2159,-11.2417],[131.2699,-11.1897],[131.3203,-11.2469],[131.4355,-11.3129],[131.4751,-11.3823],[131.5219,-11.4153],[131.5399,-11.4362],[131.4679,-11.5091],[131.4571,-11.5872],[131.3815,-11.582],[131.2915,-11.7105],[130.9495,-11.9257],[130.6435,-11.7417],[130.5103,-11.6184],[130.4239,-11.4466],[130.4059,-11.3042],[130.3699,-11.2157],[130.3843,-11.1914],[130.4023,-11.181],[130.4275,-11.1827],[130.5175,-11.2799],[130.5607,-11.306],[130.6183,-11.3754]]],[[[125.2003,-14.5801],[125.1355,-14.6426],[125.0923,-14.5922],[125.1175,-14.4915],[125.1607,-14.4568],[125.1967,-14.4742],[125.1931,-14.5523],[125.2003,-14.5801]]],[[[124.599,-15.4012],[124.5594,-15.4307],[124.5234,-15.422],[124.5234,-15.3821],[124.4838,-15.3404],[124.5054,-15.2918],[124.5198,-15.2675],[124.5522,-15.271],[124.563,-15.3109],[124.6062,-15.3561],[124.599,-15.4012]]],[[[115.4478,-20.788],[115.3866,-20.8661],[115.3182,-20.8505],[115.3074,-20.8106],[115.3542,-20.7464],[115.4334,-20.6682],[115.4586,-20.7168],[115.4478,-20.788]]],[[[113.1833,-26.0533],[113.1581,-26.095],[112.9637,-25.7825],[112.9097,-25.569],[112.9457,-25.5308],[112.9817,-25.5204],[113.0969,-25.8155],[113.1329,-25.8832],[113.1329,-25.9526],[113.1473,-25.9735],[113.1833,-26.0533]]],[[[147.3549,-43.3977],[147.3081,-43.5001],[147.2325,-43.4828],[147.1533,-43.5001],[147.1065,-43.4307],[147.1065,-43.4133],[147.1641,-43.4307],[147.1857,-43.4081],[147.2001,-43.3786],[147.2181,-43.3717],[147.2325,-43.33],[147.2829,-43.2797],[147.3117,-43.2797],[147.3441,-43.3456],[147.3549,-43.3977]]],[[[148.1037,-42.7103],[148.0497,-42.7189],[148.0281,-42.7155],[148.0317,-42.6634],[148.0245,-42.6408],[148.0713,-42.594],[148.1433,-42.6165],[148.1685,-42.6512],[148.1001,-42.6808],[148.1037,-42.7103]]],[[[147.4341,-43.2415],[147.3729,-43.2415],[147.3477,-43.2328],[147.3369,-43.1825],[147.2973,-43.1616],[147.3189,-43.146],[147.3261,-43.1148],[147.3513,-43.08],[147.3981,-43.1182],[147.4341,-43.2415]]],[[[144.7844,-40.5073],[144.7484,-40.5889],[144.7088,-40.4847],[144.752,-40.4708],[144.7844,-40.4344],[144.7916,-40.4396],[144.7844,-40.5073]]],[[[143.9276,-40.1167],[143.8988,-40.1201],[143.8772,-40.0646],[143.888,-39.983],[143.8376,-39.9049],[143.8664,-39.825],[143.8628,-39.7382],[143.8808,-39.7],[143.9384,-39.6584],[143.9492,-39.5837],[143.9996,-39.5803],[144.0896,-39.6375],[144.122,-39.7851],[144.1076,-39.8736],[144.14,-39.9535],[144.1112,-40.0229],[144.0356,-40.0785],[143.9276,-40.1167]]],[[[148.3269,-40.3076],[148.4205,-40.3667],[148.4745,-40.4326],[148.4025,-40.4864],[148.3521,-40.4969],[148.3197,-40.4344],[148.2153,-40.4569],[148.1037,-40.4517],[148.0209,-40.4049],[148.0101,-40.3805],[148.0605,-40.3562],[148.1973,-40.358],[148.3269,-40.3076]]],[[[147.9993,-39.7573],[148.1793,-39.9379],[148.2693,-39.9674],[148.2981,-39.9865],[148.2909,-40.0646],[148.2513,-40.0993],[148.3233,-40.1445],[148.3125,-40.174],[148.2981,-40.1722],[148.2117,-40.233],[148.1073,-40.2625],[148.0749,-40.2417],[148.0461,-40.2122],[148.0245,-40.1722],[147.8913,-40.0143],[147.9057,-39.9709],[147.8769,-39.9049],[147.8121,-39.9101],[147.7689,-39.8702],[147.8409,-39.832],[147.9345,-39.7261],[147.9993,-39.7573]]],[[[148.2369,-40.516],[148.1865,-40.5923],[148.1253,-40.5437],[148.1181,-40.5212],[148.1937,-40.5038],[148.2189,-40.5055],[148.2369,-40.516]]],[[[137.5952,-35.7385],[137.8364,-35.7628],[137.93,-35.7263],[138.0452,-35.7558],[138.1244,-35.8531],[138.0668,-35.8999],[138.0128,-35.9069],[137.8364,-35.8669],[137.6708,-35.8982],[137.624,-35.9381],[137.5916,-36.0267],[137.4476,-36.0753],[137.3828,-36.0214],[137.21,-35.9833],[137.1488,-36.0388],[137.0264,-36.0232],[136.9112,-36.0475],[136.7564,-36.0336],[136.5908,-35.9346],[136.5404,-35.8895],[136.58,-35.8079],[136.6376,-35.7489],[137.0912,-35.6638],[137.3324,-35.5927],[137.5304,-35.6048],[137.5844,-35.6204],[137.6348,-35.6569],[137.5988,-35.7229],[137.5952,-35.7385]]],[[[145.4865,-38.3546],[145.3353,-38.4206],[145.2813,-38.3911],[145.2849,-38.3407],[145.2957,-38.3182],[145.4253,-38.3147],[145.4865,-38.3546]]],[[[145.3137,-38.49],[145.3497,-38.5386],[145.3569,-38.5577],[145.2705,-38.5196],[145.1301,-38.5282],[145.2165,-38.4588],[145.2885,-38.4727],[145.3137,-38.49]]],[[[153.5397,-27.4369],[153.4533,-27.7112],[153.4281,-27.706],[153.3957,-27.6643],[153.3993,-27.5063],[153.4353,-27.4057],[153.5217,-27.423],[153.5397,-27.4369]]],[[[153.4425,-27.3154],[153.4209,-27.331],[153.3777,-27.2355],[153.3633,-27.1383],[153.3813,-27.0498],[153.4317,-27.0307],[153.4677,-27.0376],[153.4281,-27.2008],[153.4425,-27.3154]]],[[[153.0789,-25.7512],[153.0537,-25.779],[153.0069,-25.7287],[152.9781,-25.5516],[152.9997,-25.4492],[153.0501,-25.3537],[153.0609,-25.3016],[153.0393,-25.194],[153.1905,-25.0707],[153.2265,-25.0065],[153.2409,-24.9232],[153.1869,-24.8329],[153.1437,-24.8155],[153.1797,-24.7652],[153.2229,-24.7392],[153.2553,-24.7287],[153.2805,-24.7374],[153.2985,-24.9145],[153.3597,-24.977],[153.3489,-25.0638],[153.1401,-25.5134],[153.0825,-25.6818],[153.0789,-25.7512]]],[[[151.1457,-23.491],[151.1817,-23.517],[151.2105,-23.5135],[151.2393,-23.5292],[151.2285,-23.5951],[151.2753,-23.668],[151.2969,-23.7201],[151.2609,-23.7618],[151.2393,-23.7757],[151.1853,-23.741],[151.0341,-23.5309],[151.0593,-23.4597],[151.1457,-23.491]]],[[[150.5157,-22.3226],[150.4869,-22.3244],[150.4617,-22.307],[150.4833,-22.2671],[150.4869,-22.2115],[150.5229,-22.2289],[150.5481,-22.307],[150.5157,-22.3226]]],[[[149.9289,-22.1924],[149.8929,-22.2237],[149.8713,-22.1508],[149.8749,-22.0744],[149.9109,-22.0484],[149.9289,-22.149],[149.9289,-22.1924]]],[[[117.3558,8.2154],[117.2874,8.1911],[117.273,8.2536],[117.2802,8.3143],[117.3306,8.3091],[117.3522,8.29],[117.3558,8.2154]]],[[[117.0786,7.8838],[117.0282,7.8074],[116.9706,7.8942],[116.9742,8.0175],[116.9922,8.0505],[117.0786,8.0696],[117.0786,7.8838]]],[[[119.9154,10.4861],[119.793,10.4548],[119.7642,10.5521],[119.8506,10.6406],[119.9514,10.6041],[120.009,10.5694],[119.9802,10.5382],[119.9154,10.4861]]],[[[119.8614,11.526],[119.883,11.4721],[119.8542,11.3923],[119.829,11.3749],[119.8002,11.4079],[119.7282,11.4322],[119.7246,11.4739],[119.7606,11.4739],[119.8254,11.5155],[119.8614,11.526]]],[[[120.099,12.1683],[120.153,12.1527],[120.1926,12.1665],[120.2286,12.2204],[120.261,12.1422],[120.3402,12.078],[120.315,12.012],[120.243,12.0051],[120.1746,12.019],[120.099,11.9929],[120.009,12.0086],[119.9586,12.0693],[119.8974,12.1787],[119.865,12.1995],[119.8686,12.2447],[119.8902,12.2724],[119.8794,12.2794],[119.8866,12.3002],[119.8974,12.3141],[119.9154,12.3193],[119.9622,12.2707],[120.0774,12.1978],[120.099,12.1683]]],[[[120.0378,11.703],[119.9622,11.67],[119.9442,11.6909],[119.9334,11.7395],[119.9334,11.7742],[119.8614,11.9547],[119.9154,11.9808],[119.955,11.96],[119.9982,11.9322],[120.0342,11.9166],[120.0702,11.861],[120.063,11.8211],[120.0738,11.7829],[120.0378,11.703]]],[[[122.6478,10.4722],[122.6226,10.4583],[122.5974,10.4618],[122.5398,10.4253],[122.5182,10.493],[122.5362,10.6076],[122.6262,10.6944],[122.6478,10.7222],[122.673,10.7395],[122.7018,10.7413],[122.7306,10.7066],[122.7378,10.6545],[122.6802,10.4982],[122.6478,10.4722]]],[[[123.3714,9.4497],[123.3318,9.4237],[123.3174,9.4896],[123.3282,9.5782],[123.4038,9.8889],[123.3858,9.967],[123.5154,10.1406],[123.5946,10.3021],[123.7098,10.4739],[123.7278,10.5625],[123.8322,10.7309],[123.9294,10.9635],[123.9258,11.0416],[123.951,11.0798],[123.9654,11.1371],[123.9654,11.1874],[124.0374,11.2742],[124.059,11.2169],[124.0374,11.1058],[124.041,11.0538],[124.0518,11.0295],[124.0518,10.9253],[124.0266,10.7673],[124.0518,10.585],[124.005,10.3993],[123.951,10.316],[123.8754,10.2569],[123.789,10.2205],[123.699,10.1285],[123.645,10.0208],[123.6342,9.9219],[123.4938,9.5886],[123.3714,9.4497]]],[[[123.7566,11.2829],[123.8142,11.151],[123.735,11.151],[123.7062,11.2482],[123.7422,11.2794],[123.7566,11.2829]]],[[[124.5954,9.7865],[124.5846,9.75],[124.5054,9.7535],[124.4766,9.7483],[124.4046,9.6545],[124.3614,9.6302],[124.1238,9.599],[123.9366,9.6233],[123.8718,9.6754],[123.8286,9.7604],[123.8178,9.8177],[123.8646,9.8785],[123.9078,9.9202],[124.059,10],[124.095,10.0608],[124.1742,10.1354],[124.3362,10.1597],[124.3506,10.1406],[124.3722,10.1302],[124.4046,10.1267],[124.4874,10.066],[124.5774,10.026],[124.5558,9.8785],[124.581,9.8299],[124.5954,9.7865]]],[[[124.8078,9.1424],[124.779,9.0834],[124.6674,9.132],[124.6386,9.1754],[124.653,9.2257],[124.707,9.2431],[124.7358,9.2431],[124.7898,9.1893],[124.8078,9.1424]]],[[[123.699,9.2379],[123.7062,9.1337],[123.6162,9.1025],[123.5406,9.1303],[123.4938,9.1928],[123.4938,9.2153],[123.5334,9.2136],[123.627,9.2674],[123.6558,9.2796],[123.699,9.2379]]],[[[120.2502,5.2572],[120.225,5.1965],[120.1926,5.1687],[120.1494,5.1843],[120.117,5.2156],[120.099,5.1687],[120.0126,5.1513],[119.9586,5.0802],[119.8758,5.0593],[119.8218,5.0698],[119.829,5.134],[119.9838,5.2277],[120.081,5.2642],[120.1638,5.3319],[120.207,5.3406],[120.2286,5.2833],[120.2502,5.2572]]],[[[122.0934,6.429],[121.9926,6.4152],[121.9602,6.4152],[121.881,6.5176],[121.8738,6.5627],[121.809,6.6131],[121.8306,6.6634],[121.9134,6.6756],[122.0574,6.7415],[122.2878,6.6391],[122.3238,6.6026],[122.2518,6.5801],[122.2014,6.4829],[122.0934,6.429]]],[[[126.0607,9.7656],[126.0463,9.7604],[125.9923,9.8386],[125.9995,9.9271],[126.0751,10.059],[126.1291,9.9427],[126.1291,9.8906],[126.1219,9.8646],[126.1723,9.8004],[126.1363,9.7674],[126.0607,9.7656]]],[[[125.6899,9.9149],[125.6719,9.8872],[125.6503,9.9445],[125.5891,9.9983],[125.5351,10.0903],[125.4955,10.1181],[125.5207,10.191],[125.5243,10.309],[125.5819,10.3628],[125.6071,10.3802],[125.6467,10.4375],[125.6683,10.441],[125.6863,10.3923],[125.6467,10.2448],[125.7043,10.0712],[125.6827,9.9636],[125.6935,9.9392],[125.6899,9.9149]]],[[[120.2718,13.7515],[120.2718,13.6838],[120.1026,13.7828],[120.099,13.8175],[120.1026,13.8418],[120.1206,13.8574],[120.2106,13.821],[120.2718,13.7515]]],[[[121.9134,13.5397],[121.9782,13.538],[121.9962,13.5467],[122.115,13.4633],[122.1078,13.4217],[122.1222,13.3644],[122.0538,13.2689],[122.043,13.2359],[122.0034,13.2047],[121.8774,13.2811],[121.8306,13.3279],[121.8162,13.4251],[121.8666,13.5658],[121.9134,13.5397]]],[[[122.0934,12.354],[122.0142,12.1058],[121.9602,12.1908],[121.9818,12.2447],[121.935,12.2898],[121.9242,12.3315],[121.9422,12.3853],[121.989,12.4356],[121.9998,12.5988],[122.1042,12.6509],[122.1438,12.6526],[122.1294,12.6127],[122.133,12.538],[122.0934,12.354]]],[[[122.3094,12.5294],[122.2806,12.4981],[122.2626,12.5033],[122.2482,12.5571],[122.277,12.5936],[122.2878,12.5901],[122.3094,12.5294]]],[[[122.655,12.3089],[122.6046,12.2863],[122.5002,12.3835],[122.439,12.4287],[122.4246,12.4547],[122.4714,12.4912],[122.6046,12.4912],[122.673,12.4235],[122.6838,12.3818],[122.655,12.3089]]],[[[123.2814,12.854],[123.3678,12.7012],[123.2742,12.8054],[123.1662,12.8766],[123.0546,12.9929],[122.9718,13.0345],[122.9502,13.0588],[122.9574,13.1075],[123.0186,13.1161],[123.0438,13.1127],[123.2058,12.9061],[123.2814,12.854]]],[[[123.7746,12.4547],[123.7782,12.3662],[123.7422,12.3992],[123.6198,12.571],[123.5874,12.6335],[123.6198,12.6752],[123.7098,12.611],[123.7746,12.4547]]],[[[123.717,12.2881],[123.9078,12.1683],[124.041,11.9669],[124.0554,11.8124],[124.0446,11.7516],[123.9834,11.8193],[123.8466,11.9131],[123.753,11.9339],[123.7242,11.9513],[123.735,12.0034],[123.6738,12.0502],[123.6666,12.0693],[123.6126,12.0902],[123.5298,12.1961],[123.4722,12.2169],[123.4182,12.1943],[123.2922,12.0363],[123.159,11.9252],[123.1554,11.9686],[123.2094,12.1058],[123.2454,12.328],[123.267,12.3957],[123.2382,12.4946],[123.2346,12.5832],[123.3354,12.5415],[123.4614,12.5016],[123.5586,12.4443],[123.573,12.4061],[123.717,12.2881]]],[[[124.3542,13.6317],[124.3254,13.5675],[124.293,13.5901],[124.2498,13.5866],[124.1742,13.531],[124.0554,13.6057],[124.0374,13.663],[124.1238,13.7897],[124.1238,13.9789],[124.1526,14.0258],[124.185,14.0588],[124.2246,14.0779],[124.3074,13.9477],[124.3362,13.9303],[124.4154,13.8713],[124.3974,13.7498],[124.4046,13.6786],[124.3542,13.6317]]],[[[122.1762,14.0484],[122.1726,14.0084],[121.9566,14.156],[121.9458,14.182],[121.9458,14.2046],[121.9602,14.2289],[122.1762,14.0484]]],[[[122.0322,15.0049],[122.0502,14.9702],[122.0322,14.9719],[122.0178,14.965],[121.971,14.8938],[122.0214,14.7601],[121.989,14.6629],[121.9314,14.656],[121.9098,14.6664],[121.9206,14.715],[121.935,14.7358],[121.9242,14.8001],[121.8882,14.84],[121.863,14.9164],[121.8198,14.9632],[121.8414,15.0379],[121.971,15.0466],[122.0322,15.0049]]],[[[121.9206,18.8953],[121.8594,18.8224],[121.8234,18.8432],[121.8594,18.9126],[121.8594,18.937],[121.8882,18.9908],[121.9422,19.0099],[121.989,18.956],[121.9206,18.8953]]],[[[121.251,19.0828],[121.2474,19.0151],[121.197,19.0515],[121.1862,19.1019],[121.1898,19.1383],[121.2114,19.1835],[121.2438,19.1435],[121.251,19.0828]]],[[[121.521,19.3623],[121.5318,19.272],[121.4706,19.2737],[121.3842,19.3293],[121.3734,19.3571],[121.377,19.3796],[121.3914,19.3987],[121.521,19.3623]]],[[[121.9602,20.3657],[121.9422,20.3535],[121.9134,20.3587],[121.9422,20.4542],[121.9926,20.4803],[122.0322,20.4698],[121.9602,20.3657]]],[[[121.8774,20.7823],[121.8306,20.7007],[121.791,20.7007],[121.7982,20.7459],[121.8486,20.8413],[121.8666,20.8396],[121.8774,20.7823]]],[[[148.0245,-5.8271],[147.9849,-5.8341],[147.9669,-5.7889],[147.8733,-5.749],[147.7797,-5.6275],[147.7833,-5.5216],[147.7941,-5.4921],[147.8481,-5.4904],[148.0533,-5.6119],[148.0749,-5.6501],[148.0605,-5.7646],[148.0245,-5.8271]]],[[[147.1749,-5.4313],[147.1209,-5.4365],[147.0273,-5.3428],[147.0057,-5.3063],[147.0165,-5.2577],[147.1317,-5.19],[147.2073,-5.2508],[147.2217,-5.381],[147.1749,-5.4313]]],[[[146.0193,-4.7265],[145.9509,-4.756],[145.9041,-4.7335],[145.8825,-4.6675],[145.9005,-4.605],[145.9581,-4.5546],[145.9941,-4.539],[146.0373,-4.5737],[146.0517,-4.6397],[146.0193,-4.7265]]],[[[147.8769,-2.284],[147.8445,-2.336],[147.7689,-2.3308],[147.7365,-2.3152],[147.7905,-2.3048],[147.8121,-2.2614],[147.8373,-2.2475],[147.8769,-2.284]]],[[[147.0669,-1.9593],[147.4017,-2.0253],[147.4233,-2.0236],[147.4197,-2.001],[147.4233,-1.994],[147.4449,-2.0114],[147.4377,-2.0583],[147.3837,-2.0704],[147.3369,-2.0652],[147.3009,-2.0913],[147.2073,-2.1815],[147.1425,-2.1659],[147.0633,-2.1867],[146.9265,-2.1885],[146.7465,-2.1485],[146.6997,-2.1833],[146.6349,-2.1728],[146.5737,-2.211],[146.5449,-2.2093],[146.5305,-2.1538],[146.5341,-2.126],[146.6061,-2.1017],[146.5953,-2.0166],[146.6565,-1.9732],[146.7609,-1.9784],[146.8581,-1.9489],[147.0669,-1.9593]]],[[[154.6485,-5.4331],[154.6269,-5.44],[154.5837,-5.315],[154.5765,-5.2213],[154.5621,-5.1518],[154.5405,-5.1102],[154.6053,-5.0355],[154.6341,-5.0147],[154.6809,-5.0546],[154.6881,-5.1432],[154.7277,-5.2178],[154.6989,-5.3827],[154.6485,-5.4331]]],[[[152.6721,-3.1329],[152.6469,-3.2214],[152.5857,-3.1693],[152.5425,-3.0964],[152.5713,-3.0617],[152.6397,-3.0426],[152.6721,-3.1329]]],[[[152.0997,-2.9471],[152.0889,-2.9975],[152.0565,-2.9957],[151.9701,-2.8968],[151.9557,-2.8707],[151.9737,-2.8464],[152.0745,-2.9176],[152.0997,-2.9471]]],[[[151.9557,-2.8308],[151.9341,-2.8308],[151.9305,-2.7509],[151.9449,-2.7093],[152.0025,-2.7371],[152.0097,-2.81],[151.9557,-2.8308]]],[[[149.7669,-1.5531],[149.7633,-1.5896],[149.6913,-1.5705],[149.6697,-1.5757],[149.5473,-1.4715],[149.5473,-1.4073],[149.5797,-1.3535],[149.6337,-1.3621],[149.7237,-1.4298],[149.7669,-1.5531]]],[[[150.4365,-2.6624],[150.2385,-2.6763],[150.1665,-2.6607],[150.1017,-2.6034],[150.0441,-2.5131],[149.9865,-2.4923],[149.9613,-2.4732],[150.1017,-2.4055],[150.2277,-2.3846],[150.4293,-2.4697],[150.4509,-2.5131],[150.4509,-2.5409],[150.4473,-2.6329],[150.4365,-2.6624]]],[[[151.0809,-10.0196],[151.1241,-10.0196],[151.1961,-9.9449],[151.2573,-9.9224],[151.2969,-9.9571],[151.2321,-10.1949],[151.1745,-10.1585],[150.9585,-10.0925],[150.9513,-9.9988],[150.8973,-9.9675],[150.8613,-9.8755],[150.7893,-9.7748],[150.7749,-9.7088],[150.8181,-9.7366],[150.8613,-9.8026],[151.0521,-9.9397],[151.0449,-9.9831],[151.0809,-10.0196]]],[[[150.3465,-9.4936],[150.3321,-9.5179],[150.2745,-9.5005],[150.1089,-9.3616],[150.1341,-9.2592],[150.2097,-9.2071],[150.3213,-9.2644],[150.3573,-9.3495],[150.3681,-9.3964],[150.3465,-9.4936]]],[[[150.5301,-9.346],[150.6705,-9.4293],[150.7461,-9.405],[150.7893,-9.4172],[150.8793,-9.5127],[150.8829,-9.5821],[150.8973,-9.6411],[150.8937,-9.6672],[150.8433,-9.7036],[150.8469,-9.662],[150.8109,-9.655],[150.6777,-9.6568],[150.5769,-9.6307],[150.4365,-9.6238],[150.4941,-9.5613],[150.5085,-9.537],[150.4329,-9.4346],[150.4329,-9.3859],[150.4365,-9.3599],[150.4977,-9.346],[150.5301,-9.346]]],[[[151.1061,-8.7332],[151.1241,-8.8044],[151.0449,-8.728],[151.0809,-8.6412],[151.0881,-8.5943],[151.0845,-8.5683],[151.0053,-8.5231],[151.0449,-8.4502],[151.0917,-8.4259],[151.1169,-8.419],[151.1169,-8.5214],[151.1385,-8.5683],[151.1061,-8.7332]]],[[[152.6325,-8.9589],[152.6901,-8.9745],[152.8089,-8.9676],[152.8485,-9.0249],[152.9061,-9.044],[152.9529,-9.07],[152.9961,-9.1082],[152.9961,-9.1308],[152.9853,-9.1516],[152.9601,-9.1689],[152.9673,-9.2089],[152.9241,-9.2037],[152.8665,-9.2245],[152.7585,-9.1776],[152.7189,-9.1672],[152.7081,-9.1255],[152.6397,-9.0578],[152.5137,-9.0092],[152.5785,-8.9693],[152.6325,-8.9589]]],[[[150.8973,-10.5647],[150.8829,-10.6428],[150.8037,-10.6202],[150.7857,-10.6029],[150.8001,-10.5543],[150.8721,-10.5525],[150.8973,-10.5647]]],[[[154.2813,-11.3615],[154.2669,-11.4153],[154.2309,-11.398],[154.1229,-11.4257],[154.0653,-11.4188],[154.0329,-11.3702],[154.0221,-11.3476],[154.1193,-11.365],[154.1013,-11.3112],[154.2381,-11.3389],[154.2813,-11.3615]]],[[[153.5361,-11.4761],[153.7017,-11.5282],[153.7593,-11.5872],[153.6981,-11.6132],[153.5541,-11.6306],[153.5181,-11.5959],[153.3777,-11.5594],[153.3561,-11.4952],[153.2877,-11.5178],[153.3237,-11.4709],[153.2337,-11.4205],[153.2085,-11.3511],[153.2049,-11.3233],[153.3057,-11.3563],[153.5361,-11.4761]]],[[[143.5856,-8.4815],[143.5424,-8.485],[143.366,-8.4173],[143.3228,-8.3669],[143.528,-8.3791],[143.582,-8.3912],[143.5928,-8.4607],[143.5856,-8.4815]]],[[[143.5892,-8.6343],[143.6072,-8.6777],[143.4632,-8.6169],[143.3228,-8.5162],[143.2544,-8.4902],[143.2076,-8.4242],[143.294,-8.4728],[143.4416,-8.5197],[143.5892,-8.6343]]],[[[135.3848,-0.6521],[135.5972,-0.6903],[135.6728,-0.6886],[135.7484,-0.732],[135.842,-0.7111],[135.8924,-0.725],[136.0688,-0.8778],[136.1552,-0.9785],[136.2812,-1.0653],[136.3748,-1.0948],[136.3064,-1.1729],[136.166,-1.2146],[136.112,-1.2163],[136.004,-1.1694],[135.914,-1.1781],[135.8384,-1.1191],[135.824,-1.0288],[135.7484,-0.8222],[135.644,-0.8813],[135.5252,-0.7875],[135.4928,-0.7858],[135.482,-0.8014],[135.4316,-0.7684],[135.3884,-0.7042],[135.3848,-0.6521]]],[[[135.4748,-1.5913],[135.8708,-1.6416],[135.9752,-1.6347],[136.202,-1.6555],[136.3892,-1.7215],[136.7168,-1.7336],[136.8176,-1.7545],[136.8932,-1.7996],[136.7096,-1.8378],[136.6232,-1.8725],[136.4612,-1.8899],[136.3244,-1.8725],[136.2272,-1.8934],[136.1912,-1.8586],[136.0508,-1.8239],[135.8672,-1.7527],[135.4892,-1.6677],[135.4712,-1.6156],[135.4748,-1.5913]]],[[[134.9635,-1.1156],[134.9167,-1.1347],[134.8627,-1.1139],[134.8087,-1.0375],[134.8267,-0.9785],[134.8879,-0.9386],[134.9419,-0.9785],[134.9563,-1.0306],[134.9959,-1.034],[134.9635,-1.1156]]],[[[134.3731,-2.1242],[134.3443,-2.1381],[134.3335,-2.0947],[134.3515,-2.0374],[134.3695,-2.027],[134.3911,-2.0305],[134.4199,-2.0513],[134.3731,-2.1242]]],[[[138.8948,-8.3895],[138.8444,-8.4016],[138.596,-8.3721],[138.5672,-8.3305],[138.5636,-8.3096],[138.6212,-8.268],[138.6752,-8.1985],[138.7616,-8.1742],[138.7976,-8.1742],[138.8984,-8.3374],[138.8948,-8.3895]]],[[[133.5703,-4.2456],[133.6207,-4.2995],[133.5019,-4.2578],[133.3327,-4.1693],[133.3219,-4.1102],[133.4659,-4.2005],[133.5703,-4.2456]]],[[[130.3519,-1.6902],[130.3663,-1.7493],[130.4239,-1.8048],[130.4059,-1.8899],[130.3807,-1.902],[130.3951,-1.942],[130.4203,-1.9715],[130.3735,-1.9923],[130.3375,-1.9819],[130.2835,-2.0097],[130.2475,-2.0479],[130.1323,-2.0635],[130.0927,-2.0288],[129.8875,-1.9871],[129.7543,-1.8951],[129.7363,-1.8673],[129.9919,-1.7597],[130.1071,-1.7302],[130.2007,-1.7319],[130.3195,-1.692],[130.3519,-1.6902]]],[[[131.0035,-1.3153],[130.9675,-1.343],[130.8451,-1.317],[130.7839,-1.2562],[130.7407,-1.1729],[130.7119,-1.1052],[130.7047,-1.0497],[130.6687,-0.9837],[130.6723,-0.9594],[130.8955,-0.8899],[130.9387,-0.916],[131.0323,-0.9177],[131.0755,-0.9681],[131.0467,-1.1885],[131.0035,-1.3153]]],[[[130.9063,-0.7771],[130.8811,-0.8292],[130.8307,-0.8622],[130.4023,-0.9247],[130.4383,-0.8882],[130.4563,-0.8518],[130.4851,-0.8327],[130.5283,-0.8379],[130.5499,-0.8257],[130.5679,-0.8222],[130.5931,-0.8274],[130.6363,-0.8118],[130.7227,-0.8222],[130.8127,-0.8136],[130.8055,-0.765],[130.9063,-0.7771]]],[[[130.6255,-0.5289],[130.5679,-0.5306],[130.4671,-0.4872],[130.5247,-0.449],[130.5643,-0.4403],[130.5967,-0.4177],[130.6147,-0.4177],[130.6579,-0.4368],[130.6831,-0.4698],[130.6255,-0.5289]]],[[[130.8127,-0.0046],[130.9855,-0.0462],[131.0251,-0.0393],[131.2771,-0.1504],[131.3167,-0.2042],[131.3023,-0.2407],[131.3383,-0.291],[131.2591,-0.3657],[131.2195,-0.3743],[131.1763,-0.3466],[131.0971,-0.3292],[131.0071,-0.3605],[130.9459,-0.3379],[130.8955,-0.2685],[130.8091,-0.2268],[130.6831,-0.081],[130.6219,-0.0862],[130.6399,-0.1435],[130.6903,-0.1799],[130.7623,-0.291],[130.8019,-0.3014],[130.8415,-0.298],[130.8991,-0.3448],[130.8955,-0.416],[130.7515,-0.4438],[130.7011,-0.3917],[130.6903,-0.2962],[130.6075,-0.3292],[130.5751,-0.3622],[130.5499,-0.3657],[130.4959,-0.2667],[130.3411,-0.2615],[130.2367,-0.2094],[130.2871,-0.1539],[130.2943,-0.1018],[130.3627,-0.0723],[130.4311,-0.0983],[130.4995,-0.0601],[130.5499,-0.0705],[130.5859,-0.0462],[130.7227,-0.0306],[130.8127,-0.0046]]],[[[129.5491,-0.1869],[129.5059,-0.1903],[129.4699,-0.1313],[129.3691,-0.0671],[129.3079,0.0458],[129.5419,-0.14],[129.5491,-0.1869]]],[[[128.4547,2.0526],[128.2963,2.0352],[128.2603,2.0821],[128.2171,2.2974],[128.3287,2.4692],[128.4727,2.5699],[128.5699,2.596],[128.6023,2.5977],[128.6887,2.4744],[128.6239,2.2244],[128.5483,2.0977],[128.4547,2.0526]]],[[[127.4539,-0.0063],[127.4503,-0.0358],[127.4179,0.0058],[127.3963,0.0163],[127.4179,0.1239],[127.4323,0.143],[127.4503,0.0683],[127.4539,-0.0063]]],[[[127.4215,0.6429],[127.3855,0.6308],[127.3747,0.6343],[127.3639,0.6759],[127.3819,0.7436],[127.4251,0.7436],[127.4431,0.7332],[127.4467,0.6829],[127.4215,0.6429]]],[[[127.2487,-0.4959],[127.1875,-0.5219],[127.1191,-0.5202],[127.1047,-0.4143],[127.1263,-0.2789],[127.1911,-0.2563],[127.2883,-0.2841],[127.2523,-0.3188],[127.2811,-0.3917],[127.2487,-0.4959]]],[[[127.2991,-0.7806],[127.2883,-0.8014],[127.1839,-0.7754],[127.1551,-0.7615],[127.2091,-0.6191],[127.2595,-0.6226],[127.3027,-0.758],[127.2991,-0.7806]]],[[[127.5655,-0.3188],[127.6807,-0.4681],[127.6051,-0.6104],[127.6591,-0.6903],[127.8031,-0.6938],[127.8391,-0.7233],[127.8643,-0.7597],[127.8787,-0.8084],[127.8427,-0.8483],[127.7599,-0.883],[127.6663,-0.8327],[127.6411,-0.784],[127.6231,-0.7667],[127.4971,-0.8031],[127.4611,-0.8066],[127.4395,-0.7389],[127.4683,-0.6434],[127.3819,-0.6],[127.2991,-0.5011],[127.2955,-0.4594],[127.3279,-0.3917],[127.3243,-0.3362],[127.3711,-0.3309],[127.4539,-0.4056],[127.4935,-0.3362],[127.5259,-0.3066],[127.5655,-0.3188]]],[[[128.1523,-1.6607],[128.0911,-1.7007],[128.0623,-1.7128],[127.9147,-1.685],[127.7419,-1.6902],[127.5619,-1.7284],[127.4575,-1.6972],[127.3927,-1.6451],[127.3963,-1.5896],[127.4575,-1.4541],[127.5907,-1.35],[127.6483,-1.3326],[127.7419,-1.3604],[127.9039,-1.4385],[128.0335,-1.5323],[128.1487,-1.6034],[128.1523,-1.6607]]],[[[134.7475,-5.7074],[134.7403,-5.7455],[134.7367,-5.8167],[134.7547,-5.8827],[134.7115,-5.9504],[134.7511,-6.0493],[134.7583,-6.0997],[134.7547,-6.1709],[134.7439,-6.2021],[134.7151,-6.2959],[134.6827,-6.3288],[134.6611,-6.3375],[134.6359,-6.3653],[134.4415,-6.334],[134.3551,-6.2698],[134.2795,-6.2004],[134.2651,-6.1709],[134.1751,-6.091],[134.1535,-6.0632],[134.1535,-6.0198],[134.2255,-6.0077],[134.3011,-6.0094],[134.2975,-5.9712],[134.3443,-5.8323],[134.2255,-5.7438],[134.2039,-5.7074],[134.2471,-5.6813],[134.3407,-5.7126],[134.4559,-5.5581],[134.4919,-5.5251],[134.5063,-5.4383],[134.5711,-5.4279],[134.6179,-5.4383],[134.6467,-5.4921],[134.6575,-5.539],[134.6467,-5.5806],[134.7007,-5.6032],[134.7475,-5.7074]]],[[[134.5351,-6.4417],[134.5207,-6.5129],[134.5027,-6.591],[134.4127,-6.6795],[134.3551,-6.8149],[134.3227,-6.8479],[134.2003,-6.9087],[134.0923,-6.834],[134.0599,-6.7698],[134.1067,-6.4712],[134.1535,-6.4816],[134.1859,-6.4799],[134.1931,-6.459],[134.1247,-6.4261],[134.1103,-6.2559],[134.1139,-6.19],[134.1679,-6.1761],[134.2327,-6.2264],[134.3191,-6.3167],[134.4163,-6.3861],[134.5351,-6.4417]]],[[[132.9259,-5.9018],[132.8467,-5.9886],[132.9223,-5.7855],[132.9367,-5.683],[133.0087,-5.6206],[133.1131,-5.3098],[133.1383,-5.3185],[133.1743,-5.348],[133.1203,-5.5754],[132.9727,-5.7351],[132.9259,-5.9018]]],[[[132.8071,-5.8514],[132.7459,-5.9469],[132.7063,-5.9139],[132.6811,-5.9122],[132.6667,-5.8566],[132.6811,-5.7386],[132.6307,-5.6067],[132.6991,-5.6084],[132.7171,-5.6483],[132.7387,-5.6622],[132.8035,-5.7889],[132.8071,-5.8514]]],[[[128.7211,-3.546],[128.7211,-3.5894],[128.7139,-3.6033],[128.6599,-3.5877],[128.6203,-3.5894],[128.5843,-3.513],[128.5951,-3.4957],[128.6671,-3.5165],[128.6923,-3.5252],[128.7211,-3.546]]],[[[128.5627,-3.586],[128.3899,-3.638],[128.4295,-3.5408],[128.4511,-3.5148],[128.5375,-3.5408],[128.5627,-3.586]]],[[[128.2747,-3.6745],[128.2495,-3.7109],[128.1919,-3.7353],[128.1415,-3.7335],[128.1595,-3.6971],[128.1451,-3.678],[128.1091,-3.6866],[128.0515,-3.7144],[127.9795,-3.7717],[127.9327,-3.7439],[127.9255,-3.6988],[127.9291,-3.6797],[128.0155,-3.6016],[128.1199,-3.5877],[128.2639,-3.513],[128.3287,-3.5165],[128.3143,-3.5634],[128.2927,-3.5981],[128.2783,-3.6328],[128.2747,-3.6745]]],[[[123.1806,-4.5512],[123.2022,-4.7664],[123.195,-4.822],[123.141,-4.7404],[123.1194,-4.723],[123.105,-4.7404],[123.0834,-4.7491],[123.0546,-4.7491],[123.0186,-4.8324],[123.015,-4.9105],[122.9862,-4.9626],[122.9718,-5.1379],[122.9826,-5.1866],[123.0258,-5.1622],[123.051,-5.157],[123.1482,-5.2247],[123.2022,-5.2734],[123.1878,-5.3324],[123.1194,-5.3931],[123.0438,-5.4192],[122.9862,-5.3931],[122.9682,-5.4053],[122.9358,-5.4365],[122.907,-5.4782],[122.9178,-5.5199],[122.8494,-5.6379],[122.8134,-5.6709],[122.7342,-5.6344],[122.6838,-5.6657],[122.6442,-5.664],[122.5866,-5.5442],[122.5866,-5.4886],[122.6406,-5.4261],[122.6442,-5.381],[122.6694,-5.3306],[122.7306,-5.2612],[122.7666,-5.2109],[122.7666,-5.1779],[122.7954,-5.0529],[122.8026,-5.0008],[122.8206,-4.9452],[122.8494,-4.8307],[122.853,-4.6189],[122.9466,-4.4435],[123.0366,-4.3949],[123.0762,-4.3863],[123.069,-4.4331],[123.1806,-4.5512]]],[[[122.6442,-5.2699],[122.619,-5.3358],[122.565,-5.3879],[122.5182,-5.3914],[122.475,-5.381],[122.3922,-5.3358],[122.3706,-5.3827],[122.3058,-5.381],[122.2842,-5.3202],[122.3274,-5.1379],[122.3958,-5.0702],[122.3886,-4.9991],[122.3346,-4.8463],[122.3706,-4.7664],[122.5254,-4.7074],[122.6586,-4.6345],[122.7018,-4.6189],[122.7414,-4.6744],[122.7594,-4.9331],[122.6154,-5.1379],[122.6442,-5.2699]]],[[[122.043,-5.4383],[121.9782,-5.4643],[121.8594,-5.3497],[121.809,-5.256],[121.8198,-5.2022],[121.8558,-5.157],[121.8738,-5.1449],[121.8666,-5.0963],[121.9134,-5.072],[121.9674,-5.0754],[121.9998,-5.1414],[122.0394,-5.1588],[122.061,-5.2213],[122.043,-5.4383]]],[[[123.2418,-4.1137],[123.1446,-4.2335],[123.0762,-4.2265],[122.9934,-4.1484],[122.9718,-4.0616],[122.9682,-4.0304],[123.0258,-3.9818],[123.213,-3.9974],[123.2454,-4.0408],[123.2418,-4.1137]]],[[[126.0535,-2.4506],[126.0391,-2.4697],[125.9779,-2.4159],[125.9383,-2.2631],[125.9023,-2.2215],[125.8627,-2.0774],[125.8735,-2.0357],[125.9239,-1.9749],[125.9635,-1.9749],[125.9923,-2.0114],[125.9743,-2.1676],[126.0643,-2.3655],[126.0535,-2.4506]]],[[[126.0247,-1.7892],[126.3307,-1.8222],[126.2875,-1.8586],[125.9563,-1.9159],[125.8375,-1.9055],[125.4775,-1.9402],[125.4343,-1.9385],[125.4271,-1.8829],[125.3875,-1.843],[125.4451,-1.8083],[125.5207,-1.8013],[125.7187,-1.8135],[126.0247,-1.7892]]],[[[124.9698,-1.7059],[125.0635,-1.7406],[125.0959,-1.7406],[125.1283,-1.6989],[125.1463,-1.692],[125.1895,-1.7128],[125.1967,-1.7805],[125.2579,-1.7701],[125.3047,-1.7944],[125.3191,-1.81],[125.3155,-1.8777],[125.1355,-1.8881],[125.0059,-1.9437],[124.833,-1.8951],[124.6386,-1.9784],[124.5198,-2.0062],[124.419,-2.0045],[124.329,-1.8586],[124.3794,-1.6868],[124.419,-1.659],[124.4838,-1.6451],[124.6638,-1.6364],[124.9698,-1.7059]]],[[[123.8466,-1.9558],[123.8646,-1.9958],[123.8034,-1.994],[123.7782,-1.9194],[123.7818,-1.8777],[123.8466,-1.9558]]],[[[123.213,-1.1712],[123.2346,-1.2337],[123.1986,-1.2875],[123.2382,-1.3899],[123.339,-1.2545],[123.4362,-1.2371],[123.4902,-1.2597],[123.5262,-1.2858],[123.5478,-1.3378],[123.5118,-1.4472],[123.447,-1.4993],[123.3678,-1.508],[123.3282,-1.4437],[123.2742,-1.4368],[123.2382,-1.5774],[123.2202,-1.5982],[123.1734,-1.6156],[123.1302,-1.5774],[123.123,-1.5566],[123.1842,-1.4923],[123.1518,-1.3048],[123.105,-1.3396],[122.9826,-1.5114],[122.889,-1.5878],[122.8602,-1.5479],[122.8098,-1.4316],[122.8314,-1.2823],[122.907,-1.1816],[122.9718,-1.1885],[123.159,-1.1573],[123.213,-1.1712]]],[[[123.1518,-1.817],[123.0798,-1.8986],[123.0726,-1.8552],[123.087,-1.8152],[123.105,-1.7875],[123.1374,-1.7718],[123.1518,-1.817]]],[[[121.863,-0.4073],[121.9062,-0.4507],[121.881,-0.5028],[121.8486,-0.4907],[121.755,-0.4907],[121.7226,-0.4941],[121.6794,-0.5254],[121.6542,-0.5254],[121.6722,-0.4785],[121.7478,-0.4073],[121.7982,-0.4177],[121.863,-0.4073]]],[[[126.8167,4.0334],[126.7771,4.0125],[126.7123,4.0195],[126.7051,4.0716],[126.7699,4.1618],[126.8131,4.259],[126.7663,4.2833],[126.7231,4.3441],[126.7195,4.4153],[126.7591,4.5472],[126.8131,4.5368],[126.8635,4.4795],[126.8851,4.3719],[126.9211,4.2903],[126.8491,4.1792],[126.8167,4.0334]]],[[[126.7195,3.8754],[126.7231,3.832],[126.6619,3.9292],[126.6367,4.042],[126.6871,4.0021],[126.7411,3.9171],[126.7195,3.8754]]],[[[126.8527,3.7678],[126.8347,3.7573],[126.7987,3.7834],[126.7771,3.8129],[126.7807,3.8424],[126.8059,3.858],[126.8563,3.8129],[126.8563,3.7869],[126.8527,3.7678]]],[[[125.6575,3.4362],[125.6323,3.4049],[125.5099,3.4605],[125.5171,3.549],[125.5027,3.5924],[125.4703,3.6393],[125.4559,3.6844],[125.4703,3.733],[125.5423,3.6705],[125.5855,3.5716],[125.6431,3.4761],[125.6575,3.4362]]],[[[125.4091,2.6515],[125.3983,2.6289],[125.3587,2.747],[125.3911,2.806],[125.4343,2.7834],[125.4451,2.7626],[125.4055,2.7071],[125.4091,2.6515]]],[[[120.5274,-6.2976],[120.4878,-6.4642],[120.4662,-6.407],[120.459,-6.2542],[120.4338,-6.1795],[120.4518,-6.0945],[120.4482,-5.8757],[120.477,-5.7751],[120.5346,-5.9035],[120.549,-5.9695],[120.5274,-6.2976]]],[[[131.9827,-7.2021],[131.9683,-7.2507],[131.9251,-7.2246],[131.8855,-7.1673],[131.8243,-7.1587],[131.7775,-7.1448],[131.7523,-7.117],[131.9215,-7.1048],[131.9827,-7.2021]]],[[[130.8631,-8.3183],[130.7767,-8.3495],[130.8343,-8.2714],[131.0215,-8.0909],[131.0863,-8.1239],[131.1763,-8.1308],[131.0431,-8.2124],[130.9063,-8.2454],[130.8631,-8.3183]]],[[[131.3239,-7.9989],[131.3095,-8.011],[131.1835,-7.9971],[131.1151,-7.9971],[131.1223,-7.9225],[131.0863,-7.8652],[131.1367,-7.7819],[131.1367,-7.6847],[131.1907,-7.6725],[131.1979,-7.617],[131.2591,-7.4711],[131.2951,-7.4381],[131.3491,-7.426],[131.4103,-7.3409],[131.4463,-7.3149],[131.4823,-7.2507],[131.5363,-7.2211],[131.5291,-7.1656],[131.5615,-7.1361],[131.6443,-7.1135],[131.7019,-7.1396],[131.7379,-7.1968],[131.6443,-7.2663],[131.6911,-7.4381],[131.6227,-7.6256],[131.5795,-7.6829],[131.4967,-7.7298],[131.4751,-7.7767],[131.3779,-7.8687],[131.3491,-7.9485],[131.3419,-7.9815],[131.3239,-7.9989]]],[[[129.8371,-7.9537],[129.7795,-8.0457],[129.7147,-8.0405],[129.5923,-7.9173],[129.5995,-7.8305],[129.6103,-7.8027],[129.6571,-7.794],[129.8119,-7.8201],[129.8443,-7.8895],[129.8371,-7.9537]]],[[[128.6707,-7.183],[128.6239,-7.209],[128.5519,-7.1569],[128.5303,-7.1343],[128.5771,-7.084],[128.6275,-7.0684],[128.6599,-7.0909],[128.6743,-7.1135],[128.6671,-7.1378],[128.6707,-7.183]]],[[[127.8247,-8.0996],[127.9975,-8.1395],[128.0983,-8.1343],[128.1199,-8.1707],[128.0227,-8.2558],[127.8211,-8.1898],[127.7851,-8.1204],[127.8247,-8.0996]]],[[[127.4179,-7.6239],[127.3567,-7.6465],[127.3747,-7.5718],[127.3711,-7.5128],[127.4755,-7.5319],[127.4755,-7.5788],[127.4647,-7.5961],[127.4179,-7.6239]]],[[[126.8023,-7.6673],[126.8131,-7.7159],[126.8131,-7.7385],[126.6943,-7.7541],[126.5791,-7.8079],[126.5179,-7.8704],[126.4711,-7.9503],[126.3127,-7.9173],[126.1723,-7.9121],[126.1075,-7.8843],[126.0391,-7.886],[125.9527,-7.9103],[125.8267,-7.9798],[125.7979,-7.985],[125.8087,-7.8808],[125.8447,-7.8166],[125.9743,-7.6638],[126.0859,-7.6968],[126.2155,-7.7072],[126.3595,-7.676],[126.4639,-7.6083],[126.6079,-7.5718],[126.7267,-7.6621],[126.8023,-7.6673]]],[[[125.6467,-8.1395],[125.5783,-8.3114],[125.5063,-8.2749],[125.5855,-8.1794],[125.6215,-8.1499],[125.6467,-8.1395]]],[[[123.4146,-10.3026],[123.3246,-10.3373],[123.3246,-10.2644],[123.3966,-10.1706],[123.4578,-10.1394],[123.4938,-10.1776],[123.4974,-10.1932],[123.4038,-10.2279],[123.4146,-10.3026]]],[[[122.9502,-10.9084],[122.8566,-10.9102],[122.8278,-10.8997],[122.817,-10.8112],[122.8458,-10.7626],[123.0618,-10.6984],[123.1446,-10.6393],[123.267,-10.5178],[123.339,-10.4866],[123.357,-10.4727],[123.3714,-10.4744],[123.3822,-10.5682],[123.4146,-10.622],[123.4182,-10.6515],[123.3102,-10.6984],[123.2166,-10.806],[123.0042,-10.8772],[122.9502,-10.9084]]],[[[121.8846,-10.5907],[121.8342,-10.6029],[121.7262,-10.5734],[121.7046,-10.556],[121.7946,-10.5074],[121.8666,-10.4397],[121.9494,-10.4328],[121.9998,-10.4466],[121.9818,-10.5282],[121.8846,-10.5907]]],[[[124.5738,-8.1412],[124.599,-8.202],[124.6782,-8.1673],[124.7538,-8.1603],[124.923,-8.1655],[125.0491,-8.1794],[125.1247,-8.2055],[125.1319,-8.327],[125.0959,-8.353],[124.4442,-8.445],[124.3794,-8.4155],[124.3542,-8.386],[124.4262,-8.2957],[124.3938,-8.2523],[124.4298,-8.1829],[124.509,-8.136],[124.5738,-8.1412]]],[[[124.2858,-8.3287],[124.2246,-8.3912],[124.185,-8.4988],[124.1454,-8.5318],[124.0662,-8.5509],[124.0158,-8.4433],[123.9294,-8.4485],[123.9726,-8.3548],[124.0122,-8.3183],[124.0698,-8.3183],[124.095,-8.3565],[124.1094,-8.3634],[124.239,-8.2037],[124.2642,-8.202],[124.2858,-8.2089],[124.3038,-8.228],[124.2858,-8.3287]]],[[[123.9258,-8.2732],[123.7854,-8.2992],[123.699,-8.4242],[123.6306,-8.4225],[123.591,-8.478],[123.5838,-8.5023],[123.5874,-8.5231],[123.5802,-8.5457],[123.5514,-8.5665],[123.4902,-8.5318],[123.4326,-8.5752],[123.411,-8.5874],[123.3282,-8.5353],[123.2526,-8.5388],[123.231,-8.5301],[123.3246,-8.4398],[123.4542,-8.353],[123.4758,-8.3218],[123.4254,-8.3131],[123.3966,-8.3009],[123.3894,-8.2801],[123.4722,-8.268],[123.5298,-8.2645],[123.573,-8.2923],[123.6018,-8.2905],[123.7746,-8.1898],[123.8466,-8.2141],[123.897,-8.2384],[123.9258,-8.2732]]],[[[123.3174,-8.3548],[123.2958,-8.3982],[123.0258,-8.3947],[123.033,-8.3374],[123.1086,-8.2749],[123.1338,-8.2541],[123.2166,-8.235],[123.3354,-8.2697],[123.3174,-8.3548]]],[[[119.4654,-8.7402],[119.4258,-8.7506],[119.3862,-8.7367],[119.4006,-8.6464],[119.379,-8.5874],[119.4186,-8.5388],[119.4294,-8.4554],[119.4474,-8.4294],[119.469,-8.4554],[119.4834,-8.4728],[119.5014,-8.4815],[119.5482,-8.4832],[119.559,-8.5197],[119.5554,-8.5527],[119.5374,-8.5891],[119.4834,-8.629],[119.4438,-8.6724],[119.4654,-8.7402]]],[[[119.073,-8.2384],[119.0298,-8.2402],[119.0226,-8.2003],[119.037,-8.1586],[119.0802,-8.1395],[119.0982,-8.1395],[119.127,-8.1777],[119.1342,-8.1968],[119.1054,-8.2228],[119.073,-8.2384]]],[[[115.6098,-8.7697],[115.581,-8.8044],[115.5018,-8.7436],[115.4802,-8.7158],[115.5414,-8.6759],[115.563,-8.6707],[115.6134,-8.7124],[115.6098,-8.7697]]],[[[115.3758,-6.9712],[115.2966,-6.9885],[115.221,-6.9521],[115.221,-6.9052],[115.239,-6.8618],[115.3542,-6.8392],[115.4154,-6.8392],[115.4802,-6.8705],[115.5234,-6.9017],[115.545,-6.9382],[115.4226,-6.9399],[115.3758,-6.9712]]],[[[112.7189,-5.8115],[112.6973,-5.8462],[112.6037,-5.8445],[112.5857,-5.8028],[112.6469,-5.7317],[112.6901,-5.7264],[112.7261,-5.7525],[112.7189,-5.8115]]],[[[117.9246,4.0542],[117.7374,4.0039],[117.6258,4.1219],[117.6654,4.2035],[117.6618,4.2504],[117.7086,4.2625],[117.7626,4.2521],[117.885,4.1861],[117.9174,4.0907],[117.9246,4.0542]]],[[[117.6582,3.2799],[117.6474,3.247],[117.561,3.3285],[117.5358,3.3858],[117.5466,3.4327],[117.6366,3.4362],[117.6798,3.4067],[117.6582,3.2799]]],[[[116.4234,-3.4644],[116.3874,-3.6363],[116.3262,-3.5391],[116.3946,-3.4228],[116.427,-3.4002],[116.4234,-3.4644]]],[[[116.3046,-3.8689],[116.0922,-4.0547],[116.0598,-4.0061],[116.0778,-3.8168],[116.0166,-3.7005],[116.0238,-3.612],[116.0634,-3.4575],[116.1174,-3.3394],[116.2398,-3.2596],[116.2686,-3.2509],[116.2614,-3.395],[116.2866,-3.4488],[116.2938,-3.4957],[116.283,-3.5356],[116.3046,-3.7179],[116.319,-3.763],[116.2902,-3.8203],[116.3046,-3.8689]]],[[[108.9533,-1.6191],[108.8381,-1.6625],[108.8021,-1.567],[108.8777,-1.5392],[108.9569,-1.5635],[108.9533,-1.6191]]],[[[109.7093,-1.1799],[109.5113,-1.2823],[109.4645,-1.2771],[109.4285,-1.2406],[109.4501,-1.0444],[109.4753,-0.9854],[109.6157,-0.9785],[109.6985,-1.008],[109.7417,-1.0392],[109.7597,-1.1052],[109.7525,-1.1451],[109.7093,-1.1799]]],[[[108.8885,2.905],[108.8381,2.8529],[108.7877,2.8859],[108.8669,2.9918],[108.8849,2.9987],[108.8885,2.905]]],[[[108.3161,3.6896],[108.1793,3.6532],[108.1001,3.7053],[108.1865,3.7678],[108.2153,3.773],[108.2369,3.7851],[108.2441,3.8112],[108.0893,3.8528],[108.0461,3.8893],[108.0029,3.983],[108.0029,4.042],[108.2009,4.2],[108.2477,4.2174],[108.2549,4.1514],[108.3917,3.9865],[108.3989,3.8754],[108.3953,3.8355],[108.3161,3.6896]]],[[[106.2857,3.1567],[106.2821,3.089],[106.2137,3.1289],[106.1993,3.2053],[106.2245,3.2296],[106.2713,3.2157],[106.2857,3.1567]]],[[[105.7601,2.8633],[105.7169,2.8598],[105.7061,2.8893],[105.7097,2.9397],[105.7025,2.9813],[105.6917,3.0109],[105.6917,3.0629],[105.7313,3.0369],[105.7601,3.0126],[105.7961,2.9952],[105.8213,2.9848],[105.8357,2.9761],[105.8105,2.9032],[105.7601,2.8633]]],[[[101.7064,2.0786],[101.764,1.997],[101.7748,1.9432],[101.7352,1.8825],[101.7208,1.7887],[101.602,1.7158],[101.5012,1.7332],[101.4688,1.7592],[101.404,1.9016],[101.4112,2.0213],[101.4508,2.0682],[101.5444,2.0613],[101.6416,2.1272],[101.7064,2.0786]]],[[[102.4264,0.9901],[102.3796,0.9589],[102.3256,1.0075],[102.2788,1.0752],[102.2572,1.1464],[102.2356,1.2644],[102.2284,1.3478],[102.2572,1.3964],[102.2752,1.3946],[102.358,1.346],[102.412,1.261],[102.4444,1.2349],[102.448,1.1568],[102.43,1.0665],[102.4264,0.9901]]],[[[102.4912,1.4589],[102.4984,1.3304],[102.4264,1.3651],[102.3652,1.4155],[102.2752,1.4537],[102.16,1.4658],[102.0772,1.4988],[102.0196,1.5578],[102.0196,1.5856],[102.0232,1.6082],[102.0412,1.6255],[102.4696,1.5092],[102.4912,1.4589]]],[[[103.0276,0.7471],[103.0096,0.7089],[102.97,0.7367],[102.7756,0.7801],[102.7108,0.7836],[102.5416,0.8322],[102.4912,0.8565],[102.4552,0.8895],[102.466,0.9502],[102.4912,0.9867],[102.5056,1.0891],[102.5488,1.1308],[102.6316,1.0544],[102.7252,0.9884],[102.7792,0.9589],[102.9448,0.8929],[103.0024,0.8599],[103.0276,0.7471]]],[[[103.168,0.8704],[103.1356,0.8409],[103.0852,0.8478],[103.0348,0.8825],[102.9628,0.9433],[102.8872,0.9971],[102.7864,1.0318],[102.7252,1.0405],[102.7036,1.0544],[102.7252,1.1585],[102.79,1.1655],[102.9988,1.0683],[103.0672,1.0145],[103.168,0.8704]]],[[[103.2832,0.5423],[103.1716,0.5353],[103.1392,0.5492],[103.1536,0.6429],[103.186,0.7002],[103.2364,0.6985],[103.294,0.6134],[103.2832,0.5423]]],[[[103.4236,1.0492],[103.4308,0.9936],[103.3624,1.0075],[103.3156,1.0717],[103.3552,1.1169],[103.3804,1.1342],[103.4056,1.0717],[103.4236,1.0492]]],[[[103.4488,0.6638],[103.4308,0.6516],[103.3444,0.7784],[103.366,0.8513],[103.3876,0.8704],[103.4344,0.8252],[103.4704,0.7784],[103.4992,0.7228],[103.4488,0.6638]]],[[[103.8268,0.8009],[103.834,0.7714],[103.744,0.8304],[103.7404,0.8721],[103.7512,0.8912],[103.8052,0.8461],[103.8268,0.8009]]],[[[104.0248,1.1811],[104.0896,1.1377],[104.14,1.1655],[104.1364,1.129],[104.1256,1.0926],[104.0644,0.9901],[103.9636,1.0127],[103.9384,1.0457],[103.9312,1.0717],[103.9456,1.0874],[103.9564,1.1377],[103.9996,1.1377],[104.0248,1.1811]]],[[[104.5864,1.2158],[104.59,1.1412],[104.6476,1.1047],[104.662,1.0492],[104.6512,0.9606],[104.6008,0.8582],[104.5756,0.8322],[104.5036,0.853],[104.482,0.886],[104.4712,0.9138],[104.482,0.9329],[104.428,0.9572],[104.464,0.9954],[104.4388,1.0509],[104.2948,1.0162],[104.2516,1.0145],[104.2444,1.0769],[104.2516,1.103],[104.3632,1.1811],[104.428,1.1967],[104.5,1.1794],[104.5864,1.2158]]],[[[104.2408,0.8339],[104.176,0.8044],[104.0968,0.8964],[104.1004,0.9172],[104.1076,0.9329],[104.122,0.9433],[104.1688,0.8964],[104.2264,0.879],[104.2408,0.8339]]],[[[104.6908,0.0597],[104.698,0.0353],[104.6512,0.0631],[104.6224,0.0805],[104.6044,0.0944],[104.5,0.2315],[104.5432,0.2228],[104.6584,0.1031],[104.6908,0.0597]]],[[[104.7772,-0.1764],[104.806,-0.1921],[104.842,-0.14],[104.9104,-0.2112],[104.95,-0.2476],[105.0041,-0.2823],[104.95,-0.2841],[104.9284,-0.3171],[104.914,-0.324],[104.7016,-0.2094],[104.5648,-0.2459],[104.4748,-0.2129],[104.446,-0.1886],[104.4964,-0.1261],[104.5432,0.018],[104.6368,-0.0185],[104.6584,-0.0636],[104.6512,-0.0758],[104.7124,-0.1035],[104.7772,-0.1764]]],[[[104.4748,-0.3344],[104.5684,-0.4316],[104.59,-0.4664],[104.5432,-0.5202],[104.5072,-0.5966],[104.4856,-0.6122],[104.4136,-0.5844],[104.3632,-0.6591],[104.3308,-0.5393],[104.2588,-0.4629],[104.302,-0.3865],[104.32,-0.3796],[104.3416,-0.383],[104.3632,-0.4021],[104.4748,-0.3344]]],[[[103.7368,-0.3483],[103.6072,-0.383],[103.4596,-0.357],[103.4776,-0.298],[103.5496,-0.2268],[103.6108,-0.2303],[103.7224,-0.2771],[103.7656,-0.3171],[103.7368,-0.3483]]],[[[108.2081,-2.9975],[108.1901,-3.1033],[108.1685,-3.1433],[108.0821,-3.1954],[108.0569,-3.2266],[107.9777,-3.2214],[107.9669,-3.1658],[107.9417,-3.1294],[107.8589,-3.086],[107.8373,-3.0964],[107.8229,-3.1606],[107.6609,-3.2058],[107.6141,-3.2092],[107.6357,-3.1242],[107.5961,-3.0582],[107.5925,-2.9766],[107.5853,-2.9402],[107.5637,-2.9193],[107.6033,-2.8638],[107.5997,-2.7995],[107.6429,-2.7318],[107.6681,-2.5669],[107.8373,-2.5305],[107.8733,-2.56],[108.0749,-2.5964],[108.2153,-2.6971],[108.2909,-2.8308],[108.2081,-2.9975]]],[[[107.4737,-2.9002],[107.4341,-2.9245],[107.4089,-2.9002],[107.4017,-2.8725],[107.4197,-2.8377],[107.4737,-2.8343],[107.4989,-2.8447],[107.4737,-2.9002]]],[[[106.8869,-3.0061],[106.8689,-3.0252],[106.8149,-3.0148],[106.7753,-2.987],[106.7501,-2.961],[106.7429,-2.9332],[106.7969,-2.8985],[106.9121,-2.9332],[106.8869,-3.0061]]],[[[105.2525,-6.6396],[105.1913,-6.6622],[105.1445,-6.6431],[105.1229,-6.6153],[105.1913,-6.5458],[105.2273,-6.5285],[105.2597,-6.5233],[105.2777,-6.5615],[105.2525,-6.6396]]],[[[97.48,1.4658],[97.6996,1.1846],[97.786,1.1464],[97.9048,1.0179],[97.9336,0.9745],[97.9012,0.8843],[97.876,0.6291],[97.822,0.5648],[97.6852,0.5961],[97.6816,0.6412],[97.6024,0.8339],[97.462,0.9415],[97.4044,0.9467],[97.3684,1.0561],[97.2964,1.1881],[97.0804,1.4259],[97.246,1.4241],[97.3252,1.4814],[97.3432,1.5283],[97.3576,1.5405],[97.48,1.4658]]],[[[102.3688,-5.4782],[102.286,-5.4834],[102.1348,-5.3602],[102.1096,-5.322],[102.1528,-5.2855],[102.1996,-5.289],[102.3724,-5.3671],[102.4048,-5.4053],[102.3688,-5.4782]]],[[[100.4248,-3.1832],[100.4644,-3.329],[100.3456,-3.2283],[100.3492,-3.1589],[100.3312,-3.1138],[100.2592,-3.0565],[100.2052,-2.987],[100.18,-2.8204],[100.198,-2.7857],[100.2448,-2.7839],[100.4536,-3.0027],[100.468,-3.0391],[100.4644,-3.1172],[100.4356,-3.1415],[100.4248,-3.1832]]],[[[100.2052,-2.7405],[100.1332,-2.8221],[100.0144,-2.8204],[99.9928,-2.77],[99.9964,-2.6485],[99.9676,-2.6103],[99.9676,-2.5947],[99.9892,-2.5253],[100.0108,-2.5096],[100.2016,-2.6798],[100.2052,-2.7405]]],[[[99.8416,-2.343],[99.8488,-2.369],[99.6868,-2.2822],[99.6076,-2.2579],[99.5392,-2.1607],[99.5572,-2.1156],[99.5608,-2.0513],[99.5716,-2.0253],[99.622,-2.0166],[99.6868,-2.0635],[99.7336,-2.1781],[99.8164,-2.284],[99.8416,-2.343]]],[[[99.1648,-1.7788],[99.0712,-1.784],[98.8732,-1.6642],[98.8264,-1.6104],[98.8156,-1.5375],[98.6284,-1.2614],[98.6032,-1.1972],[98.6752,-0.9698],[98.8696,-0.916],[98.9344,-0.9542],[98.956,-1.0566],[99.064,-1.2406],[99.1,-1.3396],[99.1288,-1.3847],[99.1396,-1.4177],[99.1324,-1.442],[99.2116,-1.56],[99.2656,-1.6277],[99.2728,-1.7388],[99.1648,-1.7788]]],[[[98.4592,-0.5306],[98.398,-0.5775],[98.308,-0.5323],[98.3404,-0.4681],[98.3548,-0.3796],[98.4088,-0.3084],[98.4268,-0.2268],[98.3224,-0.0011],[98.3728,0.0076],[98.416,-0.0167],[98.4844,-0.1678],[98.5456,-0.258],[98.5204,-0.3796],[98.4592,-0.5306]]],[[[97.336,2.0752],[97.3288,2.0526],[97.2244,2.1585],[97.1092,2.2175],[97.156,2.2314],[97.2532,2.2158],[97.2928,2.2001],[97.3288,2.1481],[97.336,2.0752]]],[[[96.4648,2.3599],[96.4,2.3512],[96.3424,2.372],[96.292,2.4293],[96.022,2.596],[95.9392,2.5977],[95.8816,2.6411],[95.8096,2.655],[95.734,2.7661],[95.716,2.8268],[95.7736,2.8546],[95.806,2.9154],[95.896,2.8893],[95.9968,2.7817],[96.1012,2.7418],[96.13,2.7209],[96.1804,2.6619],[96.418,2.5144],[96.4432,2.4658],[96.4612,2.4154],[96.4648,2.3599]]],[[[95.3632,5.8128],[95.3416,5.785],[95.284,5.7989],[95.2192,5.8892],[95.2408,5.9065],[95.284,5.8978],[95.3596,5.877],[95.3668,5.8423],[95.3632,5.8128]]],[[[111.3905,2.4154],[111.3581,2.4015],[111.3113,2.438],[111.3005,2.7418],[111.3329,2.7678],[111.3545,2.7643],[111.3797,2.7088],[111.3761,2.5769],[111.3797,2.4588],[111.3905,2.4154]]],[[[117.1434,7.1686],[117.0822,7.1148],[117.0606,7.179],[117.0642,7.2606],[117.147,7.337],[117.2658,7.3509],[117.2802,7.2901],[117.2658,7.2207],[117.2406,7.1842],[117.1434,7.1686]]],[[[32.0133,46.2044],[32.1501,46.154],[32.0097,46.1679],[31.7001,46.2148],[31.5633,46.2582],[31.5273,46.3068],[31.5093,46.3728],[31.5849,46.3033],[31.6389,46.2721],[32.0133,46.2044]]],[[[22.9232,58.8268],[22.8404,58.7782],[22.7936,58.7973],[22.7684,58.8216],[22.6604,58.7088],[22.5416,58.6897],[22.4732,58.7123],[22.4804,58.7539],[22.412,58.8633],[22.3076,58.8963],[22.1636,58.898],[22.0556,58.9432],[22.4624,58.9744],[22.5056,59.0265],[22.5884,59.082],[22.6496,59.0872],[22.7036,59.0751],[22.7108,59.0317],[22.7252,59.0143],[22.9088,58.9918],[22.9808,58.9206],[23.0096,58.8338],[22.9232,58.8268]]],[[[23.3444,58.5508],[23.2616,58.5404],[23.0636,58.6116],[23.1104,58.6584],[23.1644,58.6775],[23.3336,58.648],[23.3552,58.5751],[23.3444,58.5508]]],[[[35.815,65.1823],[35.8474,65.1424],[35.8582,65.0782],[35.8258,65.0365],[35.8438,65.0018],[35.779,64.9775],[35.6818,65.0574],[35.6206,65.0591],[35.5594,65.0938],[35.5306,65.1511],[35.5846,65.1667],[35.6098,65.1563],[35.7286,65.198],[35.815,65.1823]]],[[[42.7126,66.7014],[42.6766,66.6875],[42.4786,66.7343],[42.4606,66.7708],[42.4678,66.7847],[42.547,66.7951],[42.6298,66.7829],[42.691,66.7361],[42.7126,66.7014]]],[[[26.8761,78.6485],[26.7285,78.6468],[26.4585,78.7197],[26.4081,78.7839],[26.4549,78.81],[26.5845,78.8117],[26.7897,78.7232],[27.0093,78.6971],[26.8761,78.6485]]],[[[29.0469,78.9124],[29.3457,78.9055],[29.6445,78.9211],[29.6949,78.9055],[29.3097,78.8516],[28.8813,78.8794],[28.4961,78.8864],[28.0389,78.8291],[27.8877,78.8516],[28.1217,78.9089],[28.3737,78.9263],[28.4133,78.961],[28.5105,78.968],[28.8453,78.9714],[29.0469,78.9124]]],[[[50.0531,80.0738],[49.9703,80.0599],[49.5887,80.1363],[49.5563,80.1589],[49.8839,80.23],[50.2511,80.2196],[50.3087,80.1849],[50.3195,80.1727],[50.0711,80.1102],[50.0531,80.0738]]],[[[51.4103,79.9436],[51.4355,79.9314],[51.4319,79.921],[51.0755,79.9314],[50.4527,79.9245],[50.0927,79.98],[50.4743,80.0356],[50.6759,80.0477],[50.9351,80.0946],[51.2555,80.0495],[51.2375,80.0096],[51.2411,79.9905],[51.3275,79.9731],[51.4103,79.9436]]],[[[32.5245,80.1189],[31.5777,80.0807],[31.4805,80.1085],[33.0177,80.2179],[33.0969,80.2283],[33.3849,80.2422],[33.6297,80.2179],[33.5577,80.1988],[32.5245,80.1189]]],[[[57.8112,81.5459],[57.8616,81.506],[58.0164,81.4834],[58.4376,81.4643],[58.5636,81.4192],[58.3728,81.3862],[57.858,81.3688],[57.912,81.3029],[58.0164,81.2543],[57.912,81.197],[57.768,81.1692],[57.4512,81.1362],[57.1596,81.1779],[56.8212,81.2386],[56.67,81.1987],[56.5116,81.1744],[56.364,81.1779],[56.1912,81.2248],[55.716,81.1883],[55.572,81.2282],[55.4676,81.3116],[55.7808,81.3289],[56.1552,81.3029],[56.4036,81.3862],[56.7204,81.4227],[56.9724,81.5112],[57.0912,81.5407],[57.3648,81.5355],[57.4548,81.5424],[57.7176,81.565],[57.8112,81.5459]]],[[[54.7187,81.1154],[55.4712,81.0199],[56.1696,81.0286],[56.472,80.9991],[56.9112,80.9123],[57.5664,80.8203],[57.6924,80.7925],[57.5808,80.756],[56.814,80.664],[56.3172,80.6328],[55.8852,80.6276],[55.7124,80.638],[55.5396,80.704],[55.1184,80.7526],[54.6683,80.7387],[54.6215,80.7647],[54.5315,80.7838],[54.3767,80.7873],[54.0671,80.8133],[54.0455,80.8723],[54.2399,80.9019],[54.3659,80.9036],[54.4163,80.9869],[54.6323,81.1137],[54.7187,81.1154]]],[[[50.7551,81.0477],[50.6147,81.0407],[50.5175,81.0459],[50.4131,81.0841],[50.3771,81.1032],[50.3699,81.1223],[50.4635,81.1258],[50.5067,81.1449],[50.5211,81.1588],[50.5931,81.1692],[50.7155,81.1709],[50.8775,81.1501],[50.9459,81.1084],[50.7875,81.072],[50.7551,81.0477]]],[[[58.6212,81.0425],[58.7616,80.9904],[58.8156,80.9331],[58.902,80.8984],[58.9308,80.8324],[58.8588,80.7786],[58.6428,80.7682],[58.2864,80.7647],[57.9372,80.7925],[57.75,80.8897],[57.4044,80.9157],[57.21,81.0164],[57.4116,81.0459],[57.6564,81.0321],[58.0488,81.1189],[58.1028,81.1137],[58.1892,81.0946],[58.506,81.0616],[58.6212,81.0425]]],[[[63.6504,81.6101],[63.528,81.5963],[62.8836,81.6084],[62.574,81.6327],[62.5308,81.6466],[62.5164,81.6588],[62.106,81.6796],[62.2824,81.7074],[62.7936,81.7195],[63.708,81.6865],[63.7656,81.664],[63.7836,81.6501],[63.6504,81.6101]]],[[[58.2972,81.716],[57.966,81.6952],[57.9192,81.7108],[57.9084,81.7213],[57.9444,81.7473],[57.984,81.7976],[58.1352,81.8271],[59.262,81.8549],[59.4096,81.8254],[59.3556,81.7803],[59.3556,81.7594],[58.2972,81.716]]],[[[18.74,80.3012],[18.524,80.2457],[18.164,80.2891],[18.2072,80.3325],[18.29,80.3585],[18.5204,80.3481],[18.74,80.3012]]],[[[11.2519,78.6103],[11.2627,78.5409],[11.4247,78.5478],[11.6155,78.4749],[11.8243,78.4367],[11.8855,78.409],[11.9287,78.3742],[12.0547,78.3048],[12.1159,78.2319],[11.9647,78.2249],[11.7559,78.3291],[11.5867,78.3881],[11.3707,78.4385],[11.1979,78.4419],[11.1223,78.4628],[10.8415,78.6451],[10.7875,78.6867],[10.6291,78.7544],[10.5571,78.8378],[10.5571,78.9037],[10.7731,78.8881],[10.9603,78.8464],[11.1223,78.7527],[11.1547,78.7249],[11.0791,78.6867],[11.1547,78.6398],[11.2519,78.6103]]],[[[19.2188,74.3918],[19.1,74.3519],[18.9164,74.4109],[18.7976,74.4856],[18.8624,74.5134],[19.1828,74.5186],[19.262,74.4786],[19.2764,74.4561],[19.2188,74.3918]]],[[[53.1419,71.2427],[53.1923,71.215],[53.2067,71.1594],[53.0699,71.0657],[53.0483,71.0309],[53.1059,70.9997],[53.1203,70.9823],[53.0231,70.9684],[53.0051,71.0118],[52.9511,71.0535],[52.8359,71.0865],[52.7891,71.1143],[52.7387,71.1802],[52.5479,71.2497],[52.4255,71.2393],[52.2887,71.2705],[52.2491,71.2844],[52.2383,71.3243],[52.2959,71.3573],[52.5119,71.3851],[52.6163,71.3834],[52.7279,71.3556],[52.7207,71.3903],[52.7315,71.4042],[52.7783,71.399],[52.9043,71.3643],[52.9943,71.2913],[53.0735,71.2375],[53.1419,71.2427]]],[[[53.1419,71.2427],[53.1383,71.2427],[53.1455,71.2427],[53.1419,71.2427]]],[[[74.6593,72.8728],[74.6377,72.8642],[74.5873,72.8815],[74.4361,72.9076],[74.1805,72.9753],[74.1013,73.0221],[74.1409,73.0742],[74.1985,73.1089],[74.4073,73.1298],[74.5981,73.1211],[74.7241,73.1089],[74.9617,73.0621],[74.7421,73.0326],[74.6485,72.9683],[74.6593,72.9301],[74.6989,72.9076],[74.6593,72.8728]]],[[[75.5054,73.4561],[75.3434,73.4318],[75.3758,73.477],[75.5702,73.5412],[75.9302,73.5742],[76.0382,73.5603],[76.0526,73.5499],[75.9014,73.4822],[75.8258,73.4596],[75.5054,73.4561]]],[[[76.7546,73.4457],[76.661,73.4388],[76.2362,73.477],[76.0814,73.5238],[76.139,73.5551],[76.2506,73.5551],[76.7546,73.4457]]],[[[77.633,72.2913],[77.147,72.2826],[76.9058,72.2982],[76.8698,72.3173],[76.9022,72.3659],[77.1506,72.4388],[77.2622,72.4857],[77.3774,72.5656],[77.579,72.6315],[77.7482,72.6315],[78.2774,72.5534],[78.353,72.5048],[78.3638,72.4822],[78.155,72.4163],[78.0074,72.392],[77.7806,72.3086],[77.633,72.2913]]],[[[79.5014,72.7218],[79.4294,72.7114],[78.8822,72.7513],[78.6914,72.8034],[78.6338,72.8503],[78.6554,72.8919],[79.163,73.0951],[79.3574,73.0378],[79.4114,72.9839],[79.541,72.918],[79.5374,72.7687],[79.5014,72.7218]]],[[[82.709,74.0915],[82.6118,74.0568],[82.4786,74.0759],[82.3814,74.0985],[82.331,74.1314],[82.3814,74.1488],[82.5254,74.161],[82.6118,74.1488],[82.6874,74.1106],[82.709,74.0915]]],[[[83.5478,74.0724],[83.4974,74.0481],[83.4506,74.0516],[83.411,74.0394],[83.159,74.0759],[82.817,74.0915],[82.9034,74.1297],[83.1482,74.1523],[83.5118,74.1228],[83.6198,74.0898],[83.5478,74.0724]]],[[[84.7574,74.4596],[84.7106,74.4005],[84.4298,74.43],[84.3902,74.4543],[84.5414,74.4908],[84.6782,74.5116],[84.8726,74.5151],[84.7574,74.4596]]],[[[86.6547,74.9821],[86.7375,74.963],[87.0003,74.9925],[87.0507,74.9821],[87.1227,74.9404],[87.0111,74.8623],[86.9283,74.8311],[86.6907,74.8484],[86.3919,74.8502],[86.2587,74.8936],[86.3307,74.9387],[86.5035,74.9665],[86.6043,74.9925],[86.6547,74.9821]]],[[[82.1726,75.4196],[82.2086,75.3866],[82.223,75.3501],[82.1798,75.3397],[82.0502,75.3414],[81.9782,75.2477],[81.9062,75.2633],[81.8594,75.3171],[81.6974,75.2807],[81.6542,75.2894],[81.5786,75.331],[81.5318,75.3397],[81.4994,75.3675],[81.7118,75.4508],[81.8414,75.4074],[81.9278,75.4091],[81.9098,75.4595],[81.9134,75.4977],[82.0214,75.5133],[82.1654,75.515],[82.1726,75.4196]]],[[[96.5332,76.2789],[96.6124,76.2633],[96.5908,76.2216],[96.4864,76.2337],[96.3496,76.2129],[96.3532,76.1782],[96.2992,76.1209],[96.1084,76.1556],[95.8456,76.1608],[95.68,76.1938],[95.3128,76.2147],[95.3236,76.2615],[95.3812,76.2893],[95.5936,76.2494],[95.788,76.2945],[96.1516,76.2719],[96.2704,76.3049],[96.5332,76.2789]]],[[[97.588,76.6],[97.534,76.5844],[97.4296,76.5914],[97.3432,76.6296],[97.3108,76.6903],[97.3828,76.7059],[97.588,76.6]]],[[[96.2848,77.0271],[96.2524,77.008],[96.2092,76.9924],[96.0904,77.0028],[95.8564,76.975],[95.7664,76.9906],[95.68,77.0219],[95.3632,77.0115],[95.2696,77.0184],[95.4208,77.0566],[95.8528,77.0983],[96.5296,77.2059],[96.562,77.1538],[96.562,77.1295],[96.4252,77.0705],[96.2848,77.0271]]],[[[89.5131,77.1885],[89.3007,77.1833],[89.1783,77.2094],[89.1423,77.2267],[89.1999,77.2719],[89.2827,77.3014],[89.6175,77.3118],[89.6787,77.2806],[89.6643,77.2545],[89.5131,77.1885]]],[[[76.2506,79.6519],[76.373,79.6155],[76.4666,79.6433],[77.3594,79.5565],[77.5502,79.5252],[77.5898,79.5026],[76.8086,79.4888],[76.6502,79.494],[76.6358,79.5443],[76.4594,79.546],[76.1534,79.579],[76.0706,79.6259],[76.0526,79.645],[76.1498,79.6641],[76.2506,79.6519]]],[[[80.027,80.848],[79.0982,80.8116],[79.0082,80.8342],[78.9794,80.848],[79.109,80.9244],[79.217,80.9609],[79.8074,80.9748],[80.279,80.9505],[80.4266,80.9279],[80.3726,80.8828],[80.3438,80.8671],[80.027,80.848]]],[[[91.5687,81.1414],[91.2231,81.0633],[89.9775,81.1137],[89.9199,81.1484],[89.9019,81.1709],[90.0711,81.2143],[91.1079,81.1987],[91.4787,81.1831],[91.5687,81.1414]]],[[[107.6969,78.1312],[107.6069,78.0826],[107.4809,78.0583],[107.3441,78.0982],[107.0021,78.0965],[106.4153,78.1399],[106.5845,78.1677],[107.5097,78.1902],[107.5745,78.185],[107.6969,78.1312]]],[[[106.2713,78.2058],[106.1525,78.1989],[106.0229,78.2197],[106.0589,78.2649],[106.3505,78.2718],[106.4585,78.3395],[106.6421,78.336],[106.6925,78.317],[106.7213,78.2944],[106.7177,78.2649],[106.6781,78.2649],[106.5053,78.2614],[106.4729,78.2458],[106.2713,78.2058]]],[[[107.4161,77.2424],[107.3009,77.2424],[107.2685,77.2892],[107.3657,77.3465],[107.4881,77.3465],[107.5925,77.3292],[107.6285,77.3205],[107.6645,77.2997],[107.6789,77.2684],[107.4161,77.2424]]],[[[112.4777,76.6209],[112.6325,76.5532],[112.6613,76.5098],[112.6145,76.4994],[112.5857,76.4837],[112.5749,76.4525],[112.5317,76.4507],[112.3949,76.4837],[112.2977,76.5375],[112.1537,76.5497],[112.0025,76.6035],[111.9701,76.6261],[112.0097,76.633],[112.2797,76.6191],[112.3949,76.6434],[112.4777,76.6209]]],[[[120.261,73.0898],[120.009,73.0447],[119.793,73.0447],[119.6418,73.1246],[119.7606,73.1558],[119.9658,73.168],[120.0774,73.1575],[120.2358,73.1072],[120.261,73.0898]]],[[[124.5414,73.8502],[124.4802,73.8485],[124.365,73.8745],[124.3362,73.911],[124.3362,73.9283],[124.4298,73.9422],[124.5486,73.9335],[124.6386,73.9006],[124.653,73.8884],[124.5414,73.8502]]],[[[135.95,75.4091],[135.7448,75.3814],[135.4532,75.39],[135.4748,75.463],[135.5252,75.4959],[135.5936,75.5758],[135.5612,75.6366],[135.5792,75.7095],[135.6152,75.7668],[135.698,75.8449],[135.788,75.798],[135.8492,75.7286],[135.9032,75.6938],[136.1264,75.6261],[136.1696,75.6053],[135.9824,75.522],[135.9644,75.4855],[136.022,75.4387],[135.95,75.4091]]],[[[149.1513,76.6591],[148.3989,76.6487],[148.4493,76.6764],[148.7193,76.7459],[149.4069,76.7823],[149.2701,76.7476],[149.2053,76.6764],[149.1513,76.6591]]],[[[136.1984,73.9144],[136.1228,73.8849],[136.0508,73.9283],[135.716,74.0603],[135.6332,74.121],[135.4496,74.1801],[135.4028,74.2009],[135.3884,74.253],[135.6296,74.22],[136.0364,74.0898],[136.2596,73.9856],[136.1984,73.9144]]],[[[137.9588,71.5083],[137.7104,71.4233],[137.6132,71.4337],[137.5124,71.4754],[137.4584,71.484],[137.4044,71.4771],[137.3432,71.4597],[137.264,71.4563],[137.0804,71.5014],[137.0624,71.5292],[137.0804,71.5431],[137.1308,71.557],[137.1668,71.557],[137.282,71.5795],[137.8184,71.5882],[137.858,71.583],[137.9336,71.5431],[137.9588,71.5083]]],[[[154.0797,48.791],[154.0437,48.7389],[154.0005,48.7563],[153.9933,48.7719],[154.0905,48.8327],[154.1265,48.9038],[154.1985,48.9056],[154.2273,48.8917],[154.2057,48.857],[154.0797,48.791]]],[[[153.1005,47.7633],[153.0537,47.706],[153.0033,47.7129],[152.9853,47.7286],[153.0501,47.7963],[153.0789,47.8084],[153.1005,47.7633]]],[[[152.0025,46.897],[151.8153,46.7877],[151.7541,46.7877],[151.7217,46.8293],[151.7145,46.8519],[151.8657,46.8692],[152.0385,47.0151],[152.1645,47.1106],[152.2329,47.1435],[152.2905,47.1418],[152.0025,46.897]]],[[[149.6877,45.6419],[149.5401,45.5915],[149.4465,45.5933],[149.6661,45.8398],[149.7957,45.8763],[149.9613,46.0221],[150.3105,46.2009],[150.3501,46.213],[150.5517,46.2078],[150.2349,46.0117],[150.1953,45.9335],[150.0549,45.8502],[149.9541,45.8224],[149.8821,45.7825],[149.6877,45.6419]]],[[[148.6005,45.3173],[148.4133,45.2478],[148.2621,45.2166],[148.0065,45.0707],[147.9129,44.9909],[147.7833,44.9579],[147.6573,44.977],[147.6213,44.944],[147.6105,44.8867],[147.5637,44.8364],[147.3117,44.6784],[147.2073,44.5534],[147.0993,44.5309],[146.8977,44.4041],[146.9337,44.5135],[146.9733,44.5656],[147.1425,44.6628],[147.1533,44.7669],[147.2469,44.8555],[147.4305,44.9458],[147.5565,45.0621],[147.6573,45.0933],[147.7689,45.1905],[147.8841,45.2253],[147.8733,45.2999],[147.9237,45.3832],[147.9633,45.378],[148.0569,45.2617],[148.1289,45.2582],[148.3233,45.2825],[148.6113,45.4839],[148.7049,45.5204],[148.7733,45.5273],[148.8129,45.51],[148.8273,45.4857],[148.8237,45.4561],[148.8021,45.4127],[148.8381,45.3624],[148.7913,45.3242],[148.6005,45.3173]]],[[[150.5913,59.0195],[150.5121,59.0074],[150.4725,59.0352],[150.4689,59.0543],[150.5913,59.0977],[150.6669,59.1602],[150.7137,59.122],[150.7281,59.0959],[150.5913,59.0195]]],[[[137.9408,55.0927],[138.0308,55.0528],[138.1712,55.0597],[138.2072,55.0337],[138.0956,54.9903],[138.0164,54.9017],[137.9912,54.8201],[137.9588,54.7889],[137.8688,54.749],[137.7896,54.6969],[137.7212,54.6639],[137.66,54.6535],[137.5268,54.8254],[137.462,54.874],[137.2748,54.7924],[137.2316,54.7906],[137.2748,54.8913],[137.3828,55.0007],[137.4368,55.0163],[137.5448,55.1639],[137.5772,55.1969],[137.912,55.1101],[137.9408,55.0927]]],[[[137.1776,55.0996],[137.0552,54.926],[136.9688,54.9243],[136.904,54.9608],[136.7636,54.9469],[136.7132,54.9556],[136.796,55.0094],[136.994,55.0927],[137.0768,55.091],[137.156,55.1083],[137.1776,55.0996]]],[[[146.7141,43.7444],[146.6817,43.7167],[146.6097,43.741],[146.6133,43.7965],[146.6205,43.8121],[146.8257,43.8608],[146.8833,43.8295],[146.8977,43.8035],[146.7141,43.7444]]],[[[146.2065,44.4979],[146.3577,44.425],[146.5665,44.4406],[146.5161,44.3746],[146.4369,44.3763],[146.2965,44.2809],[146.1741,44.2687],[146.1129,44.2461],[145.9149,44.1038],[145.8861,44.0482],[145.7673,43.9406],[145.5873,43.8451],[145.5549,43.6646],[145.4397,43.7375],[145.4253,43.8104],[145.4613,43.8712],[145.6665,43.9996],[145.7493,44.0708],[145.7745,44.1298],[145.8537,44.1923],[145.8897,44.2479],[145.9401,44.2722],[146.1129,44.4996],[146.2065,44.4979]]],[[[124.293,24.5165],[124.2354,24.3585],[124.185,24.3359],[124.1346,24.3481],[124.0842,24.4366],[124.1202,24.4696],[124.1706,24.4522],[124.2102,24.4592],[124.3002,24.5876],[124.3254,24.5668],[124.293,24.5165]]],[[[123.8898,24.2804],[123.825,24.2665],[123.7494,24.2838],[123.681,24.2873],[123.681,24.3186],[123.753,24.3481],[123.753,24.3915],[123.771,24.414],[123.9366,24.362],[123.9294,24.3238],[123.8898,24.2804]]],[[[125.4451,24.7439],[125.3587,24.7178],[125.2687,24.7317],[125.2831,24.8723],[125.3155,24.8533],[125.3335,24.8046],[125.4019,24.7769],[125.4451,24.7439]]],[[[128.2603,26.6535],[128.1631,26.6066],[128.1271,26.5528],[128.0371,26.5337],[127.9507,26.4573],[127.8679,26.4417],[127.8679,26.3809],[127.9039,26.3289],[127.8499,26.3184],[127.7887,26.2559],[127.7851,26.2091],[127.8067,26.1709],[127.8031,26.1518],[127.7311,26.098],[127.6519,26.0945],[127.6483,26.1553],[127.6555,26.1987],[127.7275,26.308],[127.7275,26.4348],[127.7959,26.4486],[127.8211,26.466],[127.9255,26.5563],[127.9471,26.5945],[127.8895,26.6309],[127.8931,26.6743],[127.9075,26.6934],[127.9939,26.6795],[128.0299,26.6465],[128.0479,26.6431],[128.0983,26.6674],[128.1199,26.7108],[128.2171,26.7976],[128.2567,26.8826],[128.3323,26.8115],[128.3107,26.7212],[128.2603,26.6535]]],[[[128.9983,27.7211],[128.9551,27.702],[128.9011,27.7281],[128.8831,27.8427],[128.9083,27.8982],[128.9515,27.9104],[128.9911,27.8114],[129.0163,27.7697],[128.9983,27.7211]]],[[[129.4519,28.2089],[129.3655,28.1274],[129.2755,28.2003],[129.1639,28.2506],[129.2179,28.2628],[129.2467,28.2819],[129.2503,28.3131],[129.3223,28.36],[129.4663,28.3947],[129.5095,28.3982],[129.5599,28.4312],[129.5779,28.4607],[129.5995,28.4763],[129.6895,28.518],[129.7147,28.4693],[129.7111,28.4329],[129.6427,28.4121],[129.5743,28.3617],[129.5131,28.2992],[129.4555,28.2732],[129.4375,28.2541],[129.4519,28.2089]]],[[[129.3223,28.1048],[129.3295,28.0822],[129.2323,28.1013],[129.1927,28.1933],[129.2575,28.176],[129.2791,28.1447],[129.3223,28.1048]]],[[[130.6219,30.2626],[130.5067,30.2418],[130.4455,30.2644],[130.3879,30.3876],[130.4959,30.4658],[130.6435,30.3894],[130.6723,30.3668],[130.6219,30.2626]]],[[[130.9603,30.3963],[130.8739,30.3859],[130.8703,30.4449],[130.9387,30.5751],[130.9459,30.6706],[131.0107,30.7921],[131.0395,30.8182],[131.0611,30.8286],[131.0827,30.7904],[131.0575,30.6428],[130.9927,30.53],[130.9603,30.3963]]],[[[128.6671,32.7833],[128.7031,32.7573],[128.7607,32.7729],[128.8075,32.7764],[128.8399,32.7625],[128.8795,32.693],[128.8939,32.6514],[128.8219,32.6462],[128.7895,32.6375],[128.7499,32.5854],[128.6923,32.6045],[128.6563,32.6288],[128.6491,32.6618],[128.6671,32.7833]]],[[[130.0819,32.2295],[130.0027,32.1948],[129.9919,32.2278],[129.9595,32.2434],[130.0171,32.292],[130.0171,32.3129],[129.9775,32.3458],[130.0207,32.4691],[130.0099,32.5212],[130.1683,32.542],[130.1971,32.4917],[130.2007,32.3406],[130.0819,32.2295]]],[[[130.3807,32.424],[130.2943,32.4188],[130.2547,32.4309],[130.2403,32.4622],[130.3663,32.5264],[130.4599,32.516],[130.4203,32.4569],[130.3807,32.424]]],[[[133.3687,36.2032],[133.3255,36.1668],[133.2391,36.1789],[133.1887,36.2328],[133.2067,36.2935],[133.2967,36.3404],[133.3795,36.2466],[133.3687,36.2032]]],[[[138.344,37.8229],[138.2504,37.8195],[138.2252,37.8299],[138.2828,37.8542],[138.2864,37.8958],[138.3224,37.9688],[138.3224,37.9913],[138.2468,37.9948],[138.2504,38.0781],[138.308,38.1615],[138.4628,38.2917],[138.5024,38.316],[138.5096,38.2587],[138.4628,38.125],[138.452,38.0764],[138.5744,38.066],[138.4952,37.9045],[138.344,37.8229]]],[[[139.4816,42.0814],[139.46,42.0761],[139.4348,42.0848],[139.4132,42.1595],[139.4312,42.1994],[139.496,42.2272],[139.5572,42.2359],[139.5068,42.097],[139.4816,42.0814]]],[[[141.0728,45.3329],[141.0332,45.2687],[140.9828,45.3641],[140.972,45.4648],[141.0008,45.4648],[141.0584,45.4492],[141.0692,45.4006],[141.0728,45.3329]]],[[[141.296,45.1194],[141.2276,45.1124],[141.1448,45.1541],[141.134,45.2062],[141.1952,45.2478],[141.2528,45.2322],[141.3104,45.1784],[141.3284,45.1506],[141.296,45.1194]]],[[[139.8416,33.0559],[139.8236,33.0455],[139.7768,33.0784],[139.7696,33.1079],[139.7768,33.1253],[139.8092,33.1288],[139.874,33.0941],[139.8416,33.0559]]],[[[139.4564,34.7259],[139.4456,34.679],[139.3916,34.6894],[139.3664,34.7207],[139.37,34.7762],[139.4276,34.7762],[139.4564,34.7259]]],[[[134.9311,34.2884],[134.8231,34.2034],[134.7295,34.2086],[134.6827,34.2468],[134.6683,34.2936],[134.7583,34.3683],[134.8339,34.4724],[134.9023,34.5193],[134.9599,34.5454],[135.0032,34.5436],[134.9059,34.3978],[134.9311,34.2884]]],[[[129.0775,32.8406],[129.0523,32.8302],[129.0199,32.9205],[128.9983,32.9517],[129.0343,32.9691],[129.1099,33.1323],[129.1243,33.068],[129.1531,33.0038],[129.1819,32.9934],[129.1531,32.9465],[129.1099,32.9291],[129.0775,32.8406]]],[[[129.4915,33.2225],[129.4231,33.1757],[129.3691,33.1757],[129.4159,33.2312],[129.4231,33.2572],[129.4627,33.3319],[129.5383,33.3579],[129.5707,33.3614],[129.5095,33.285],[129.4915,33.2225]]],[[[129.7975,33.7485],[129.7255,33.7069],[129.6751,33.7399],[129.7003,33.8284],[129.7183,33.8579],[129.7759,33.8284],[129.7975,33.7485]]],[[[129.2791,34.1235],[129.2143,34.0836],[129.1855,34.1443],[129.2143,34.3214],[129.3367,34.285],[129.3367,34.2311],[129.2791,34.1235]]],[[[129.3871,34.3544],[129.3655,34.3058],[129.2971,34.3388],[129.2683,34.37],[129.3295,34.5211],[129.3223,34.5801],[129.3259,34.6079],[129.4519,34.686],[129.4735,34.6721],[129.4807,34.6495],[129.4699,34.6148],[129.4771,34.5402],[129.3799,34.4169],[129.3871,34.3544]]],[[[132.5767,34.1148],[132.5479,34.0749],[132.4615,34.0871],[132.4975,34.1218],[132.5227,34.1634],[132.5443,34.1721],[132.5587,34.127],[132.5767,34.1148]]],[[[132.2671,33.9447],[132.3139,33.9082],[132.4291,33.9239],[132.4435,33.9135],[132.4111,33.8805],[132.3607,33.8475],[132.2671,33.8718],[132.2095,33.8735],[132.2023,33.9273],[132.2095,33.9482],[132.2671,33.9447]]],[[[118.407,24.5217],[118.4502,24.4557],[118.4322,24.414],[118.2954,24.4366],[118.2882,24.4765],[118.3386,24.4696],[118.407,24.5217]]],[[[118.1838,24.4956],[118.1478,24.4366],[118.0902,24.4453],[118.0902,24.4887],[118.0758,24.5008],[118.0938,24.5408],[118.1046,24.5529],[118.1694,24.5182],[118.1838,24.4956]]],[[[128.7427,34.7988],[128.6455,34.7363],[128.5195,34.8196],[128.4907,34.8648],[128.5843,34.9325],[128.6671,35.0089],[128.7211,35.0141],[128.7427,34.7988]]],[[[128.0659,34.8058],[128.0551,34.7085],[127.9831,34.7033],[127.9435,34.7658],[127.8967,34.7363],[127.8751,34.7346],[127.8391,34.8127],[127.8319,34.8752],[127.9147,34.9203],[127.9651,34.8926],[128.0371,34.8787],[128.0659,34.8058]]],[[[127.7995,34.6148],[127.7887,34.5836],[127.7383,34.6304],[127.7887,34.6825],[127.7995,34.6148]]],[[[126.3271,33.2243],[126.2803,33.2017],[126.2407,33.2156],[126.2299,33.226],[126.1795,33.2833],[126.1651,33.3128],[126.2011,33.3683],[126.3379,33.4604],[126.6943,33.5489],[126.7591,33.5524],[126.8995,33.5159],[126.9319,33.443],[126.9067,33.3822],[126.8743,33.3406],[126.7087,33.2711],[126.5827,33.2381],[126.3271,33.2243]]],[[[126.2335,34.37],[126.1687,34.3544],[126.1327,34.3891],[126.1075,34.3995],[126.1219,34.4447],[126.2263,34.5332],[126.2479,34.5627],[126.3451,34.5454],[126.3811,34.4985],[126.3343,34.4256],[126.2335,34.37]]],[[[126.5215,37.7361],[126.5143,37.6042],[126.4603,37.6111],[126.4243,37.6233],[126.4063,37.6493],[126.3703,37.7726],[126.4099,37.8229],[126.4927,37.783],[126.5215,37.7361]]],[[[121.863,31.4917],[121.7802,31.464],[121.521,31.549],[121.3374,31.6445],[121.2258,31.7573],[121.2114,31.8059],[121.3374,31.7973],[121.4634,31.7556],[121.4922,31.6931],[121.5426,31.674],[121.575,31.6376],[121.809,31.5525],[121.845,31.5264],[121.863,31.4917]]],[[[122.295,29.964],[122.2806,29.9432],[122.1582,30.0005],[122.025,30.0127],[121.9782,30.063],[121.971,30.1429],[122.1114,30.1394],[122.2842,30.0682],[122.3238,30.0318],[122.295,29.964]]],[[[122.1726,29.6793],[122.169,29.6602],[122.0826,29.7245],[122.043,29.7366],[122.061,29.7731],[122.1186,29.7818],[122.1654,29.7002],[122.1726,29.6793]]],[[[122.403,29.8929],[122.3958,29.846],[122.367,29.8529],[122.331,29.9345],[122.3526,29.9554],[122.403,29.9502],[122.403,29.8929]]],[[[119.8218,25.4574],[119.7462,25.4105],[119.6994,25.4331],[119.6994,25.4956],[119.7246,25.5511],[119.6958,25.5911],[119.721,25.6397],[119.7786,25.6536],[119.7966,25.624],[119.829,25.6067],[119.8398,25.5911],[119.8398,25.5598],[119.8074,25.5077],[119.8326,25.4799],[119.8218,25.4574]]],[[[110.3861,21.0931],[110.4221,21.0583],[110.5229,21.0827],[110.5409,21.0393],[110.5373,21.0184],[110.5049,20.9681],[110.4221,21.0063],[110.3393,20.9976],[110.2817,21.0011],[110.2637,21.0254],[110.3105,21.074],[110.3861,21.0931]]],[[[107.6033,21.2163],[107.4593,21.0913],[107.4053,21.0931],[107.4521,21.2354],[107.4773,21.2684],[107.5637,21.2198],[107.6033,21.2163]]],[[[107.5205,20.9264],[107.4665,20.9004],[107.3981,20.9038],[107.4773,20.9525],[107.5205,21.0132],[107.5529,21.034],[107.5493,20.982],[107.5205,20.9264]]],[[[107.0309,20.7476],[106.9913,20.7424],[106.9121,20.824],[106.9517,20.8674],[107.0453,20.8361],[107.0633,20.817],[107.0633,20.7997],[107.0417,20.7615],[107.0309,20.7476]]],[[[106.8653,20.8153],[106.8545,20.7962],[106.8041,20.8431],[106.7681,20.8639],[106.7969,20.9281],[106.8545,20.8587],[106.8653,20.8153]]],[[[106.6169,8.6824],[106.5881,8.6806],[106.5665,8.7015],[106.6601,8.7657],[106.6493,8.7223],[106.6529,8.7015],[106.6169,8.6824]]],[[[104.0644,10.3906],[104.0824,10.3403],[104.0752,10.2257],[104.0356,10.1111],[104.05,10.0608],[104.0176,10.0295],[103.9528,10.243],[103.8664,10.3351],[103.8484,10.3715],[103.8988,10.368],[103.9852,10.4271],[104.0284,10.4288],[104.0644,10.3906]]],[[[103.0456,11.2846],[103.0276,11.276],[103.0096,11.276],[102.9916,11.2899],[102.9952,11.3489],[103.006,11.3836],[103.0384,11.3905],[103.0456,11.2846]]],[[[102.6064,11.677],[102.5884,11.5728],[102.5344,11.6145],[102.5452,11.6683],[102.5704,11.6909],[102.6064,11.677]]],[[[102.4264,11.9895],[102.43,11.9652],[102.3796,11.9825],[102.3616,11.9738],[102.3004,11.9808],[102.2716,12.1197],[102.2788,12.1527],[102.3184,12.1422],[102.3796,12.0728],[102.4084,12.0259],[102.4264,11.9895]]],[[[103.9708,1.3321],[103.8196,1.2662],[103.6504,1.3252],[103.7044,1.4241],[103.8196,1.4467],[103.9096,1.4155],[103.96,1.3929],[103.996,1.3651],[103.9708,1.3321]]],[[[104.2228,2.7314],[104.1724,2.7209],[104.1472,2.7279],[104.1292,2.7678],[104.1688,2.8564],[104.1832,2.872],[104.2228,2.7748],[104.2228,2.7314]]],[[[100.288,5.2954],[100.2628,5.2677],[100.1908,5.2833],[100.2052,5.4465],[100.2448,5.4673],[100.3096,5.4378],[100.3384,5.41],[100.288,5.2954]]],[[[99.8488,6.4655],[99.9172,6.3579],[99.8848,6.311],[99.8668,6.2971],[99.8236,6.3127],[99.784,6.2711],[99.7444,6.2641],[99.7048,6.337],[99.658,6.3666],[99.6472,6.4186],[99.712,6.4273],[99.748,6.41],[99.82,6.4447],[99.8488,6.4655]]],[[[99.6616,6.5211],[99.6436,6.5158],[99.6076,6.5974],[99.6544,6.7138],[99.7012,6.5714],[99.6616,6.5211]]],[[[100.0756,9.6962],[100.0648,9.6806],[100.0252,9.7118],[99.9964,9.7483],[99.982,9.7934],[100.0432,9.7917],[100.072,9.7483],[100.0756,9.6962]]],[[[100.072,9.5868],[100.0756,9.5296],[100.054,9.4618],[99.964,9.4219],[99.9316,9.4757],[99.9388,9.5608],[99.9532,9.5816],[100.0432,9.5764],[100.072,9.5868]]],[[[98.5924,7.9342],[98.5816,7.9168],[98.5312,8.1078],[98.6032,8.0574],[98.5924,7.9342]]],[[[98.4088,7.9029],[98.398,7.8283],[98.3584,7.83],[98.3152,7.7831],[98.2972,7.7762],[98.2612,7.9255],[98.3008,8.1355],[98.3224,8.1668],[98.3512,8.1112],[98.434,8.0852],[98.398,7.9654],[98.4088,7.9029]]],[[[98.308,9.0521],[98.2504,9.04],[98.2576,9.0955],[98.272,9.1303],[98.3008,9.1389],[98.3116,9.0799],[98.308,9.0521]]],[[[93.8907,6.8318],[93.8295,6.7485],[93.7107,7.0002],[93.6567,7.0158],[93.6567,7.1356],[93.6855,7.1842],[93.8223,7.2363],[93.8583,7.2068],[93.9303,6.9742],[93.8907,6.8318]]],[[[93.7323,7.3561],[93.6387,7.2623],[93.5955,7.3196],[93.6135,7.3578],[93.6531,7.3804],[93.6927,7.4099],[93.7323,7.3561]]],[[[93.1419,8.2501],[93.1707,8.2119],[93.1167,8.2189],[93.0627,8.2744],[93.0771,8.3282],[93.0987,8.3491],[93.1419,8.2501]]],[[[93.4443,7.8786],[93.3651,7.8769],[93.3435,7.9185],[93.3111,7.9637],[93.3327,8.0071],[93.3759,8.0175],[93.4335,7.9481],[93.4479,7.8994],[93.4443,7.8786]]],[[[93.5379,8.0574],[93.4911,8.0192],[93.4767,8.0244],[93.4731,8.0522],[93.4695,8.073],[93.4623,8.1078],[93.4551,8.172],[93.4947,8.2241],[93.5307,8.2137],[93.5127,8.1598],[93.5379,8.0574]]],[[[92.7891,9.1372],[92.7423,9.1303],[92.7171,9.165],[92.7135,9.2049],[92.7387,9.231],[92.7603,9.2431],[92.7855,9.2414],[92.8107,9.1737],[92.7891,9.1372]]],[[[92.5011,10.5555],[92.4723,10.5208],[92.3679,10.5468],[92.3787,10.651],[92.3535,10.7517],[92.3715,10.7934],[92.4471,10.8663],[92.5119,10.8975],[92.5551,10.8003],[92.5731,10.7048],[92.5011,10.5555]]],[[[92.6919,11.3819],[92.6451,11.361],[92.5947,11.3871],[92.6343,11.427],[92.6415,11.5086],[92.6883,11.4635],[92.6883,11.4114],[92.6919,11.3819]]],[[[93.0159,12.0363],[93.0627,11.8992],[92.9835,11.96],[92.9547,12.0016],[92.9943,12.0311],[93.0159,12.0363]]],[[[92.7171,12.8644],[92.6847,12.8002],[92.6811,12.9391],[92.6955,12.9564],[92.7099,12.9616],[92.7315,12.9477],[92.7171,12.8644]]],[[[92.7243,11.5364],[92.6991,11.5121],[92.6667,11.5381],[92.5767,11.7187],[92.5587,11.8332],[92.5335,11.8732],[92.5659,11.9304],[92.6091,11.9495],[92.6307,12.0138],[92.6415,12.1127],[92.6775,12.1926],[92.6955,12.2151],[92.7675,12.2151],[92.7891,12.2256],[92.7783,12.3019],[92.7351,12.3367],[92.7207,12.3575],[92.7207,12.5415],[92.7315,12.6162],[92.7603,12.6682],[92.7387,12.7793],[92.7531,12.821],[92.8071,12.8783],[92.8323,13.0033],[92.8107,13.0397],[92.8611,13.2307],[92.8575,13.3574],[92.9259,13.4859],[93.0303,13.5432],[93.0627,13.5449],[93.0663,13.4373],[93.0771,13.4008],[93.0159,13.3366],[93.0735,13.2515],[93.0663,13.222],[93.0447,13.1543],[93.0051,13.0901],[92.9511,13.0623],[92.9115,12.9755],[92.8863,12.9425],[92.9655,12.8505],[92.9907,12.538],[92.9331,12.453],[92.8647,12.4356],[92.8791,12.2273],[92.8683,12.1822],[92.7999,12.0797],[92.7855,12.0346],[92.7459,11.9929],[92.7639,11.9409],[92.7963,11.9183],[92.7963,11.8749],[92.7675,11.7638],[92.7639,11.6388],[92.7243,11.5364]]],[[[98.542,10.9618],[98.5204,10.96],[98.4988,10.9635],[98.4772,10.9791],[98.5276,11.0867],[98.542,10.9618]]],[[[98.2108,10.9531],[98.2936,10.7795],[98.2828,10.7534],[98.272,10.7395],[98.2504,10.7448],[98.218,10.8385],[98.1568,10.8975],[98.0812,10.8871],[98.1424,10.9635],[98.1676,10.9808],[98.2108,10.9531]]],[[[98.182,9.934],[98.1352,9.875],[98.1172,9.8785],[98.1388,9.974],[98.2216,10.0451],[98.29,10.0521],[98.2828,10.007],[98.2324,9.9531],[98.182,9.934]]],[[[98.2216,11.4791],[98.218,11.4565],[98.2108,11.4565],[98.1856,11.4721],[98.2,11.5676],[98.2396,11.644],[98.2792,11.7586],[98.3008,11.7829],[98.308,11.7221],[98.2828,11.5937],[98.2648,11.5242],[98.2216,11.4791]]],[[[98.5168,11.9044],[98.4736,11.8992],[98.4556,12.0606],[98.4664,12.0849],[98.524,12.0051],[98.6104,11.9565],[98.578,11.9252],[98.5168,11.9044]]],[[[98.074,11.6926],[98.0848,11.6371],[98.02,11.6961],[98.0092,11.861],[98.0596,11.7568],[98.0812,11.7325],[98.074,11.6926]]],[[[98.5528,11.7447],[98.5276,11.5381],[98.4664,11.5676],[98.434,11.5676],[98.398,11.6839],[98.398,11.7152],[98.3764,11.7916],[98.524,11.8055],[98.5528,11.7447]]],[[[98.1352,12.1509],[98.1244,12.1457],[98.11,12.1474],[98.074,12.1648],[98.038,12.2325],[98.056,12.2794],[98.0704,12.2915],[98.1064,12.2881],[98.1208,12.2794],[98.128,12.262],[98.1172,12.2238],[98.1208,12.1908],[98.1352,12.1509]]],[[[98.0668,12.3905],[98.0596,12.354],[98.002,12.2794],[97.9516,12.3228],[97.9372,12.3453],[97.9912,12.394],[98.0452,12.387],[98.0596,12.3974],[98.0668,12.3905]]],[[[98.4124,12.5988],[98.4376,12.571],[98.47,12.571],[98.4592,12.4738],[98.38,12.354],[98.3332,12.3367],[98.3152,12.3367],[98.3332,12.512],[98.3008,12.611],[98.3116,12.6787],[98.398,12.6474],[98.4124,12.5988]]],[[[98.3152,13.0988],[98.308,12.9339],[98.2576,13.0137],[98.2504,13.104],[98.254,13.189],[98.2648,13.2029],[98.2684,13.189],[98.2972,13.1509],[98.3152,13.0988]]],[[[97.5736,16.2531],[97.5376,16.2409],[97.48,16.3052],[97.4692,16.4614],[97.516,16.4961],[97.5412,16.5048],[97.5808,16.4857],[97.5916,16.4614],[97.5988,16.4302],[97.588,16.3972],[97.5736,16.2531]]],[[[99.0784,7.5922],[99.1036,7.4706],[99.0676,7.4967],[99.0388,7.5488],[99.0388,7.6252],[99.046,7.6373],[99.0784,7.5922]]],[[[94.8051,15.8191],[94.7835,15.7931],[94.7439,15.8121],[94.7331,15.8226],[94.8267,15.9337],[94.8375,15.892],[94.8051,15.8191]]],[[[94.4775,15.9458],[94.4127,15.8486],[94.3875,15.9944],[94.4955,16.076],[94.5459,16.1524],[94.5999,16.2062],[94.6179,16.142],[94.5675,16.0187],[94.4775,15.9458]]],[[[93.6891,18.6835],[93.6747,18.6748],[93.5703,18.7599],[93.4875,18.8675],[93.6171,18.8883],[93.7431,18.8658],[93.7467,18.8085],[93.7179,18.7165],[93.6891,18.6835]]],[[[93.4911,19.8918],[93.5127,19.7546],[93.4443,19.8067],[93.4191,19.8779],[93.4119,19.9508],[93.4911,19.8918]]],[[[93.0087,19.9247],[93.0231,19.8293],[92.9763,19.8675],[92.9115,19.9994],[92.9151,20.0862],[92.9583,20.0463],[93.0087,19.9247]]],[[[93.7143,19.5584],[93.8295,19.4751],[93.8763,19.4803],[93.9447,19.4282],[93.9483,19.4074],[93.9339,19.3657],[93.9015,19.3328],[93.8151,19.298],[93.7575,19.3258],[93.7323,19.4161],[93.6639,19.4595],[93.6423,19.4942],[93.6891,19.5446],[93.7143,19.5584]]],[[[91.8747,21.8326],[91.8387,21.751],[91.8207,21.81],[91.8351,21.8847],[91.8495,21.9264],[91.8603,21.9264],[91.8819,21.883],[91.8747,21.8326]]],[[[91.9503,21.508],[91.8891,21.5028],[91.8603,21.5323],[91.8747,21.5739],[91.8567,21.7094],[91.9071,21.7232],[91.9323,21.7215],[91.9503,21.6833],[91.9611,21.6104],[91.9503,21.508]]],[[[91.1511,22.1746],[91.0431,22.1052],[91.0791,22.5201],[91.1583,22.3656],[91.1799,22.2822],[91.1511,22.1746]]],[[[91.5579,22.3829],[91.5111,22.3534],[91.4679,22.3777],[91.4103,22.4749],[91.4391,22.5982],[91.4571,22.6173],[91.4823,22.5774],[91.5219,22.4906],[91.5471,22.4246],[91.5579,22.3829]]],[[[90.6435,22.9627],[90.6579,22.9193],[90.6039,22.9454],[90.5607,22.9749],[90.5355,23.0148],[90.5787,23.0357],[90.6435,22.9627]]],[[[90.7767,22.0895],[90.6039,22.0548],[90.5139,22.0652],[90.6795,22.3274],[90.6759,22.4454],[90.6507,22.5409],[90.5643,22.6173],[90.5607,22.6728],[90.5211,22.7475],[90.5031,22.836],[90.5967,22.8638],[90.6723,22.8134],[90.6831,22.7857],[90.6975,22.7128],[90.7371,22.6381],[90.8667,22.4853],[90.8667,22.3899],[90.8307,22.1607],[90.7767,22.0895]]],[[[79.9694,9.6302],[79.9082,9.6198],[79.8578,9.6858],[79.847,9.7153],[79.8578,9.7344],[79.8722,9.7448],[79.8902,9.7413],[79.9118,9.6788],[79.9694,9.6302]]],[[[79.8758,9.0504],[79.9046,8.9758],[79.8218,9.0261],[79.7678,9.0695],[79.7462,9.1042],[79.8614,9.066],[79.8758,9.0504]]],[[[-8.9551,70.84],[-9.0451,70.833],[-9.0991,70.8556],[-8.9659,70.9164],[-8.5195,71.0309],[-8.3431,71.1403],[-8.0011,71.1785],[-7.9795,71.1177],[-8.0011,71.0414],[-8.3035,70.9806],[-8.6347,70.9407],[-8.9551,70.84]]],[[[73.7089,-53.1367],[73.5865,-53.1853],[73.4641,-53.1836],[73.4137,-53.1471],[73.3345,-53.0291],[73.2841,-53.0221],[73.2553,-52.9891],[73.2517,-52.9753],[73.3057,-52.9666],[73.3885,-52.9996],[73.5865,-53.0273],[73.7305,-53.0916],[73.8385,-53.1124],[73.7953,-53.1298],[73.7089,-53.1367]]],[[[69.2809,-49.0588],[69.2197,-49.0675],[69.2017,-49.0345],[69.2053,-48.9911],[69.1693,-48.9564],[69.1513,-48.9182],[69.1657,-48.8835],[69.2665,-48.8783],[69.3673,-48.8904],[69.3961,-48.9512],[69.3205,-49.0345],[69.2809,-49.0588]]],[[[51.8351,-46.4392],[51.7631,-46.4479],[51.6983,-46.4288],[51.6587,-46.3732],[51.7415,-46.3264],[51.7847,-46.3593],[51.8171,-46.3941],[51.8351,-46.4392]]],[[[37.8562,-46.9444],[37.813,-46.9635],[37.6114,-46.9461],[37.5898,-46.9079],[37.651,-46.8489],[37.6834,-46.8246],[37.7878,-46.8367],[37.8742,-46.8854],[37.8886,-46.901],[37.8562,-46.9444]]],[[[27.8445,35.929],[27.7689,35.9081],[27.7473,35.9116],[27.7149,35.9567],[27.7581,36.0696],[27.7185,36.1407],[27.7149,36.172],[27.7761,36.2137],[27.8157,36.2762],[27.9129,36.3456],[28.1721,36.4255],[28.2333,36.4341],[28.2297,36.3699],[28.1433,36.2102],[28.0677,36.1303],[28.0893,36.0661],[27.9669,36.047],[27.8445,35.929]]],[[[27.1749,35.4654],[27.1389,35.4099],[27.0993,35.4568],[27.1173,35.5106],[27.0705,35.5974],[27.1569,35.7258],[27.1569,35.7883],[27.2217,35.8213],[27.2073,35.7137],[27.1569,35.6286],[27.2073,35.5592],[27.2325,35.4793],[27.1749,35.4654]]],[[[27.8589,36.5539],[27.8373,36.5383],[27.7869,36.5834],[27.7869,36.6077],[27.8373,36.6355],[27.8625,36.6407],[27.8697,36.6234],[27.8697,36.5834],[27.8589,36.5539]]],[[[27.0201,36.9584],[26.9193,36.9445],[26.9373,37.0244],[26.8905,37.0869],[26.9661,37.0521],[27.0165,37.0105],[27.0417,37.0018],[27.0345,36.9758],[27.0201,36.9584]]],[[[26.9481,36.7275],[26.9193,36.7258],[26.9553,36.7744],[27.0597,36.8404],[27.2145,36.8994],[27.2649,36.9046],[27.3513,36.8681],[27.1929,36.8091],[27.1497,36.7779],[27.0345,36.7709],[26.9481,36.7275]]],[[[25.5477,36.9671],[25.4577,36.9289],[25.3965,36.9844],[25.3605,37.0712],[25.5261,37.1962],[25.5657,37.1858],[25.5873,37.1528],[25.5837,37.04],[25.5477,36.9671]]],[[[25.2777,37.0678],[25.1985,36.9914],[25.1337,37.0001],[25.1049,37.0348],[25.1481,37.1077],[25.2345,37.1494],[25.2741,37.1372],[25.2705,37.0834],[25.2777,37.0678]]],[[[25.4829,36.3925],[25.4361,36.3404],[25.3713,36.3595],[25.3965,36.3786],[25.4145,36.4046],[25.4145,36.4428],[25.3965,36.4654],[25.4073,36.4741],[25.4685,36.4359],[25.4829,36.3925]]],[[[25.3821,36.6737],[25.3641,36.6581],[25.2885,36.7223],[25.2597,36.7588],[25.2957,36.79],[25.4073,36.7171],[25.3821,36.6737]]],[[[26.8257,37.8108],[26.9481,37.7778],[26.9805,37.7813],[27.0381,37.7709],[27.0561,37.7101],[26.9769,37.6997],[26.8437,37.6441],[26.7897,37.6563],[26.7213,37.7049],[26.6133,37.7101],[26.5809,37.724],[26.6385,37.7813],[26.7429,37.809],[26.8257,37.8108]]],[[[26.0301,37.5295],[25.9833,37.5261],[25.9977,37.566],[26.0877,37.6354],[26.2101,37.6389],[26.3253,37.6736],[26.3505,37.6736],[26.2965,37.6198],[26.2065,37.5677],[26.0301,37.5295]]],[[[25.8609,36.79],[25.7709,36.7831],[25.7421,36.79],[25.7961,36.8074],[25.8357,36.8247],[25.8537,36.8473],[25.9437,36.8872],[26.0013,36.9376],[26.0661,36.9029],[25.9833,36.8803],[25.8609,36.79]]],[[[26.4621,36.5852],[26.3829,36.5609],[26.3325,36.5105],[26.2713,36.547],[26.2713,36.5956],[26.3361,36.58],[26.3829,36.6077],[26.3685,36.639],[26.4225,36.6234],[26.4621,36.5852]]],[[[24.356,37.5764],[24.2876,37.5278],[24.2768,37.6007],[24.32,37.6771],[24.3776,37.6823],[24.3992,37.6493],[24.356,37.5764]]],[[[24.4352,37.3438],[24.3776,37.3143],[24.3992,37.3837],[24.3704,37.4202],[24.3956,37.4497],[24.4316,37.4757],[24.4496,37.4497],[24.482,37.408],[24.4352,37.3438]]],[[[24.536,36.764],[24.536,36.7049],[24.5324,36.6841],[24.3272,36.6563],[24.3452,36.7223],[24.356,36.7449],[24.4244,36.7136],[24.4496,36.7293],[24.4604,36.7466],[24.536,36.764]]],[[[24.9428,37.4931],[24.9392,37.3889],[24.9104,37.3907],[24.896,37.4063],[24.896,37.4462],[24.9068,37.5087],[24.9428,37.4931]]],[[[24.9932,37.7604],[24.9608,37.6927],[24.8852,37.7709],[24.7988,37.8247],[24.7664,37.8715],[24.716,37.8993],[24.7016,37.9618],[24.7628,37.9879],[24.7916,37.9896],[24.8564,37.9132],[24.9572,37.9045],[24.95,37.8577],[24.9788,37.7969],[24.9932,37.7604]]],[[[25.2561,37.599],[25.2201,37.5348],[25.1553,37.5452],[25.0509,37.6146],[25.0149,37.6459],[24.9968,37.6771],[25.0401,37.6806],[25.0905,37.6476],[25.2237,37.6302],[25.2561,37.599]]],[[[24.7196,36.9219],[24.7016,36.9167],[24.6764,36.9601],[24.6692,36.9983],[24.68,37.0209],[24.716,37.0244],[24.7628,36.9497],[24.7196,36.9219]]],[[[26.0949,38.2187],[25.9977,38.1615],[25.8933,38.243],[25.8753,38.2691],[25.9509,38.3021],[25.9905,38.3542],[25.9617,38.4166],[25.8501,38.5087],[25.8465,38.5746],[26.0121,38.6024],[26.1093,38.5451],[26.1597,38.5399],[26.1417,38.4861],[26.1489,38.4687],[26.1561,38.3021],[26.1093,38.2795],[26.1021,38.2344],[26.0949,38.2187]]],[[[26.4117,39.3298],[26.3937,39.2708],[26.5305,39.1718],[26.5773,39.1093],[26.5953,39.0486],[26.5845,39.0312],[26.5305,39.0642],[26.4873,39.0746],[26.5017,39.0312],[26.5485,38.9947],[26.4693,38.9722],[26.3901,38.9739],[26.1597,39.026],[26.1093,39.0815],[26.2461,39.1649],[26.2749,39.1978],[26.1777,39.1944],[26.0733,39.0954],[25.9077,39.1388],[25.8573,39.1788],[25.8429,39.1996],[25.9113,39.2881],[26.0265,39.2846],[26.0877,39.3037],[26.1633,39.3315],[26.1669,39.3732],[26.3469,39.3836],[26.4117,39.3298]]],[[[23.78,39.1145],[23.7368,39.0798],[23.6648,39.0954],[23.5928,39.2083],[23.78,39.1145]]],[[[23.888,39.1579],[23.8412,39.1458],[23.888,39.2256],[23.9708,39.2673],[23.9384,39.2013],[23.888,39.1579]]],[[[24.6764,38.809],[24.5684,38.7847],[24.5396,38.7882],[24.5648,38.8194],[24.5648,38.8316],[24.4604,38.8888],[24.4748,38.9618],[24.4856,38.9808],[24.5648,38.9427],[24.5828,38.8784],[24.6764,38.809]]],[[[25.6845,40.4269],[25.5729,40.4009],[25.4469,40.4825],[25.5693,40.5155],[25.6233,40.4912],[25.6629,40.4634],[25.6845,40.4269]]],[[[25.4361,39.9825],[25.4001,39.9495],[25.3713,39.8905],[25.3569,39.8089],[25.2993,39.8055],[25.2633,39.8228],[25.2525,39.8541],[25.2489,39.894],[25.2237,39.8923],[25.2021,39.8489],[25.1841,39.8298],[25.1265,39.8263],[25.0617,39.8523],[25.0653,39.9096],[25.0509,39.9756],[25.0581,39.9999],[25.2345,40.0051],[25.2849,39.9565],[25.3497,39.9843],[25.3749,40.0155],[25.4505,40.0346],[25.4361,39.9825]]],[[[24.7736,40.6144],[24.6476,40.5797],[24.5144,40.6474],[24.518,40.6873],[24.5864,40.7689],[24.6224,40.7932],[24.7196,40.7863],[24.7736,40.7307],[24.788,40.7047],[24.77,40.6596],[24.7736,40.6144]]],[[[25.9689,40.137],[25.7385,40.1058],[25.6701,40.1353],[25.7421,40.1961],[25.8753,40.2342],[25.9185,40.2377],[25.9761,40.1787],[25.9689,40.137]]],[[[-16.1156,11.059],[-16.1948,11.0451],[-16.2308,11.0937],[-16.238,11.1128],[-16.1948,11.1301],[-16.1768,11.1301],[-16.1444,11.1666],[-16.1048,11.1909],[-16.0868,11.1996],[-16.0688,11.1978],[-16.0544,11.118],[-16.0724,11.0833],[-16.1156,11.059]]],[[[-16.3748,19.706],[-16.436,19.6088],[-16.4648,19.647],[-16.4756,19.7112],[-16.4216,19.8015],[-16.3928,19.8501],[-16.3424,19.8657],[-16.3748,19.706]]],[[[-17.192,32.8684],[-17.0552,32.8163],[-16.9292,32.8406],[-16.7744,32.7729],[-16.6916,32.7573],[-16.7636,32.7104],[-16.8392,32.6479],[-17.0192,32.6635],[-17.1704,32.7226],[-17.2244,32.7677],[-17.2424,32.8076],[-17.192,32.8684]]],[[[-15.896,11.0833],[-15.9068,11.0555],[-15.9644,11.059],[-15.95,11.0867],[-15.9644,11.0954],[-15.9464,11.1805],[-15.9392,11.1926],[-15.9104,11.1614],[-15.9068,11.1475],[-15.896,11.0833]]],[[[-16.3352,28.3791],[-16.418,28.1517],[-16.4972,28.0614],[-16.544,28.0319],[-16.6592,28.0076],[-16.796,28.1499],[-16.8644,28.294],[-16.904,28.3391],[-16.8428,28.3756],[-16.7528,28.3704],[-16.5584,28.3999],[-16.5188,28.4121],[-16.3208,28.5579],[-16.1228,28.5752],[-16.1192,28.5284],[-16.3352,28.3791]]],[[[-13.7143,28.912],[-13.7827,28.8461],[-13.8583,28.8686],[-13.8223,29.0127],[-13.7899,29.0561],[-13.6495,29.1186],[-13.5343,29.1447],[-13.5019,29.2106],[-13.4623,29.2367],[-13.4227,29.1967],[-13.4551,29.1516],[-13.4767,29.0058],[-13.5559,28.9606],[-13.7143,28.912]]],[[[-14.1967,28.169],[-14.3335,28.0562],[-14.4703,28.0822],[-14.4919,28.1013],[-14.3551,28.1291],[-14.2327,28.2159],[-14.1535,28.4069],[-14.0275,28.6169],[-14.0023,28.7072],[-13.9555,28.7419],[-13.8871,28.7454],[-13.8583,28.7384],[-13.8259,28.6916],[-13.8259,28.5857],[-13.8619,28.4086],[-13.9267,28.2541],[-14.1967,28.169]]],[[[-12.5263,7.4359],[-12.5407,7.4099],[-12.6055,7.4741],[-12.9511,7.5713],[-12.8539,7.6217],[-12.6163,7.6373],[-12.5443,7.6078],[-12.5119,7.5818],[-12.5011,7.5349],[-12.5263,7.4359]]],[[[-15.3992,28.1482],[-15.4064,28.0701],[-15.3848,27.9937],[-15.3884,27.8739],[-15.4352,27.8114],[-15.5612,27.7472],[-15.6548,27.7576],[-15.7088,27.7836],[-15.806,27.8878],[-15.8096,27.9937],[-15.7196,28.0649],[-15.6836,28.1534],[-15.4532,28.1378],[-15.4316,28.1534],[-15.4172,28.1586],[-15.3992,28.1482]]],[[[-15.7268,11.2152],[-15.7268,11.1753],[-15.7664,11.1822],[-15.7808,11.1944],[-15.7556,11.269],[-15.716,11.302],[-15.6728,11.2968],[-15.6584,11.2864],[-15.6656,11.2586],[-15.6872,11.2343],[-15.7268,11.2152]]],[[[-15.554,11.5364],[-15.5612,11.5138],[-15.6188,11.5329],[-15.536,11.618],[-15.482,11.6319],[-15.4856,11.5676],[-15.5252,11.5537],[-15.554,11.5364]]],[[[-25.1697,16.9458],[-25.2669,16.9267],[-25.3101,16.9353],[-25.3209,17.0152],[-25.3425,17.0673],[-25.3389,17.0916],[-25.1121,17.194],[-25.0365,17.1766],[-24.9788,17.0951],[-25.0185,17.0499],[-25.1697,16.9458]]],[[[-24.8888,16.8173],[-24.968,16.7947],[-25.0185,16.7965],[-25.0941,16.8329],[-25.0689,16.8711],[-24.9896,16.9128],[-24.9356,16.9215],[-24.8924,16.8468],[-24.8888,16.8173]]],[[[-17.1848,28.0215],[-17.2244,28.0128],[-17.2748,28.0388],[-17.3252,28.1169],[-17.2892,28.176],[-17.2604,28.2037],[-17.2136,28.1985],[-17.1308,28.1551],[-17.102,28.1117],[-17.102,28.084],[-17.1848,28.0215]]],[[[-15.9032,11.4652],[-15.95,11.4339],[-15.9968,11.4496],[-16.022,11.4773],[-16.0184,11.5277],[-15.9644,11.5989],[-15.914,11.5885],[-15.9032,11.4652]]],[[[-15.986,11.8818],[-16.04,11.7603],[-16.1012,11.7725],[-16.148,11.8454],[-16.1516,11.8766],[-16.022,11.887],[-15.986,11.8818]]],[[[-17.8868,27.8097],[-17.984,27.6465],[-18.1064,27.7072],[-18.1352,27.7281],[-18.1604,27.7611],[-18.0416,27.768],[-17.9228,27.8496],[-17.8868,27.8097]]],[[[-22.916,16.2375],[-22.8332,16.2184],[-22.8044,16.2253],[-22.7504,16.2218],[-22.6928,16.1698],[-22.682,16.1125],[-22.7108,16.043],[-22.8188,15.9857],[-22.8836,15.9927],[-22.9592,16.0448],[-22.916,16.1489],[-22.916,16.2375]]],[[[-24.3092,14.8556],[-24.3848,14.8174],[-24.4388,14.8348],[-24.4928,14.8747],[-24.518,14.932],[-24.4964,14.9806],[-24.392,15.0379],[-24.3308,15.0188],[-24.2948,14.9303],[-24.3092,14.8556]]],[[[-17.8328,28.4937],[-17.858,28.485],[-17.8832,28.5648],[-18.002,28.7575],[-17.93,28.8443],[-17.7968,28.8461],[-17.7428,28.787],[-17.7248,28.7245],[-17.75,28.6881],[-17.7428,28.6152],[-17.7572,28.5683],[-17.8328,28.4937]]],[[[-24.086,16.6229],[-24.0464,16.5933],[-24.032,16.5725],[-24.0932,16.5604],[-24.2444,16.5986],[-24.284,16.576],[-24.3236,16.4927],[-24.3992,16.6177],[-24.392,16.6645],[-24.3776,16.6784],[-24.2696,16.6454],[-24.086,16.6229]]],[[[-22.8872,16.6593],[-22.9196,16.6072],[-22.9592,16.6836],[-22.9808,16.701],[-22.9916,16.8086],[-22.934,16.8416],[-22.9052,16.8433],[-22.9052,16.7322],[-22.8872,16.6593]]],[[[-23.1824,15.1368],[-23.2112,15.1334],[-23.2508,15.1785],[-23.2436,15.241],[-23.2472,15.2566],[-23.2112,15.3243],[-23.1392,15.3174],[-23.1176,15.2688],[-23.1176,15.1664],[-23.1824,15.1368]]],[[[-23.4452,15.0084],[-23.5064,14.9164],[-23.636,14.9233],[-23.7044,14.9615],[-23.7836,15.0761],[-23.7836,15.1664],[-23.7548,15.2427],[-23.7584,15.3104],[-23.7476,15.3278],[-23.708,15.3174],[-23.7008,15.2722],[-23.5784,15.1611],[-23.5352,15.1386],[-23.4452,15.0084]]],[[[44.4766,-12.082],[44.527,-12.2191],[44.527,-12.3233],[44.5054,-12.3562],[44.4586,-12.3354],[44.3758,-12.2521],[44.221,-12.1722],[44.293,-12.1653],[44.3362,-12.1722],[44.3794,-12.1653],[44.4082,-12.1201],[44.4118,-12.0924],[44.4514,-12.0715],[44.4766,-12.082]]],[[[43.789,-12.3076],[43.8574,-12.3684],[43.663,-12.3424],[43.6342,-12.2885],[43.6306,-12.2469],[43.7026,-12.2556],[43.789,-12.3076]]],[[[45.1787,-12.976],[45.1175,-12.9847],[45.0887,-12.9586],[45.0707,-12.8961],[45.0887,-12.8354],[45.0923,-12.7868],[45.0419,-12.7017],[45.0923,-12.6531],[45.1355,-12.7087],[45.1571,-12.7121],[45.2219,-12.7521],[45.2039,-12.825],[45.2075,-12.8475],[45.1787,-12.9204],[45.1787,-12.976]]],[[[43.465,-11.9014],[43.447,-11.9153],[43.357,-11.858],[43.303,-11.8441],[43.2274,-11.7521],[43.2562,-11.4327],[43.2814,-11.391],[43.2994,-11.3737],[43.3426,-11.3685],[43.393,-11.4084],[43.3786,-11.615],[43.447,-11.7521],[43.4902,-11.8615],[43.465,-11.9014]]],[[[39.7102,-7.978],[39.6562,-7.9902],[39.6346,-7.978],[39.6022,-7.9364],[39.6598,-7.8999],[39.7174,-7.8322],[39.847,-7.7298],[39.8902,-7.6638],[39.9082,-7.6499],[39.8974,-7.7281],[39.8254,-7.8999],[39.7606,-7.9121],[39.7102,-7.978]]],[[[40.9954,-2.159],[40.9558,-2.1676],[40.9774,-2.1104],[41.0854,-2.0357],[41.1322,-2.0531],[41.1394,-2.0704],[41.1358,-2.0843],[41.1178,-2.0999],[40.9954,-2.159]]],[[[39.4978,-6.1743],[39.5734,-6.3879],[39.5626,-6.4278],[39.5086,-6.4521],[39.4798,-6.4538],[39.4474,-6.4191],[39.4222,-6.3479],[39.3826,-6.3653],[39.3142,-6.2785],[39.2422,-6.275],[39.181,-6.1726],[39.2062,-6.0841],[39.1918,-5.9313],[39.2674,-5.8532],[39.3106,-5.7212],[39.3574,-5.8115],[39.3682,-5.9504],[39.433,-6.1153],[39.487,-6.1657],[39.4978,-6.1743]]],[[[57.6528,-20.4842],[57.5232,-20.5137],[57.3828,-20.5033],[57.3288,-20.4495],[57.318,-20.4269],[57.3648,-20.4061],[57.3612,-20.3384],[57.3864,-20.229],[57.4152,-20.1839],[57.4872,-20.144],[57.516,-20.0554],[57.5772,-19.9964],[57.6564,-19.9895],[57.7356,-20.0988],[57.7932,-20.2134],[57.7824,-20.3262],[57.7248,-20.3696],[57.7068,-20.4356],[57.6528,-20.4842]]],[[[55.7988,-21.3401],[55.6548,-21.3696],[55.5576,-21.3592],[55.3632,-21.2741],[55.3092,-21.2168],[55.2336,-21.0588],[55.2516,-21.0033],[55.3128,-20.9043],[55.4496,-20.8644],[55.5972,-20.88],[55.662,-20.9061],[55.7376,-21.0206],[55.8384,-21.1387],[55.824,-21.2776],[55.7988,-21.3401]]],[[[48.3431,-13.3631],[48.3431,-13.3996],[48.2135,-13.3857],[48.1919,-13.2607],[48.2567,-13.2555],[48.2711,-13.2052],[48.3107,-13.1982],[48.3503,-13.3093],[48.3431,-13.3631]]],[[[49.9379,-16.9028],[49.8227,-17.0869],[49.8551,-16.9324],[49.9847,-16.7119],[50.0243,-16.6945],[49.9379,-16.9028]]],[[[-5.6935,-15.9984],[-5.7835,-16.0036],[-5.7763,-15.9567],[-5.7079,-15.9064],[-5.6611,-15.9133],[-5.6611,-15.9706],[-5.6935,-15.9984]]],[[[39.865,-4.9053],[39.8722,-4.9574],[39.8542,-5.0043],[39.8578,-5.1553],[39.8542,-5.256],[39.7966,-5.3949],[39.7498,-5.4435],[39.7066,-5.4296],[39.6742,-5.407],[39.6454,-5.3688],[39.6994,-5.1136],[39.6742,-4.9279],[39.7822,-4.9452],[39.865,-4.9053]]],[[[55.5396,-4.6935],[55.5432,-4.7855],[55.4964,-4.7543],[55.482,-4.6953],[55.4172,-4.6501],[55.3848,-4.6085],[55.4568,-4.5581],[55.5396,-4.6935]]],[[[8.7355,3.7591],[8.7607,3.7539],[8.9083,3.7573],[8.9515,3.7053],[8.9479,3.6271],[8.7931,3.3997],[8.7643,3.3042],[8.7031,3.2244],[8.6527,3.2174],[8.4763,3.2643],[8.4439,3.2938],[8.4331,3.332],[8.4511,3.4223],[8.4655,3.4501],[8.5483,3.4674],[8.5771,3.483],[8.6239,3.5803],[8.6383,3.6688],[8.6743,3.7365],[8.7355,3.7591]]],[[[6.6583,0.1204],[6.5575,0.0475],[6.5215,0.0666],[6.4963,0.1169],[6.4675,0.228],[6.4783,0.2801],[6.5251,0.3409],[6.6259,0.3999],[6.6871,0.4051],[6.7483,0.3253],[6.7483,0.2437],[6.6583,0.1204]]],[[[7.4251,1.5682],[7.3855,1.5422],[7.3423,1.563],[7.3315,1.603],[7.3891,1.6793],[7.4143,1.6984],[7.4359,1.6828],[7.4503,1.662],[7.4539,1.6307],[7.4251,1.5682]]],[[[7.2991,4.4188],[7.2055,4.3875],[7.1407,4.3945],[7.2271,4.5281],[7.2703,4.4986],[7.3279,4.4865],[7.2991,4.4188]]],[[[-44.131,-23.142],[-44.0986,-23.1698],[-44.1562,-23.1663],[-44.221,-23.1906],[-44.3218,-23.2115],[-44.3614,-23.1715],[-44.275,-23.116],[-44.2426,-23.0743],[-44.221,-23.083],[-44.1922,-23.1125],[-44.131,-23.142]]],[[[-48.5843,-26.4022],[-48.6023,-26.4144],[-48.6671,-26.2894],[-48.5411,-26.1696],[-48.4979,-26.2182],[-48.5303,-26.3137],[-48.5663,-26.3797],[-48.5843,-26.4022]]],[[[-48.4871,-27.7667],[-48.5555,-27.8119],[-48.5411,-27.5741],[-48.5051,-27.4959],[-48.4655,-27.4369],[-48.4151,-27.4005],[-48.3791,-27.4508],[-48.4079,-27.5671],[-48.4979,-27.7077],[-48.4871,-27.7667]]],[[[-45.2615,-23.8885],[-45.2615,-23.9406],[-45.3011,-23.9146],[-45.4127,-23.9354],[-45.4523,-23.8955],[-45.3011,-23.7271],[-45.2723,-23.7514],[-45.2507,-23.7826],[-45.2327,-23.826],[-45.2507,-23.8538],[-45.2615,-23.8885]]],[[[11.2771,34.7537],[11.1223,34.6825],[11.1547,34.745],[11.2555,34.8196],[11.2807,34.8023],[11.2771,34.7537]]],[[[10.9567,33.7225],[10.9315,33.7173],[10.8847,33.6895],[10.8559,33.6878],[10.7839,33.7173],[10.7587,33.7173],[10.7227,33.7381],[10.7335,33.8562],[10.7443,33.8892],[10.9207,33.8926],[11.0179,33.8232],[11.0323,33.8058],[11.0359,33.785],[10.9927,33.7468],[10.9567,33.7225]]],[[[-4.4118,54.1848],[-4.6134,54.058],[-4.6962,54.0806],[-4.7646,54.0702],[-4.7862,54.0737],[-4.7466,54.1188],[-4.6998,54.2247],[-4.6134,54.2664],[-4.509,54.3775],[-4.4262,54.407],[-4.3938,54.4035],[-4.3758,54.3931],[-4.3362,54.2698],[-4.3938,54.2247],[-4.4118,54.1848]]],[[[-6.6079,56.5857],[-6.6655,56.5787],[-6.6691,56.5943],[-6.5683,56.662],[-6.5071,56.6725],[-6.4855,56.6655],[-6.5287,56.6273],[-6.6079,56.5857]]],[[[-5.1067,55.4486],[-5.2327,55.4486],[-5.2759,55.4573],[-5.3299,55.4816],[-5.3911,55.6187],[-5.3695,55.6673],[-5.3443,55.6899],[-5.3191,55.709],[-5.2507,55.7177],[-5.1859,55.6916],[-5.1607,55.6673],[-5.1067,55.5736],[-5.0959,55.4937],[-5.1067,55.4486]]],[[[-5.7763,56.3444],[-6.1759,56.2888],[-6.3127,56.294],[-6.3271,56.3218],[-6.2983,56.3391],[-6.1867,56.3565],[-6.1399,56.4902],[-6.3091,56.5527],[-6.3199,56.57],[-6.3055,56.5995],[-6.2875,56.6117],[-6.1831,56.6429],[-6.1399,56.6499],[-6.1039,56.6464],[-6.0283,56.61],[-5.9455,56.5353],[-5.8375,56.5232],[-5.7619,56.4902],[-5.7763,56.3444]]],[[[-6.1291,55.9312],[-6.0931,55.8027],[-6.0571,55.7229],[-6.0571,55.6951],[-6.0895,55.6569],[-6.2515,55.6066],[-6.3055,55.6066],[-6.3055,55.6187],[-6.2695,55.6708],[-6.3019,55.7281],[-6.2875,55.7732],[-6.3019,55.7802],[-6.3343,55.7749],[-6.4531,55.7038],[-6.4927,55.6968],[-6.4963,55.7107],[-6.4675,55.7697],[-6.4639,55.8079],[-6.4459,55.8322],[-6.4135,55.8548],[-6.3739,55.8722],[-6.3451,55.8739],[-6.3127,55.8565],[-6.2155,55.9051],[-6.1291,55.9312]]],[[[-5.9707,55.8149],[-5.9923,55.8045],[-6.0427,55.8062],[-6.0607,55.8236],[-6.0715,55.8479],[-6.0715,55.893],[-6.0427,55.926],[-5.9131,55.9746],[-5.9707,55.9919],[-5.9743,56.0041],[-5.9383,56.0458],[-5.7979,56.1083],[-5.7619,56.1204],[-5.7259,56.1187],[-5.7979,56.0058],[-5.9707,55.8149]]],[[[-1.0422,60.5142],[-1.0674,60.5021],[-1.1646,60.6045],[-1.0926,60.7208],[-1.0062,60.7173],[-0.9918,60.6861],[-0.999,60.6583],[-1.0458,60.6549],[-1.0494,60.6462],[-1.035,60.5924],[-1.035,60.5299],[-1.0422,60.5142]]],[[[-1.3086,60.5368],[-1.287,60.4674],[-1.2366,60.4847],[-1.1574,60.417],[-1.1178,60.417],[-1.053,60.4448],[-1.0674,60.3823],[-1.1322,60.207],[-1.1538,60.1775],[-1.1646,60.1236],[-1.179,60.1132],[-1.2006,60.0073],[-1.2438,59.9709],[-1.2834,59.8875],[-1.2978,59.8789],[-1.3554,59.9118],[-1.2978,60.0403],[-1.2762,60.115],[-1.2906,60.1531],[-1.323,60.1879],[-1.4094,60.1896],[-1.4814,60.174],[-1.4958,60.1948],[-1.4994,60.2226],[-1.5174,60.2313],[-1.6146,60.2295],[-1.6398,60.2365],[-1.6614,60.2625],[-1.665,60.2833],[-1.575,60.299],[-1.4958,60.292],[-1.3734,60.3337],[-1.449,60.4691],[-1.5498,60.4813],[-1.5714,60.4951],[-1.5534,60.5177],[-1.4994,60.5299],[-1.413,60.5993],[-1.3626,60.6097],[-1.3014,60.608],[-1.3086,60.5368]]],[[[-0.7758,60.8128],[-0.7758,60.8007],[-0.8262,60.7156],[-0.8262,60.6844],[-0.909,60.6878],[-0.9234,60.6965],[-0.9378,60.7451],[-0.927,60.7972],[-0.9162,60.8111],[-0.891,60.8163],[-0.8658,60.8059],[-0.8226,60.8319],[-0.801,60.8319],[-0.7758,60.8128]]],[[[-3.1662,58.7939],[-3.2238,58.7817],[-3.2778,58.7817],[-3.3678,58.839],[-3.4002,58.8824],[-3.393,58.9102],[-3.357,58.9188],[-3.2706,58.905],[-3.2274,58.8564],[-3.2238,58.8251],[-3.213,58.813],[-3.159,58.8008],[-3.1662,58.7939]]],[[[-4.1958,53.322],[-4.1562,53.3029],[-4.0482,53.3063],[-4.0842,53.2647],[-4.1994,53.2178],[-4.2786,53.1727],[-4.3722,53.1345],[-4.419,53.1779],[-4.473,53.1761],[-4.5522,53.2612],[-4.5666,53.3862],[-4.4622,53.4192],[-4.3146,53.4175],[-4.1958,53.322]]],[[[-2.5506,59.2313],[-2.6622,59.2296],[-2.6046,59.2886],[-2.5362,59.3042],[-2.4066,59.2973],[-2.4282,59.2713],[-2.5506,59.2313]]],[[[-2.9286,58.7418],[-2.9394,58.7383],[-2.9754,58.7574],[-3.0366,58.8234],[-2.9394,58.8355],[-2.8962,58.8268],[-2.9142,58.7991],[-2.9286,58.7418]]],[[[-3.0582,59.03],[-3.069,59.0056],[-2.9934,59.0056],[-2.8854,58.9848],[-2.817,58.9813],[-2.763,58.9553],[-2.7918,58.9067],[-2.8278,58.8928],[-2.8638,58.8911],[-2.9934,58.9397],[-3.1662,58.9188],[-3.2022,58.9258],[-3.2238,58.9379],[-3.231,58.9553],[-3.231,58.99],[-3.2418,59.0004],[-3.303,58.9675],[-3.3318,58.9709],[-3.3462,58.9866],[-3.3534,59.0195],[-3.3462,59.0647],[-3.3102,59.1306],[-3.249,59.1445],[-3.1554,59.1358],[-3.051,59.0994],[-3.0186,59.0768],[-3.0186,59.0577],[-3.0582,59.03]]],[[[-6.6223,61.8058],[-6.6439,61.7676],[-6.6691,61.7694],[-6.7627,61.8145],[-6.8383,61.8405],[-6.8635,61.8631],[-6.8851,61.8996],[-6.8419,61.903],[-6.7915,61.8961],[-6.6619,61.8614],[-6.6259,61.8267],[-6.6223,61.8058]]],[[[-6.6979,61.4447],[-6.6799,61.4135],[-6.7015,61.417],[-6.7699,61.4517],[-6.8887,61.535],[-6.9283,61.6027],[-6.9355,61.634],[-6.9067,61.6305],[-6.8815,61.6027],[-6.7699,61.5836],[-6.7411,61.5697],[-6.7411,61.5367],[-6.7051,61.4968],[-6.6979,61.4447]]],[[[-7.1875,62.1391],[-7.0975,62.1009],[-7.0651,62.0732],[-7.1155,62.0471],[-7.1803,62.0402],[-7.2559,62.0454],[-7.3783,62.0749],[-7.4215,62.1409],[-7.3351,62.1391],[-7.2343,62.1513],[-7.1875,62.1391]]],[[[-6.6295,62.2277],[-6.6547,62.094],[-6.6979,62.094],[-6.7699,62.1322],[-6.8239,62.1391],[-6.8419,62.12],[-6.8383,62.0957],[-6.8095,62.0801],[-6.7231,61.9898],[-6.7159,61.9638],[-6.7267,61.9516],[-6.8095,61.9777],[-7.0147,62.094],[-7.1731,62.285],[-6.9571,62.3162],[-6.8023,62.2659],[-6.6295,62.2277]]],[[[-2.7306,59.1862],[-2.817,59.1619],[-2.853,59.1827],[-2.8602,59.247],[-2.9646,59.2747],[-3.015,59.2921],[-3.051,59.3233],[-3.0438,59.3338],[-2.9754,59.3476],[-2.8602,59.2886],[-2.8134,59.24],[-2.7306,59.2261],[-2.7198,59.2192],[-2.7306,59.1862]]],[[[-6.4063,62.2589],[-6.4531,62.186],[-6.5251,62.1982],[-6.5431,62.2051],[-6.5611,62.2242],[-6.5503,62.278],[-6.5539,62.3561],[-6.4747,62.2919],[-6.4063,62.2589]]],[[[-6.1975,58.3633],[-6.3271,58.1897],[-6.3739,58.1845],[-6.4207,58.1411],[-6.5539,58.0925],[-6.4351,58.0925],[-6.4027,58.0752],[-6.4027,58.0422],[-6.4243,58.0213],[-6.5791,57.9415],[-6.6835,57.9102],[-6.7951,57.8269],[-6.8527,57.8269],[-6.9103,57.7731],[-6.9571,57.7505],[-6.9823,57.7505],[-7.0147,57.7609],[-7.0831,57.813],[-6.9571,57.8651],[-6.9427,57.8929],[-6.8563,57.9241],[-6.8635,57.9328],[-7.0039,57.9745],[-7.0579,58.004],[-7.0507,58.0179],[-6.9859,58.0508],[-7.0183,58.0543],[-7.0399,58.0717],[-7.0759,58.0786],[-7.0903,58.096],[-7.0939,58.1376],[-7.0867,58.1828],[-7.0435,58.2019],[-7.0291,58.2227],[-7.0111,58.2279],[-6.9499,58.2175],[-6.8851,58.1828],[-6.8131,58.1967],[-6.7267,58.1897],[-6.7231,58.1984],[-6.7879,58.2835],[-6.7771,58.3008],[-6.7411,58.3217],[-6.5431,58.3824],[-6.2983,58.4866],[-6.2371,58.5022],[-6.2191,58.4883],[-6.1939,58.4345],[-6.1975,58.3633]]],[[[-6.2803,56.9641],[-6.3091,56.952],[-6.3451,56.9537],[-6.3847,56.9711],[-6.4315,57.0179],[-6.3235,57.0509],[-6.2767,57.0318],[-6.2623,57.0092],[-6.2623,56.9849],[-6.2803,56.9641]]],[[[-6.1435,57.5057],[-6.1471,57.4606],[-6.1651,57.4085],[-6.1399,57.353],[-6.1363,57.3148],[-6.0931,57.3009],[-6.0679,57.2835],[-5.8807,57.2627],[-5.7043,57.2696],[-5.6719,57.2523],[-5.6683,57.2262],[-5.6971,57.1985],[-5.7943,57.1464],[-5.9131,57.0631],[-5.9491,57.0457],[-5.9887,57.044],[-6.0139,57.0526],[-6.0355,57.2019],[-6.1615,57.1828],[-6.2659,57.1846],[-6.3235,57.2019],[-6.3631,57.2367],[-6.4423,57.3269],[-6.6763,57.3634],[-6.7411,57.412],[-6.7627,57.4432],[-6.7519,57.4589],[-6.7051,57.4953],[-6.6439,57.4832],[-6.6043,57.4901],[-6.5827,57.5075],[-6.5827,57.5214],[-6.6151,57.5526],[-6.6151,57.563],[-6.3775,57.603],[-6.3595,57.6672],[-6.3055,57.6724],[-6.2479,57.6516],[-6.1651,57.5856],[-6.1435,57.5057]]],[[[-7.2055,57.6828],[-7.0939,57.6273],[-7.1839,57.5335],[-7.3207,57.5335],[-7.5151,57.6012],[-7.5151,57.6151],[-7.5007,57.6359],[-7.4719,57.6533],[-7.4395,57.6568],[-7.3927,57.6446],[-7.3243,57.6637],[-7.2703,57.6568],[-7.2055,57.6828]]],[[[-7.2487,57.1151],[-7.2919,57.1099],[-7.3459,57.1151],[-7.3819,57.1308],[-7.4143,57.1915],[-7.4215,57.2297],[-7.4071,57.2992],[-7.4107,57.3807],[-7.2955,57.3842],[-7.2667,57.3721],[-7.2487,57.1256],[-7.2487,57.1151]]],[[[-9.9487,53.914],[-9.9523,53.8844],[-10.0279,53.9209],[-10.0639,53.9591],[-10.2655,53.9782],[-10.1827,54.0164],[-10.1395,54.006],[-9.9955,54.0042],[-9.9559,53.9869],[-9.9487,53.914]]],[[[-7.4179,56.9658],[-7.5043,56.952],[-7.5367,56.9589],[-7.5439,56.9728],[-7.5223,57.0075],[-7.4539,57.0197],[-7.4071,57.0006],[-7.3999,56.9832],[-7.4179,56.9658]]],[[[21.9944,60.3372],[21.9224,60.332],[21.818,60.3823],[21.8072,60.4014],[21.8468,60.4118],[21.818,60.4517],[21.8288,60.4691],[21.908,60.4379],[21.9512,60.4014],[21.908,60.3927],[21.98,60.3545],[21.9944,60.3372]]],[[[19.6616,60.1879],[19.6688,60.1653],[19.6292,60.1705],[19.6004,60.1636],[19.5788,60.1358],[19.5356,60.1445],[19.5176,60.1844],[19.55,60.2434],[19.6292,60.2469],[19.6616,60.1879]]],[[[19.9892,60.3511],[20.0216,60.3511],[20.0324,60.3597],[20.0864,60.3528],[20.1692,60.3146],[20.1836,60.2938],[20.2412,60.2833],[20.2592,60.2608],[20.1944,60.1931],[20.1548,60.1931],[20.126,60.2],[20.072,60.1931],[20.0432,60.1809],[20.0324,60.1531],[20.0324,60.0941],[19.7984,60.082],[19.7444,60.0993],[19.6724,60.233],[19.6868,60.2677],[19.7372,60.2816],[19.7804,60.2851],[19.784,60.2139],[19.8488,60.2209],[19.8668,60.2677],[19.8704,60.3024],[19.856,60.3181],[19.8128,60.332],[19.7876,60.3545],[19.8236,60.391],[19.8884,60.4066],[19.946,60.358],[19.9892,60.3511]]],[[[21.2168,63.2415],[21.2276,63.2224],[21.2888,63.2276],[21.3644,63.2623],[21.422,63.2467],[21.4148,63.1981],[21.3788,63.1998],[21.368,63.2068],[21.3176,63.179],[21.3104,63.1634],[21.2528,63.1512],[21.1484,63.1998],[21.0836,63.278],[21.2348,63.278],[21.2204,63.2589],[21.2168,63.2415]]],[[[19.1576,57.9224],[19.1396,57.8599],[19.0856,57.8651],[19.0388,57.9102],[19.136,57.9814],[19.28,57.9779],[19.3304,57.9623],[19.1576,57.9224]]],[[[16.5296,56.2905],[16.4756,56.2402],[16.4324,56.2437],[16.4,56.3114],[16.3928,56.4832],[16.4108,56.5683],[16.6304,56.8773],[16.7276,56.9016],[16.8644,57.0908],[16.9004,57.1742],[16.9616,57.2505],[16.9976,57.3183],[17.0264,57.3443],[17.0876,57.3321],[17.1164,57.32],[17.0516,57.2801],[17.0588,57.2297],[17.0552,57.2071],[16.8824,56.9849],[16.8392,56.8409],[16.778,56.8044],[16.5296,56.2905]]],[[[15.086,55.0215],[15.05,55.0042],[14.8843,55.0337],[14.6827,55.1031],[14.7151,55.2385],[14.7655,55.2975],[15.1328,55.1448],[15.1364,55.0875],[15.086,55.0215]]],[[[13.7107,54.3827],[13.7359,54.315],[13.7071,54.282],[13.5955,54.3375],[13.4803,54.3375],[13.4155,54.249],[13.3651,54.2455],[13.1887,54.3254],[13.1635,54.3653],[13.1563,54.3966],[13.1815,54.5094],[13.1779,54.5441],[13.2319,54.5823],[13.2391,54.6379],[13.3363,54.6969],[13.4227,54.6986],[13.4515,54.65],[13.4911,54.6153],[13.6351,54.5771],[13.6567,54.5597],[13.6711,54.5354],[13.6027,54.4886],[13.5811,54.4643],[13.6027,54.4243],[13.7107,54.3827]]],[[[12.5479,54.966],[12.5119,54.9503],[12.3571,54.9625],[12.1843,54.8931],[12.1195,54.9139],[12.1447,54.959],[12.1627,54.9746],[12.2203,54.9937],[12.2599,55.0215],[12.2743,55.0649],[12.3103,55.0406],[12.4183,55.0319],[12.4687,55.018],[12.5119,54.9972],[12.5479,54.966]]],[[[12.6667,55.5961],[12.5731,55.5545],[12.5515,55.5562],[12.5191,55.6152],[12.5695,55.65],[12.5983,55.6795],[12.6199,55.6795],[12.6487,55.6465],[12.6667,55.5961]]],[[[11.3599,54.8913],[11.5399,54.8288],[11.6587,54.8323],[11.7379,54.808],[11.7595,54.7681],[11.7667,54.6795],[11.6803,54.6535],[11.5867,54.6622],[11.4571,54.6292],[11.0359,54.7733],[11.0431,54.8931],[11.0575,54.9399],[11.2591,54.9521],[11.3599,54.8913]]],[[[10.4851,54.8479],[10.4167,54.8375],[10.3411,54.8583],[10.2151,54.9417],[10.2007,54.9625],[10.2655,54.9486],[10.3483,54.9052],[10.4131,54.8965],[10.5031,54.8601],[10.4851,54.8479]]],[[[10.0603,54.8861],[9.9559,54.8722],[9.9055,54.8965],[9.8047,54.9052],[9.7723,55.0597],[9.7795,55.0684],[9.8299,55.058],[9.9991,54.9868],[10.0567,54.9087],[10.0603,54.8861]]],[[[10.7335,54.7507],[10.6903,54.7455],[10.6291,54.8254],[10.6219,54.8514],[10.6939,54.9035],[10.7371,54.9625],[10.8559,55.0528],[10.9243,55.1587],[10.9495,55.1569],[10.9207,55.0614],[10.7659,54.7993],[10.7335,54.7507]]],[[[10.6075,55.7836],[10.5895,55.7645],[10.5283,55.7836],[10.5211,55.8479],[10.5427,55.9069],[10.5175,55.959],[10.5463,55.9919],[10.6363,55.9138],[10.6615,55.8774],[10.6291,55.834],[10.6075,55.7836]]],[[[11.2843,54.4174],[11.1295,54.4157],[11.0719,54.4556],[11.0107,54.466],[11.0431,54.5163],[11.0863,54.5337],[11.2339,54.5007],[11.2807,54.4382],[11.2843,54.4174]]],[[[11.0539,57.2523],[11.0107,57.2297],[10.8739,57.2627],[10.9351,57.3078],[11.0863,57.3304],[11.1727,57.3235],[11.0755,57.2766],[11.0539,57.2523]]],[[[8.3071,54.7872],[8.2855,54.7663],[8.2963,54.9087],[8.4043,55.058],[8.4511,55.0545],[8.4043,55.0146],[8.3899,54.9868],[8.3719,54.9295],[8.3791,54.9],[8.6311,54.8913],[8.6023,54.8653],[8.3467,54.8479],[8.3071,54.7872]]],[[[-1.179,45.904],[-1.215,45.8172],[-1.2798,45.8971],[-1.3698,45.9683],[-1.3878,46.0325],[-1.3878,46.0499],[-1.2834,46.003],[-1.179,45.904]]],[[[-1.0638,50.6902],[-1.1502,50.6555],[-1.1754,50.6155],[-1.197,50.5999],[-1.251,50.5895],[-1.305,50.5878],[-1.5138,50.6694],[-1.5642,50.6659],[-1.5174,50.7041],[-1.3842,50.7336],[-1.3122,50.7735],[-1.143,50.7353],[-1.0638,50.6902]]],[[[4.887,53.0703],[4.7862,52.9991],[4.725,53.0199],[4.7106,53.0355],[4.7394,53.0911],[4.887,53.1831],[4.887,53.0703]]],[[[10.3951,42.8573],[10.4275,42.8192],[10.4311,42.7966],[10.4095,42.7705],[10.4203,42.7133],[10.3339,42.7619],[10.2079,42.7376],[10.1323,42.7428],[10.1107,42.7844],[10.1287,42.8105],[10.2475,42.8157],[10.2871,42.8278],[10.3591,42.8226],[10.3951,42.8573]]],[[[8.4799,39.0676],[8.4223,38.9687],[8.3611,39.0381],[8.3575,39.0989],[8.3683,39.1163],[8.4403,39.0902],[8.4799,39.0676]]],[[[8.2855,41.0397],[8.2531,40.9946],[8.2063,40.9981],[8.2243,41.0311],[8.2675,41.0988],[8.3215,41.1213],[8.3431,41.1022],[8.3179,41.0623],[8.2855,41.0397]]],[[[4.293,39.8419],[4.275,39.8298],[3.969,39.9461],[3.8682,39.9582],[3.843,39.9756],[3.8466,40.0363],[3.8538,40.0624],[4.059,40.0745],[4.2246,40.0329],[4.3146,39.9166],[4.3218,39.8975],[4.293,39.8419]]],[[[1.593,38.6718],[1.5714,38.6597],[1.5066,38.6718],[1.4058,38.6718],[1.4022,38.7118],[1.4166,38.7395],[1.4346,38.7691],[1.4958,38.7118],[1.593,38.7014],[1.593,38.6718]]],[[[1.4454,38.9184],[1.4094,38.8576],[1.2582,38.8784],[1.2222,38.9045],[1.2546,38.9739],[1.3014,38.9826],[1.3014,39.0312],[1.3482,39.0815],[1.5642,39.1215],[1.6146,39.0867],[1.6254,39.0381],[1.4958,38.9322],[1.4454,38.9184]]],[[[-31.1385,39.4062],[-31.1817,39.3593],[-31.2573,39.3767],[-31.2825,39.394],[-31.2609,39.4964],[-31.1997,39.5207],[-31.1385,39.4791],[-31.1385,39.4062]]],[[[-27.0741,38.6441],[-27.0957,38.6336],[-27.3045,38.6614],[-27.3621,38.6979],[-27.3873,38.7656],[-27.3513,38.7882],[-27.2613,38.802],[-27.1281,38.7899],[-27.0417,38.7413],[-27.0417,38.6788],[-27.0741,38.6441]]],[[[-27.7797,38.5555],[-27.8265,38.5434],[-28.0929,38.6198],[-28.1865,38.6562],[-28.3089,38.7448],[-27.9633,38.6371],[-27.7797,38.5555]]],[[[-28.6401,38.5243],[-28.7445,38.5225],[-28.8417,38.5989],[-28.6977,38.6389],[-28.6545,38.6146],[-28.6257,38.5868],[-28.6041,38.5503],[-28.6401,38.5243]]],[[[-28.1469,38.4531],[-28.0641,38.4132],[-28.1901,38.4045],[-28.2297,38.3854],[-28.3341,38.4132],[-28.4529,38.408],[-28.5321,38.4618],[-28.5501,38.5191],[-28.5105,38.5538],[-28.4025,38.5538],[-28.1469,38.4531]]],[[[-25.6485,37.8403],[-25.5873,37.8334],[-25.2669,37.849],[-25.1805,37.8386],[-25.1913,37.7639],[-25.2525,37.7344],[-25.4397,37.7153],[-25.7349,37.7622],[-25.8321,37.8264],[-25.8465,37.8733],[-25.8465,37.8941],[-25.7853,37.9115],[-25.6485,37.8403]]],[[[14.5675,35.8526],[14.5315,35.8196],[14.4379,35.8213],[14.3515,35.8717],[14.3515,35.9776],[14.4487,35.9567],[14.5387,35.8856],[14.5675,35.8526]]],[[[15.23,44.0621],[15.248,44.0274],[15.122,44.0934],[15.0752,44.1385],[15.0644,44.1576],[15.23,44.0621]]],[[[14.8087,44.977],[14.6863,44.9562],[14.6287,44.9944],[14.6143,45.0256],[14.5099,45.036],[14.4487,45.0794],[14.4379,45.0985],[14.5243,45.1471],[14.5711,45.2253],[14.6287,45.1784],[14.7007,45.0898],[14.7403,45.0655],[14.8087,44.977]]],[[[14.8303,44.7583],[14.8555,44.7149],[14.7619,44.7548],[14.6791,44.7704],[14.6611,44.7999],[14.6719,44.8242],[14.6899,44.8485],[14.7547,44.8451],[14.7655,44.8208],[14.8303,44.7583]]],[[[15.1868,44.3364],[15.1616,44.3086],[15.0968,44.359],[15.0392,44.3937],[14.9959,44.4336],[14.9131,44.4857],[14.8843,44.5447],[14.7619,44.6645],[14.7403,44.6975],[14.8051,44.6489],[14.8555,44.6177],[14.8987,44.6107],[15.0068,44.5343],[15.1148,44.4354],[15.2408,44.3503],[15.212,44.3468],[15.1868,44.3364]]],[[[15.1904,43.9215],[15.2048,43.9076],[15.2012,43.8972],[15.1508,43.9111],[15.1364,43.9076],[14.8915,44.1264],[14.8663,44.168],[14.9527,44.1177],[15.1904,43.9215]]],[[[15.3704,43.9736],[15.4388,43.8989],[15.374,43.9146],[15.3092,43.9614],[15.2696,44.0101],[15.3704,43.9736]]],[[[14.4883,44.6593],[14.4811,44.6211],[14.4199,44.6697],[14.3875,44.7583],[14.3119,44.9006],[14.3011,44.9405],[14.3407,44.9805],[14.3407,45.0204],[14.2867,45.1454],[14.3299,45.1645],[14.3587,45.168],[14.3695,45.0812],[14.3947,45.0308],[14.4667,44.9701],[14.4523,44.8694],[14.4667,44.7253],[14.4811,44.694],[14.4883,44.6593]]],[[[17.6096,42.7688],[17.7428,42.7011],[17.3432,42.7896],[17.39,42.7983],[17.4332,42.8001],[17.6096,42.7688]]],[[[20.612,38.3837],[20.6264,38.2674],[20.6948,38.2465],[20.7884,38.1424],[20.7812,38.0885],[20.7596,38.0712],[20.6048,38.1198],[20.5688,38.0972],[20.522,38.1059],[20.4968,38.1649],[20.5004,38.184],[20.4716,38.2187],[20.4536,38.2344],[20.3924,38.1892],[20.3528,38.1806],[20.3528,38.2222],[20.4104,38.3368],[20.4356,38.3559],[20.4824,38.3177],[20.5184,38.3316],[20.5472,38.3941],[20.5508,38.4566],[20.5616,38.4757],[20.612,38.3837]]],[[[20.8892,37.8056],[20.9936,37.7084],[20.9108,37.7327],[20.8172,37.665],[20.7056,37.7431],[20.6336,37.8229],[20.6192,37.8542],[20.6912,37.9288],[20.7596,37.8524],[20.8388,37.8403],[20.8892,37.8056]]],[[[20.6876,38.6093],[20.648,38.6007],[20.6156,38.6059],[20.5832,38.6024],[20.5544,38.5833],[20.558,38.6614],[20.594,38.7604],[20.6336,38.8177],[20.6948,38.8437],[20.72,38.7986],[20.7164,38.6389],[20.6876,38.6093]]],[[[20.7596,38.3298],[20.7092,38.3194],[20.648,38.4149],[20.6228,38.4809],[20.648,38.4844],[20.6732,38.4757],[20.702,38.4514],[20.702,38.4253],[20.7128,38.3993],[20.738,38.3663],[20.7596,38.3298]]],[[[20.0792,39.4322],[20.1008,39.3767],[19.9748,39.4114],[19.8848,39.4617],[19.8092,39.585],[19.6472,39.7256],[19.6472,39.7673],[19.7084,39.7985],[19.838,39.8193],[19.892,39.7968],[19.9244,39.7742],[19.9352,39.7464],[19.8632,39.6926],[19.8452,39.6683],[19.9028,39.6197],[19.9028,39.6006],[19.928,39.5051],[19.9568,39.4704],[20.0288,39.4426],[20.0792,39.4322]]],[[[23.5496,37.9254],[23.51,37.9011],[23.4668,37.9028],[23.4344,37.9115],[23.42,37.9306],[23.438,37.941],[23.4632,37.9809],[23.4848,37.9913],[23.5172,37.9861],[23.5352,37.9705],[23.5496,37.9254]]],[[[23.0528,36.1894],[23.042,36.146],[22.9412,36.1755],[22.9124,36.2206],[22.9052,36.3196],[22.934,36.3682],[22.952,36.3838],[22.9988,36.3282],[23.096,36.2466],[23.0528,36.1894]]],[[[3.9474,51.7387],[4.0482,51.6849],[4.0662,51.6676],[4.0734,51.6485],[3.951,51.6276],[3.8178,51.6936],[3.7314,51.678],[3.699,51.7092],[3.699,51.7301],[3.789,51.7457],[3.9474,51.7387]]],[[[-51.0143,69.5519],[-51.1691,69.5171],[-51.2015,69.5258],[-51.2339,69.5519],[-51.3131,69.6734],[-51.3383,69.7324],[-51.3203,69.8036],[-51.3491,69.8539],[-51.2087,69.9147],[-51.0935,69.9234],[-50.9387,69.9095],[-50.6795,69.8487],[-50.6975,69.8296],[-50.7551,69.7984],[-50.9135,69.7567],[-50.9675,69.6647],[-50.9783,69.6178],[-50.9711,69.5831],[-51.0143,69.5519]]],[[[-37.0318,65.5313],[-37.1866,65.5313],[-37.237,65.6094],[-37.2226,65.6962],[-37.0462,65.7222],[-36.9526,65.6632],[-36.9886,65.5764],[-37.0318,65.5313]]],[[[-53.5343,71.0414],[-53.6279,71.0344],[-53.8979,71.0848],[-53.9411,71.1039],[-53.9591,71.1282],[-53.9483,71.1559],[-53.8619,71.208],[-53.6999,71.2827],[-53.5847,71.2966],[-53.5127,71.2497],[-53.4407,71.1854],[-53.4335,71.1542],[-53.4371,71.116],[-53.4551,71.083],[-53.4875,71.057],[-53.5343,71.0414]]],[[[-55.0176,72.7913],[-55.158,72.7235],[-55.2732,72.6836],[-55.5252,72.569],[-55.5684,72.5638],[-55.6332,72.5795],[-55.6872,72.6107],[-55.7808,72.6177],[-55.8132,72.6367],[-55.8276,72.6524],[-55.8708,72.6628],[-55.9356,72.668],[-56.0436,72.6558],[-56.1408,72.668],[-56.2164,72.7183],[-56.0796,72.7531],[-55.9932,72.7826],[-55.6656,72.793],[-55.5756,72.7808],[-55.518,72.7808],[-55.428,72.7878],[-55.2336,72.8242],[-55.2048,72.8416],[-55.032,72.8208],[-55.0176,72.7913]]],[[[-51.6767,70.8556],[-51.8099,70.8521],[-52.1195,70.8712],[-52.1447,70.8816],[-52.1483,70.9042],[-52.1051,70.9684],[-51.9683,70.9771],[-51.8063,70.9424],[-51.6299,70.8921],[-51.6083,70.8695],[-51.6767,70.8556]]],[[[-46.2659,60.7816],[-46.3811,60.6601],[-46.4963,60.6861],[-46.5539,60.7399],[-46.6655,60.766],[-46.7879,60.759],[-46.7915,60.7798],[-46.3955,60.9083],[-46.2047,60.943],[-46.2191,60.8892],[-46.2551,60.8423],[-46.2659,60.7816]]],[[[-71.3653,41.4859],[-71.3941,41.4668],[-71.4049,41.5154],[-71.3833,41.571],[-71.3653,41.571],[-71.3545,41.5415],[-71.3653,41.4859]]],[[[-74.1337,39.6805],[-74.2489,39.5294],[-74.2525,39.5589],[-74.1049,39.7464],[-74.1337,39.6805]]],[[[-74.1877,40.5224],[-74.2345,40.5189],[-74.1877,40.6144],[-74.1013,40.6578],[-74.0689,40.6491],[-74.0689,40.6162],[-74.0797,40.5867],[-74.1373,40.5415],[-74.1877,40.5224]]],[[[-64.7304,32.2938],[-64.8204,32.259],[-64.8456,32.2625],[-64.8636,32.2747],[-64.77,32.3077],[-64.6944,32.3875],[-64.6692,32.3823],[-64.7304,32.2938]]],[[[-70.5085,41.3765],[-70.7857,41.3279],[-70.8289,41.3592],[-70.7605,41.3731],[-70.6741,41.4477],[-70.6165,41.4564],[-70.5265,41.4147],[-70.5085,41.3765]]],[[[-71.2429,41.4911],[-71.2897,41.4651],[-71.3473,41.4685],[-71.3185,41.5067],[-71.3077,41.5605],[-71.2789,41.6196],[-71.2645,41.6387],[-71.2321,41.6543],[-71.2429,41.4911]]],[[[-69.9793,41.2654],[-70.0549,41.2498],[-70.2313,41.2863],[-70.0873,41.3175],[-70.0621,41.3279],[-70.0441,41.3748],[-70.0405,41.3974],[-69.9865,41.2984],[-69.9793,41.2654]]],[[[-75.7826,35.1894],[-75.9626,35.1182],[-75.9842,35.1234],[-75.8654,35.1738],[-75.7826,35.1894]]],[[[-75.635,35.856],[-75.6494,35.8352],[-75.7178,35.9463],[-75.6494,35.9099],[-75.635,35.8803],[-75.635,35.856]]],[[[-75.3326,37.8889],[-75.3794,37.8715],[-75.2246,38.0729],[-75.1382,38.2396],[-75.0986,38.2986],[-75.1346,38.1806],[-75.203,38.0729],[-75.3326,37.8889]]],[[[-75.545,35.2398],[-75.6782,35.212],[-75.689,35.2224],[-75.5378,35.278],[-75.4874,35.4793],[-75.4802,35.5713],[-75.5054,35.7363],[-75.5018,35.7692],[-75.4802,35.7172],[-75.455,35.5644],[-75.4658,35.4481],[-75.509,35.2797],[-75.545,35.2398]]],[[[-76.5026,34.6426],[-76.5278,34.6322],[-76.4378,34.7572],[-76.2578,34.9151],[-76.2074,34.9394],[-76.3586,34.804],[-76.5026,34.6426]]],[[[-84.9086,29.6429],[-85,29.6098],[-85,29.6282],[-84.8762,29.6793],[-84.8114,29.7175],[-84.7358,29.7332],[-84.9086,29.6429]]],[[[-81.4202,30.9709],[-81.4634,30.7279],[-81.4814,30.8147],[-81.485,30.898],[-81.4526,30.9466],[-81.4202,30.9709]]],[[[-77.6582,24.2491],[-77.6546,24.2266],[-77.7554,24.1641],[-77.6834,24.1189],[-77.615,24.2161],[-77.561,24.1363],[-77.5322,23.987],[-77.5358,23.9609],[-77.5322,23.9401],[-77.5214,23.9106],[-77.5178,23.8689],[-77.5754,23.7387],[-77.7698,23.7526],[-77.777,23.862],[-77.8058,23.8828],[-77.8526,24.0408],[-77.9138,24.0911],[-78.0002,24.2196],[-77.9498,24.2526],[-77.885,24.2422],[-77.849,24.2578],[-77.759,24.27],[-77.7014,24.2873],[-77.6582,24.2491]]],[[[-77.669,21.9524],[-77.7086,21.9211],[-77.7554,21.9663],[-77.7842,21.9698],[-77.8238,21.9871],[-77.8994,22.0375],[-77.9174,22.0878],[-77.8562,22.0913],[-77.7734,22.0826],[-77.633,22.0548],[-77.6474,21.9958],[-77.669,21.9524]]],[[[-78.0254,22.2857],[-78.047,22.2683],[-78.101,22.3065],[-78.1802,22.3222],[-78.227,22.3794],[-78.2702,22.402],[-78.2738,22.4228],[-78.2018,22.4385],[-78.1514,22.4315],[-78.0938,22.3864],[-78.0614,22.3065],[-78.0254,22.2857]]],[[[-78.6302,22.553],[-78.4934,22.5305],[-78.4466,22.5444],[-78.3998,22.5478],[-78.353,22.5392],[-78.2846,22.4558],[-78.3422,22.4454],[-78.389,22.4454],[-78.425,22.4593],[-78.5474,22.4645],[-78.6302,22.4888],[-78.6734,22.5096],[-78.695,22.534],[-78.6302,22.553]]],[[[-77.2262,25.9035],[-77.2478,25.8949],[-77.3342,25.9955],[-77.4026,26.0251],[-77.2946,26.0962],[-77.2478,26.157],[-77.2478,26.2889],[-77.2226,26.3618],[-77.2298,26.4243],[-77.2046,26.4886],[-77.237,26.5615],[-77.3306,26.6188],[-77.5106,26.8462],[-77.795,26.9017],[-77.9426,26.9035],[-77.8634,26.9399],[-77.7878,26.9365],[-77.6726,26.9139],[-77.5322,26.9035],[-77.4494,26.8358],[-77.3702,26.7472],[-77.2946,26.7125],[-77.2658,26.6882],[-77.2694,26.6639],[-77.2586,26.6396],[-77.1614,26.5979],[-77.0678,26.5302],[-77.039,26.3341],[-77.1686,26.2403],[-77.1902,25.9556],[-77.2262,25.9035]]],[[[-74.0581,22.7232],[-74.0365,22.7058],[-74.0977,22.6659],[-74.2417,22.7145],[-74.2741,22.711],[-74.3029,22.7648],[-74.3137,22.803],[-74.3065,22.8395],[-74.2201,22.8117],[-74.1769,22.7596],[-74.0581,22.7232]]],[[[-74.4289,24.0686],[-74.5081,23.9592],[-74.5513,23.9696],[-74.5261,24.105],[-74.4721,24.1259],[-74.4505,24.1259],[-74.4289,24.0686]]],[[[-73.0285,21.192],[-73.0573,21.1191],[-73.1653,20.9785],[-73.3993,20.9438],[-73.6621,20.9368],[-73.6801,20.975],[-73.6873,21.0097],[-73.6693,21.0618],[-73.6693,21.0827],[-73.6801,21.1035],[-73.5865,21.1261],[-73.5217,21.1903],[-73.4245,21.2024],[-73.3021,21.1556],[-73.2337,21.1538],[-73.1365,21.2042],[-73.0573,21.3135],[-73.0105,21.2997],[-73.0285,21.192]]],[[[-74.2057,22.2145],[-74.2777,22.1833],[-74.2597,22.2354],[-74.1265,22.3239],[-74.0509,22.4003],[-74.0113,22.4281],[-73.9933,22.4489],[-73.9357,22.4784],[-73.9069,22.527],[-73.9141,22.5687],[-73.9753,22.6346],[-73.9753,22.6815],[-73.9537,22.7162],[-73.8493,22.7319],[-73.8781,22.6815],[-73.8349,22.5392],[-73.9753,22.3604],[-74.0941,22.3065],[-74.2057,22.2145]]],[[[-76.6502,25.4869],[-76.4846,25.3741],[-76.3442,25.3324],[-76.193,25.19],[-76.1282,25.1397],[-76.1138,25.0946],[-76.139,24.8862],[-76.175,24.7595],[-76.1678,24.6501],[-76.2038,24.6814],[-76.2398,24.7543],[-76.301,24.796],[-76.319,24.8185],[-76.2146,24.822],[-76.2038,24.9366],[-76.1534,25.0251],[-76.1606,25.1189],[-76.283,25.2213],[-76.3694,25.3133],[-76.499,25.3411],[-76.6214,25.4313],[-76.6934,25.4435],[-76.7798,25.4261],[-76.7474,25.4799],[-76.7258,25.5511],[-76.7114,25.565],[-76.6502,25.4869]]],[[[-75.6638,23.4506],[-75.707,23.4436],[-75.7826,23.4714],[-75.9554,23.5929],[-76.0382,23.6033],[-76.0094,23.671],[-75.9482,23.6467],[-75.8078,23.5426],[-75.7538,23.4905],[-75.6638,23.4506]]],[[[-74.8393,22.895],[-74.8465,22.869],[-74.9725,23.0686],[-75.131,23.1172],[-75.2246,23.1659],[-75.203,23.1919],[-75.1418,23.204],[-75.131,23.2683],[-75.1562,23.336],[-75.2426,23.4749],[-75.2894,23.5686],[-75.311,23.5894],[-75.3146,23.6676],[-75.2174,23.546],[-75.1742,23.4384],[-75.1094,23.3325],[-75.0626,23.1502],[-74.9365,23.0877],[-74.8465,22.9992],[-74.8393,22.895]]],[[[-75.3074,24.2005],[-75.3002,24.1484],[-75.3686,24.1589],[-75.4694,24.1398],[-75.5018,24.1398],[-75.4802,24.1745],[-75.4118,24.2213],[-75.4082,24.2665],[-75.4946,24.3307],[-75.5918,24.4904],[-75.6386,24.5286],[-75.6602,24.5894],[-75.743,24.6553],[-75.725,24.6901],[-75.7106,24.697],[-75.653,24.6814],[-75.527,24.4488],[-75.5198,24.4279],[-75.3074,24.2005]]],[[[-77.8778,22.1277],[-77.9138,22.1243],[-78.011,22.1659],[-78.0434,22.2006],[-78.0074,22.2475],[-78.0002,22.2996],[-77.9858,22.3013],[-77.9714,22.2406],[-77.8922,22.2145],[-77.8886,22.2006],[-77.8418,22.1486],[-77.8778,22.1277]]],[[[-82.0358,26.4538],[-82.0718,26.4278],[-82.1438,26.4469],[-82.1834,26.4816],[-82.2014,26.5476],[-82.1402,26.4764],[-82.115,26.4608],[-82.0358,26.4538]]],[[[-77.7446,24.7074],[-77.7446,24.5859],[-77.7338,24.4956],[-77.7446,24.4627],[-77.8526,24.4036],[-77.8814,24.3689],[-77.9822,24.3342],[-78.0434,24.2873],[-78.0758,24.3654],[-78.137,24.4123],[-78.1442,24.4939],[-78.191,24.4661],[-78.2594,24.4835],[-78.3674,24.5442],[-78.4358,24.6276],[-78.3386,24.6415],[-78.3206,24.5894],[-78.2414,24.6536],[-78.2594,24.6866],[-78.2738,24.6918],[-78.299,24.7543],[-78.1838,24.9175],[-78.1586,25.0216],[-78.2126,25.1918],[-78.1622,25.2022],[-78.0326,25.1432],[-77.975,25.0841],[-77.975,25.0043],[-77.9174,24.9435],[-77.8418,24.7942],[-77.7446,24.7074]]],[[[-81.5678,24.5998],[-81.6326,24.5894],[-81.5786,24.6293],[-81.5606,24.6883],[-81.5318,24.6432],[-81.5318,24.6137],[-81.5678,24.5998]]],[[[-80.1854,27.2784],[-80.171,27.2055],[-80.261,27.3757],[-80.3762,27.643],[-80.4374,27.8513],[-80.3942,27.794],[-80.3546,27.6795],[-80.1854,27.2784]]],[[[-82.5614,21.5722],[-82.655,21.5184],[-82.853,21.4437],[-82.961,21.442],[-83.069,21.4698],[-83.141,21.5323],[-83.1842,21.593],[-83.1806,21.6226],[-83.1122,21.5739],[-83.0546,21.5496],[-83.0078,21.5653],[-82.9718,21.593],[-83.0834,21.7909],[-83.0762,21.8343],[-82.9898,21.942],[-82.7558,21.909],[-82.7162,21.8899],[-82.6802,21.8205],[-82.6298,21.7666],[-82.5686,21.6226],[-82.5614,21.5722]]],[[[-82.0826,26.5528],[-82.0862,26.4938],[-82.1366,26.5927],[-82.169,26.7004],[-82.1222,26.6656],[-82.0826,26.5528]]],[[[-79.3502,22.6642],[-79.3466,22.6381],[-79.523,22.711],[-79.5986,22.7874],[-79.6274,22.8048],[-79.5806,22.8065],[-79.3826,22.6815],[-79.3502,22.6642]]],[[[-78.4934,26.7299],[-78.371,26.6986],[-78.3062,26.7021],[-78.2666,26.7229],[-78.0902,26.7142],[-77.9426,26.7438],[-77.921,26.6917],[-77.9246,26.6639],[-78.2342,26.6379],[-78.515,26.5597],[-78.6698,26.5059],[-78.7454,26.5007],[-78.7994,26.5285],[-78.9866,26.6899],[-78.9362,26.6726],[-78.7994,26.5823],[-78.713,26.5997],[-78.6338,26.6587],[-78.6194,26.7038],[-78.6338,26.7264],[-78.5978,26.7976],[-78.4934,26.7299]]],[[[-80.3834,25.1414],[-80.5814,24.9539],[-80.5598,25.0008],[-80.4806,25.1015],[-80.4554,25.1501],[-80.405,25.1796],[-80.3546,25.2334],[-80.351,25.2977],[-80.279,25.3411],[-80.2574,25.348],[-80.3834,25.1414]]],[[[-82.2338,9.3803],[-82.2446,9.3334],[-82.3202,9.4184],[-82.277,9.4323],[-82.259,9.4306],[-82.2338,9.3803]]],[[[-81.3698,19.3484],[-81.3374,19.3293],[-81.2978,19.3414],[-81.2834,19.3623],[-81.1322,19.3466],[-81.107,19.305],[-81.2258,19.3032],[-81.2762,19.2772],[-81.305,19.272],[-81.4058,19.2789],[-81.4202,19.3744],[-81.3914,19.3848],[-81.3698,19.3484]]],[[[-62.6316,17.2391],[-62.6568,17.2253],[-62.7036,17.286],[-62.7756,17.3034],[-62.8404,17.3398],[-62.8404,17.3468],[-62.8404,17.3659],[-62.826,17.3867],[-62.7936,17.4023],[-62.7144,17.3537],[-62.6748,17.2912],[-62.6388,17.2617],[-62.6316,17.2391]]],[[[-60.8964,13.8227],[-60.9504,13.7168],[-61.062,13.7828],[-61.0728,13.8661],[-61.062,13.9164],[-60.9972,14.0102],[-60.9432,14.0727],[-60.9072,14.0935],[-60.8856,14.0119],[-60.8964,13.8227]]],[[[-60.828,14.4945],[-60.8352,14.4372],[-60.8604,14.4268],[-60.9,14.4737],[-61.062,14.4667],[-61.0872,14.5101],[-61.0908,14.5292],[-61.0116,14.6022],[-61.1052,14.6212],[-61.1412,14.6525],[-61.2204,14.8035],[-61.2132,14.8487],[-61.1808,14.8712],[-61.1268,14.8747],[-61.026,14.8261],[-60.954,14.7567],[-60.9288,14.7549],[-60.918,14.7358],[-60.9324,14.6855],[-60.8892,14.6438],[-60.8712,14.6143],[-60.828,14.4945]]],[[[-61.0116,10.1337],[-61.1736,10.0781],[-61.5984,10.0642],[-61.7712,10.0851],[-61.9044,10.0694],[-61.6632,10.191],[-61.6344,10.243],[-61.53,10.2535],[-61.4976,10.2691],[-61.4652,10.5382],[-61.4796,10.6041],[-61.4976,10.6389],[-61.5408,10.6649],[-61.6344,10.6996],[-61.6524,10.7187],[-61.5912,10.7482],[-61.4652,10.7638],[-61.3716,10.7968],[-61.1736,10.8038],[-61.08,10.8316],[-60.918,10.8402],[-60.9972,10.717],[-61.0332,10.6701],[-61.0188,10.5573],[-61.0368,10.4826],[-61.0152,10.3871],[-60.9684,10.3229],[-61.0008,10.2621],[-61.0044,10.1684],[-61.0116,10.1337]]],[[[-68.2045,12.144],[-68.2549,12.0329],[-68.2837,12.0815],[-68.2873,12.1717],[-68.3089,12.2065],[-68.3485,12.2273],[-68.3701,12.2568],[-68.3701,12.3019],[-68.2189,12.2308],[-68.2045,12.144]]],[[[-60.756,11.1788],[-60.81,11.1683],[-60.8028,11.2083],[-60.7092,11.2777],[-60.5616,11.3228],[-60.5256,11.3246],[-60.5472,11.2638],[-60.756,11.1788]]],[[[-62.1492,16.7409],[-62.1528,16.6819],[-62.2212,16.6992],[-62.2248,16.7513],[-62.1924,16.8051],[-62.1744,16.8103],[-62.1492,16.7409]]],[[[-59.4924,13.0814],[-59.5212,13.0623],[-59.6112,13.1022],[-59.6436,13.1509],[-59.6472,13.3036],[-59.5932,13.3175],[-59.4888,13.196],[-59.4276,13.1526],[-59.4924,13.0814]]],[[[-63.8484,11.1301],[-63.816,10.9999],[-63.8268,10.9756],[-63.9168,10.8871],[-63.9924,10.8819],[-64.0536,10.8836],[-64.1004,10.901],[-64.1616,10.9583],[-64.2192,10.9409],[-64.3632,10.9618],[-64.4028,10.9808],[-64.3488,11.052],[-64.248,11.0798],[-64.212,11.0867],[-64.1832,11.0433],[-64.1112,11.0052],[-64.0284,11.0017],[-64.0068,11.0676],[-63.8916,11.1666],[-63.8484,11.1301]]],[[[-63.0024,18.2217],[-63.1608,18.1714],[-63.1536,18.2009],[-63.0276,18.2703],[-62.9808,18.2651],[-63.0024,18.2217]]],[[[-61.7172,12.012],[-61.782,12.0086],[-61.7568,12.045],[-61.7496,12.1093],[-61.7136,12.1856],[-61.6596,12.2377],[-61.6056,12.2238],[-61.6272,12.0537],[-61.7172,12.012]]],[[[-61.746,17.5742],[-61.7604,17.5481],[-61.8432,17.5968],[-61.8684,17.6853],[-61.8648,17.7044],[-61.854,17.7148],[-61.8216,17.6974],[-61.7784,17.6905],[-61.7496,17.661],[-61.746,17.5742]]],[[[-61.2312,15.8903],[-61.2852,15.8868],[-61.3104,15.8955],[-61.3176,15.9545],[-61.2744,15.9962],[-61.2492,16.0066],[-61.2132,15.9597],[-61.2024,15.9215],[-61.2312,15.8903]]],[[[-61.7172,17.0378],[-61.7496,16.9978],[-61.8612,17.0135],[-61.8828,17.0638],[-61.8864,17.0985],[-61.818,17.1697],[-61.7388,17.1385],[-61.7064,17.1055],[-61.6848,17.0985],[-61.6848,17.069],[-61.6956,17.0482],[-61.7172,17.0378]]],[[[-61.2816,15.2497],[-61.3752,15.2271],[-61.4148,15.4007],[-61.4796,15.5257],[-61.4688,15.6038],[-61.458,15.6333],[-61.3212,15.5847],[-61.278,15.5274],[-61.2528,15.3729],[-61.2816,15.2497]]],[[[-61.3284,16.2305],[-61.4436,16.2201],[-61.5228,16.2288],[-61.5408,16.3],[-61.5012,16.3607],[-61.53,16.4336],[-61.512,16.477],[-61.4724,16.5065],[-61.4076,16.4684],[-61.3968,16.4128],[-61.3572,16.3625],[-61.1736,16.2566],[-61.3284,16.2305]]],[[[-61.5912,16.0066],[-61.6704,15.9614],[-61.71,15.9753],[-61.7604,16.0621],[-61.7928,16.3017],[-61.7676,16.3399],[-61.7496,16.3555],[-61.6416,16.326],[-61.5984,16.293],[-61.5516,16.2705],[-61.5768,16.2271],[-61.5624,16.0482],[-61.5912,16.0066]]],[[[-61.1736,13.1578],[-61.2024,13.1422],[-61.278,13.2099],[-61.2672,13.288],[-61.224,13.3314],[-61.1808,13.3557],[-61.1376,13.3592],[-61.1232,13.2932],[-61.134,13.2029],[-61.1736,13.1578]]],[[[-73.0393,22.4298],[-72.9781,22.4142],[-72.9457,22.4159],[-72.8305,22.3864],[-72.7621,22.3447],[-72.7477,22.3274],[-72.7837,22.2909],[-72.8881,22.3604],[-72.9817,22.369],[-73.1113,22.3673],[-73.1617,22.3812],[-73.1257,22.4558],[-73.0393,22.4298]]],[[[-68.7517,12.0589],[-68.8021,12.045],[-68.9965,12.1422],[-69.1549,12.2985],[-69.1585,12.3801],[-69.1189,12.3731],[-69.0757,12.3419],[-69.0145,12.2308],[-68.8273,12.1579],[-68.7517,12.0589]]],[[[-71.6605,21.7649],[-71.6641,21.751],[-71.7217,21.7909],[-71.8297,21.7909],[-71.8477,21.843],[-71.8045,21.8517],[-71.6677,21.8326],[-71.6353,21.7875],[-71.6605,21.7649]]],[[[-72.9169,21.5062],[-73.0501,21.4576],[-73.0609,21.5149],[-72.9961,21.5618],[-72.9169,21.5062]]],[[[-71.8801,21.8413],[-71.8981,21.8291],[-71.9557,21.8639],[-71.9629,21.8916],[-71.9845,21.8934],[-72.0205,21.9177],[-72.0097,21.9507],[-71.9305,21.9524],[-71.8981,21.8621],[-71.8801,21.8413]]],[[[-72.3337,21.8517],[-72.2185,21.7962],[-72.1501,21.8048],[-72.1429,21.7927],[-72.1825,21.7805],[-72.1897,21.7701],[-72.3013,21.7545],[-72.3337,21.758],[-72.3409,21.7962],[-72.3337,21.8517]]],[[[-60.9972,8.8681],[-61.0584,8.8473],[-61.0692,8.948],[-61.0512,8.974],[-60.9432,9.0556],[-60.9144,9.0695],[-60.8928,9.0539],[-60.9,9.0313],[-60.8496,8.9949],[-60.8604,8.9497],[-60.918,8.8994],[-60.9972,8.8681]]],[[[-80.1314,-2.9731],[-80.1494,-3.0113],[-80.2466,-3.0079],[-80.2718,-2.9957],[-80.2718,-2.9523],[-80.2502,-2.8117],[-80.225,-2.7527],[-80.1458,-2.6971],[-80.081,-2.6693],[-79.9982,-2.6746],[-79.9082,-2.7249],[-80.0126,-2.8204],[-80.0702,-2.8343],[-80.0918,-2.8464],[-80.1314,-2.9731]]],[[[-51.8315,-1.4333],[-51.9395,-1.4524],[-51.8027,-1.2024],[-51.6803,-1.0861],[-51.6767,-0.8552],[-51.5471,-0.6504],[-51.4247,-0.5653],[-51.2555,-0.541],[-51.1619,-0.666],[-51.2771,-1.0219],[-51.3095,-1.0236],[-51.4643,-1.2111],[-51.6371,-1.3413],[-51.8315,-1.4333]]],[[[-79.0658,8.2536],[-79.109,8.2102],[-79.127,8.2519],[-79.0946,8.2953],[-79.0838,8.2953],[-79.0658,8.2536]]],[[[-78.911,1.2523],[-78.965,1.2453],[-78.9902,1.2939],[-78.9218,1.3495],[-78.9002,1.3599],[-78.911,1.2523]]],[[[-78.1154,2.5421],[-78.1406,2.5196],[-78.191,2.5595],[-78.209,2.6098],[-78.1802,2.6463],[-78.137,2.6341],[-78.119,2.6029],[-78.1154,2.5421]]],[[[-60.8208,9.1389],[-60.9396,9.106],[-60.9396,9.132],[-60.9072,9.1789],[-60.846,9.191],[-60.8208,9.2084],[-60.7812,9.2188],[-60.7596,9.2171],[-60.7344,9.2032],[-60.792,9.1771],[-60.8208,9.1389]]],[[[-44.4982,-2.9402],[-44.599,-3.0374],[-44.5666,-2.9245],[-44.581,-2.8464],[-44.5702,-2.7857],[-44.5018,-2.7266],[-44.4802,-2.718],[-44.4874,-2.7891],[-44.4838,-2.8117],[-44.4982,-2.9402]]],[[[-38.7454,-13.0975],[-38.7814,-13.1184],[-38.7886,-13.0559],[-38.6842,-12.9743],[-38.6698,-12.8805],[-38.6158,-12.9239],[-38.6014,-12.9725],[-38.6014,-12.9934],[-38.7454,-13.0975]]],[[[-38.9038,-13.4742],[-38.9362,-13.5315],[-38.9758,-13.5228],[-38.9938,-13.4846],[-39.0226,-13.4465],[-39.0082,-13.4152],[-38.9794,-13.3978],[-38.9074,-13.4013],[-38.9038,-13.4742]]],[[[-44.8834,-1.3187],[-44.9482,-1.3656],[-44.9662,-1.3916],[-45.0203,-1.3726],[-45.0095,-1.3448],[-44.995,-1.3482],[-44.977,-1.2667],[-44.887,-1.2771],[-44.8834,-1.3187]]],[[[-49.7399,0.268],[-49.6967,0.2159],[-49.8407,0.0076],[-49.9163,-0.0237],[-50.0027,-0.0289],[-50.1143,0.0336],[-50.2871,0.0284],[-50.3411,0.044],[-50.3447,0.1343],[-50.2727,0.2315],[-50.1287,0.2263],[-49.8803,0.3044],[-49.7399,0.268]]],[[[-50.2979,1.938],[-50.3987,1.8929],[-50.4563,1.9102],[-50.5103,2.03],[-50.4923,2.129],[-50.4203,2.162],[-50.3627,2.155],[-50.3411,2.1411],[-50.2907,1.9797],[-50.2979,1.938]]],[[[-50.6543,-0.1313],[-50.9279,-0.3275],[-51.0179,-0.2632],[-51.0395,-0.2251],[-51.0215,-0.1886],[-51.0251,-0.173],[-50.9963,-0.1053],[-50.8415,-0.0497],[-50.7659,-0.041],[-50.6687,-0.0584],[-50.6507,-0.1053],[-50.6543,-0.1313]]],[[[-49.4447,-0.1122],[-49.7075,-0.1435],[-49.8299,-0.0931],[-49.8011,-0.0515],[-49.7111,0.0145],[-49.6031,0.0631],[-49.5023,0.084],[-49.4015,0.0579],[-49.3727,0.0006],[-49.3799,-0.0549],[-49.4447,-0.1122]]],[[[-50.4275,0.1395],[-50.4455,-0.0081],[-50.6255,0.0544],[-50.6111,0.2055],[-50.5247,0.2471],[-50.4527,0.327],[-50.4275,0.4242],[-50.4239,0.5579],[-50.3951,0.5822],[-50.3735,0.5909],[-50.3519,0.5822],[-50.3411,0.3808],[-50.3339,0.2593],[-50.4275,0.1395]]],[[[-50.1539,0.393],[-50.2619,0.36],[-50.2799,0.3912],[-50.2799,0.5162],[-50.2511,0.5857],[-50.1143,0.6048],[-50.0999,0.6256],[-50.0603,0.6377],[-50.0351,0.5943],[-50.0387,0.5232],[-50.1539,0.393]]],[[[-81.6038,7.3335],[-81.6578,7.3283],[-81.7694,7.37],[-81.8522,7.4533],[-81.8594,7.4793],[-81.8558,7.5071],[-81.8126,7.5922],[-81.7514,7.6217],[-81.7298,7.6217],[-81.6722,7.5227],[-81.7118,7.4863],[-81.6938,7.4255],[-81.6146,7.3804],[-81.6038,7.3335]]],[[[124.3146,10.6059],[124.2894,10.6007],[124.3362,10.7066],[124.3722,10.6909],[124.383,10.6805],[124.383,10.6319],[124.3146,10.6059]]],[[[125.2795,9.9826],[125.2867,9.9323],[125.1607,10.0625],[125.1319,10.1545],[125.1751,10.151],[125.2327,10.1163],[125.2795,9.9826]]],[[[122.9358,7.4099],[122.9466,7.3856],[122.943,7.3613],[122.8386,7.3144],[122.8062,7.3161],[122.7954,7.3925],[122.8206,7.429],[122.871,7.3977],[122.9142,7.4342],[122.9358,7.4099]]],[[[125.7835,6.962],[125.7691,6.9064],[125.7079,7.0401],[125.6827,7.0731],[125.7151,7.1859],[125.7835,7.1304],[125.7835,6.962]]],[[[125.9707,9.5938],[125.9527,9.5677],[125.9239,9.6216],[125.9491,9.7396],[125.9671,9.7587],[125.9923,9.6841],[125.9707,9.5938]]],[[[124.6098,11.493],[124.4838,11.486],[124.4298,11.5312],[124.3614,11.6666],[124.437,11.6943],[124.5126,11.6874],[124.5666,11.6405],[124.6206,11.5503],[124.6098,11.493]]],[[[124.8546,11.5954],[124.8366,11.5433],[124.8078,11.5572],[124.7826,11.5815],[124.743,11.6579],[124.7322,11.7152],[124.7898,11.6839],[124.8222,11.6266],[124.8546,11.5954]]],[[[134.8195,-6.4347],[134.7943,-6.4417],[134.7943,-6.3931],[134.8231,-6.3497],[134.8519,-6.3254],[134.8843,-6.3236],[134.8195,-6.4347]]],[[[134.6755,-6.749],[134.6575,-6.7646],[134.6323,-6.7333],[134.6287,-6.7125],[134.6647,-6.6569],[134.6971,-6.6257],[134.7367,-6.624],[134.7259,-6.6691],[134.6755,-6.749]]],[[[127.9867,-2.9367],[127.9363,-3.02],[127.8499,-3.0165],[127.8355,-3.0044],[127.9399,-2.9523],[127.9867,-2.9367]]],[[[127.6051,-3.3151],[127.6303,-3.3585],[127.5295,-3.3308],[127.4863,-3.2874],[127.5295,-3.2613],[127.5547,-3.2544],[127.6051,-3.3151]]],[[[124.0518,-5.973],[124.041,-6.0216],[124.005,-5.966],[123.9726,-5.94],[123.9762,-5.881],[124.023,-5.9018],[124.0518,-5.973]]],[[[123.627,-5.2716],[123.6234,-5.3723],[123.5838,-5.3671],[123.5514,-5.3324],[123.5406,-5.2977],[123.5442,-5.2716],[123.5622,-5.249],[123.627,-5.2716]]],[[[120.7758,-7.1187],[120.6714,-7.1239],[120.6426,-7.1153],[120.6318,-7.018],[120.747,-7.0597],[120.783,-7.0632],[120.7758,-7.1187]]],[[[122.979,-8.5457],[122.9466,-8.6047],[122.889,-8.5874],[122.9034,-8.5301],[122.9322,-8.4971],[123.0114,-8.4485],[123.0906,-8.4398],[123.1374,-8.4572],[123.1518,-8.4763],[123.0294,-8.4954],[122.979,-8.5457]]],[[[117.5574,-8.3669],[117.5322,-8.3686],[117.489,-8.3495],[117.507,-8.3079],[117.4818,-8.2384],[117.489,-8.1829],[117.5466,-8.1516],[117.6654,-8.1482],[117.669,-8.1898],[117.5574,-8.3669]]],[[[70.0225,66.5017],[69.8461,66.4896],[69.6517,66.5659],[69.4681,66.7152],[69.5041,66.7517],[69.6157,66.7395],[69.7993,66.7361],[69.9181,66.7118],[70.0765,66.6961],[70.0585,66.6267],[70.0585,66.5989],[70.1089,66.5694],[70.0585,66.5173],[70.0225,66.5017]]],[[[96.8536,76.199],[96.7996,76.1886],[96.7528,76.1956],[96.7384,76.2077],[96.742,76.2581],[96.832,76.324],[96.8356,76.3449],[96.8788,76.3553],[96.9904,76.3431],[97.0444,76.3153],[97.0516,76.3032],[96.976,76.2372],[96.8536,76.199]]],[[[100.1368,79.6137],[99.9172,79.6016],[99.9424,79.671],[99.9568,79.6901],[100.0684,79.7005],[100.1404,79.6832],[100.2988,79.671],[100.1368,79.6137]]],[[[129.7183,31.6567],[129.6859,31.6393],[129.7075,31.7174],[129.7867,31.7869],[129.7939,31.7417],[129.7183,31.6567]]],[[[126.4171,36.4932],[126.4027,36.4272],[126.3379,36.4706],[126.3199,36.6129],[126.3883,36.5713],[126.4171,36.4932]]],[[[124.905,39.5364],[124.8474,39.5069],[124.8474,39.5589],[124.8906,39.6023],[124.9338,39.6075],[124.905,39.5364]]],[[[121.251,28.0857],[121.1646,28.0631],[121.1322,28.0631],[121.1322,28.136],[121.2042,28.2037],[121.233,28.1812],[121.251,28.1447],[121.251,28.0857]]],[[[113.5541,22.8048],[113.5649,22.7579],[113.4857,22.8291],[113.4641,22.8325],[113.4245,22.8586],[113.4029,22.902],[113.4641,22.9037],[113.5217,22.8516],[113.5541,22.8048]]],[[[112.7909,21.6017],[112.7693,21.5826],[112.7405,21.6173],[112.7333,21.6694],[112.7117,21.6972],[112.7621,21.7337],[112.7837,21.7718],[112.8377,21.7649],[112.8629,21.7528],[112.8125,21.7128],[112.8017,21.6955],[112.7909,21.6017]]],[[[112.6433,21.6399],[112.5461,21.6191],[112.5245,21.6226],[112.5605,21.6746],[112.6469,21.7111],[112.6433,21.6399]]],[[[113.9969,22.2111],[113.8781,22.2111],[113.8529,22.2197],[113.8385,22.2423],[113.8817,22.2805],[114.0437,22.3326],[114.0041,22.277],[113.9969,22.2111]]],[[[107.1677,10.3976],[107.0849,10.3368],[107.0777,10.3871],[107.1497,10.4201],[107.1749,10.4462],[107.1965,10.4462],[107.1677,10.3976]]],[[[103.3192,10.7187],[103.2796,10.6805],[103.222,10.7604],[103.222,10.7812],[103.3192,10.7187]]],[[[8.5879,54.7125],[8.5483,54.6882],[8.4547,54.6917],[8.4007,54.7142],[8.4187,54.7386],[8.4691,54.7576],[8.5087,54.7611],[8.5735,54.749],[8.5879,54.7125]]],[[[6.7339,53.5824],[6.6439,53.5789],[6.6691,53.6049],[6.7555,53.6258],[6.8023,53.6258],[6.7339,53.5824]]],[[[-85,71.0365],[-84.9878,71.0309],[-84.869,71.0014],[-84.8222,71.0292],[-84.7898,71.0934],[-84.707,71.359],[-84.6746,71.4389],[-84.6566,71.5153],[-84.6602,71.5865],[-84.6998,71.6316],[-84.8402,71.6594],[-85,71.655],[-85,72.214],[-84.6098,72.1298],[-84.3506,72.0535],[-84.2822,72.0448],[-84.2822,72.0587],[-84.347,72.0951],[-84.6422,72.1889],[-84.779,72.2583],[-84.8402,72.3086],[-84.8114,72.3295],[-84.6458,72.352],[-84.6242,72.3763],[-84.851,72.4059],[-84.9626,72.4059],[-85,72.3975],[-85,72.9213],[-84.9878,72.9197],[-84.257,72.7965],[-84.275,72.8364],[-85,72.9842],[-85,73.3386],[-84.617,73.3902],[-84.4154,73.4561],[-84.0878,73.4596],[-83.7818,73.4162],[-83.7782,73.4284],[-83.915,73.5082],[-83.9042,73.5291],[-83.7314,73.5759],[-83.411,73.6315],[-83.0222,73.6766],[-82.943,73.6992],[-82.8422,73.7148],[-82.6586,73.7304],[-82.2014,73.7356],[-81.9458,73.7304],[-81.6038,73.6957],[-81.4058,73.6349],[-81.3446,73.5985],[-81.2366,73.4787],[-81.1502,73.3138],[-81.0242,73.2443],[-80.8226,73.2079],[-80.6822,73.1662],[-80.603,73.1211],[-80.5814,73.0655],[-80.6174,72.9978],[-80.5922,72.9284],[-80.5022,72.8572],[-80.4302,72.8156],[-80.279,72.7704],[-80.2754,72.7461],[-80.3222,72.7183],[-80.423,72.6784],[-80.675,72.5586],[-80.999,72.4267],[-81.2294,72.3121],[-81.2402,72.2774],[-80.7614,72.4579],[-80.6102,72.451],[-80.603,72.425],[-80.7038,72.3382],[-80.8226,72.26],[-80.9414,72.2097],[-80.9198,72.1906],[-80.693,72.1038],[-80.7326,72.0882],[-80.8442,72.0969],[-80.8874,72.0882],[-80.9198,72.0725],[-80.9414,72.0482],[-80.9414,72.0135],[-80.9234,71.9701],[-80.927,71.9389],[-80.9486,71.9163],[-80.9234,71.9076],[-80.8586,71.9111],[-80.801,71.9285],[-80.7038,71.9875],[-80.387,72.1489],[-80.1818,72.208],[-80.117,72.2149],[-79.9298,72.175],[-79.883,72.1767],[-80.0918,72.3017],[-80.1098,72.3329],[-80.0666,72.3781],[-80.0414,72.3937],[-79.9262,72.4284],[-79.8326,72.4458],[-79.7786,72.4388],[-79.6922,72.3763],[-79.6526,72.3329],[-79.5842,72.3139],[-79.4258,72.3382],[-79.325,72.3902],[-79.1954,72.3555],[-79.001,72.2722],[-79.019,72.1889],[-79.019,72.1038],[-79.0082,72.043],[-78.7742,71.9302],[-78.6158,71.8816],[-78.5834,71.8799],[-78.5906,71.8972],[-78.623,71.9354],[-78.7094,71.9719],[-78.7922,72.0309],[-78.8642,72.1003],[-78.821,72.2652],[-78.6986,72.352],[-78.5834,72.3295],[-78.4286,72.2791],[-78.3062,72.2757],[-78.1154,72.2809],[-77.7266,72.1802],[-77.5178,72.1784],[-77.5358,72.2184],[-77.6942,72.2392],[-77.9246,72.293],[-78.2882,72.359],[-78.4538,72.4354],[-78.4826,72.4701],[-78.479,72.5083],[-78.4574,72.543],[-78.4214,72.5708],[-78.3494,72.6003],[-78.0002,72.6871],[-77.7518,72.7253],[-77.5682,72.7374],[-77.255,72.7357],[-76.895,72.7201],[-76.697,72.6958],[-76.4738,72.6333],[-76.1894,72.5725],[-76.0886,72.5621],[-75.9698,72.5621],[-75.833,72.576],[-75.7034,72.5708],[-75.293,72.4805],[-75.185,72.4336],[-75.1202,72.3781],[-75.0698,72.3225],[-75.041,72.2687],[-75.0518,72.2271],[-75.3938,72.0396],[-75.5414,72.0083],[-75.6422,71.9371],[-75.7862,71.8035],[-75.9122,71.7306],[-75.923,71.7167],[-75.8978,71.7132],[-75.8222,71.7462],[-75.6926,71.8382],[-75.599,71.918],[-75.4298,71.984],[-75.149,72.0621],[-74.9041,72.1003],[-74.6953,72.0969],[-74.5189,72.0864],[-74.3785,72.0673],[-74.2921,72.05],[-74.2669,72.0378],[-74.2093,71.9788],[-74.2129,71.9389],[-74.2489,71.8937],[-74.3173,71.8434],[-74.6197,71.7861],[-74.7889,71.7427],[-74.8933,71.7253],[-75.2066,71.7097],[-75.1922,71.6924],[-74.9581,71.6681],[-74.7025,71.675],[-74.7061,71.6472],[-74.8285,71.5708],[-74.8681,71.5049],[-74.8357,71.4511],[-74.8393,71.4059],[-74.9329,71.3139],[-75.0338,71.2306],[-74.9977,71.2184],[-74.7601,71.3382],[-74.6953,71.4702],[-74.5981,71.5847],[-74.4865,71.649],[-74.4037,71.6733],[-74.1373,71.6819],[-73.9933,71.7496],[-73.8673,71.7705],[-73.8133,71.7722],[-73.7089,71.7462],[-73.7125,71.7201],[-73.8673,71.5986],[-74.1985,71.4042],[-74.0617,71.4268],[-73.9717,71.4736],[-73.8493,71.5188],[-73.7125,71.5882],[-73.6225,71.5257],[-73.4821,71.4788],[-73.3993,71.3729],[-73.2625,71.3226],[-73.1797,71.2827],[-73.1905,71.3504],[-73.3093,71.484],[-73.2769,71.5379],[-73.1869,71.5656],[-72.9025,71.6785],[-72.7045,71.6403],[-72.5821,71.6073],[-72.5209,71.616],[-72.3661,71.6108],[-72.1177,71.5934],[-71.8765,71.5604],[-71.6389,71.517],[-71.4589,71.4632],[-71.3329,71.4042],[-71.2573,71.3625],[-71.2285,71.3382],[-71.1853,71.2792],[-71.2177,71.2393],[-71.3977,71.1473],[-71.4949,71.1056],[-71.5921,71.0865],[-71.8549,71.1056],[-71.9377,71.0934],[-72.0241,71.0657],[-72.2977,70.9389],[-72.4489,70.8834],[-72.5965,70.8487],[-72.6325,70.8313],[-72.3121,70.833],[-72.2257,70.8695],[-72.1501,70.9407],[-72.0097,71.0136],[-71.7433,71.0466],[-71.3725,70.9754],[-71.1853,70.9789],[-71.0449,71.05],[-70.8865,71.0986],[-70.8253,71.1091],[-70.7929,71.1039],[-70.6741,71.0518],[-70.6381,71.0066],[-70.6381,70.9025],[-70.6561,70.8712],[-70.7605,70.7914],[-71.0233,70.6733],[-71.1925,70.6299],[-71.3797,70.6056],[-71.5849,70.5657],[-71.6569,70.5327],[-71.7289,70.4876],[-71.8009,70.4563],[-71.8909,70.432],[-71.7721,70.3938],[-71.7289,70.3956],[-71.6821,70.4181],[-71.5633,70.5049],[-71.4769,70.5449],[-71.4265,70.5518],[-71.3761,70.5483],[-71.3257,70.531],[-71.2753,70.4997],[-71.2789,70.4251],[-71.4301,70.1282],[-71.4049,70.1282],[-71.3113,70.2098],[-71.0449,70.5188],[-70.9801,70.5813],[-70.8505,70.6438],[-70.5625,70.7376],[-70.3357,70.7879],[-70.0837,70.8296],[-69.9505,70.8452],[-69.7957,70.8348],[-69.6949,70.7862],[-69.5617,70.7775],[-69.3961,70.7896],[-69.2881,70.7827],[-69.1693,70.7636],[-69.0649,70.7289],[-68.8921,70.6872],[-68.4961,70.6108],[-68.4457,70.5935],[-68.4025,70.5657],[-68.3593,70.5223],[-68.3629,70.4806],[-68.4169,70.4407],[-68.4817,70.4147],[-68.5609,70.406],[-68.6437,70.3834],[-68.7949,70.3244],[-68.8417,70.314],[-69.0793,70.2897],[-69.2989,70.2775],[-69.4357,70.2532],[-69.6985,70.189],[-70.0621,70.0709],[-70.0585,70.0432],[-69.9145,70.0293],[-69.7957,70.0466],[-69.6337,70.1282],[-69.4825,70.1595],[-69.2449,70.1855],[-68.9173,70.2063],[-68.7769,70.2029],[-68.7517,70.1994],[-68.7337,70.1803],[-68.7229,70.1456],[-68.7769,70.1004],[-68.8381,70.0796],[-69.0073,69.9789],[-68.8957,69.9529],[-68.7445,69.9407],[-68.6581,69.9685],[-68.5789,70.031],[-68.4889,70.064],[-68.3917,70.0709],[-68.3053,70.0866],[-68.2297,70.1126],[-68.2117,70.1282],[-68.3197,70.1612],[-68.3269,70.1803],[-68.2837,70.2289],[-68.2045,70.281],[-68.1217,70.314],[-68.0605,70.3174],[-67.8553,70.281],[-67.7149,70.2202],[-67.3621,70.0345],[-67.3189,69.998],[-67.1965,69.8609],[-67.1713,69.8001],[-67.1929,69.7567],[-67.2217,69.7307],[-67.2577,69.722],[-67.3369,69.7203],[-67.8049,69.7775],[-68.0209,69.7706],[-68.1145,69.755],[-68.1901,69.7307],[-68.2477,69.7012],[-68.2909,69.6647],[-68.3737,69.6439],[-68.6689,69.6439],[-68.8381,69.623],[-69.1261,69.5744],[-69.2269,69.5467],[-69.2521,69.5119],[-69.0757,69.5189],[-68.7841,69.564],[-68.5141,69.5779],[-68.0569,69.4755],[-67.9093,69.4599],[-67.8265,69.4755],[-67.7257,69.479],[-67.3621,69.472],[-67.2361,69.4599],[-67.0525,69.4217],[-66.7717,69.3366],[-66.7177,69.3123],[-66.6853,69.2863],[-66.6781,69.2585],[-66.6781,69.1908],[-66.7069,69.1682],[-66.8041,69.1526],[-67.2073,69.1699],[-67.3333,69.1856],[-67.4845,69.1665],[-67.6069,69.1734],[-67.7653,69.1995],[-67.9381,69.2481],[-68.1973,69.2029],[-68.4061,69.2324],[-68.6185,69.2064],[-69.0397,69.0988],[-68.9929,69.0797],[-68.4169,69.1717],[-68.3053,69.1665],[-68.1217,69.1318],[-67.8337,69.0658],[-67.7509,69.038],[-67.7509,68.9339],[-67.7941,68.8627],[-67.8841,68.7846],[-68.0173,68.795],[-68.3233,68.8436],[-68.4493,68.8505],[-68.5429,68.8436],[-68.6653,68.8106],[-68.7265,68.8106],[-69.2197,68.8731],[-69.3313,68.8766],[-69.3421,68.8696],[-69.3205,68.8575],[-68.8705,68.7603],[-68.5393,68.7498],[-68.3341,68.7325],[-68.2117,68.703],[-68.1541,68.6804],[-68.1469,68.6162],[-68.0389,68.5502],[-67.9381,68.5242],[-67.8733,68.5224],[-67.7653,68.5467],[-67.6573,68.5502],[-67.5673,68.5346],[-67.4557,68.4981],[-67.3225,68.4877],[-67.2037,68.4651],[-67.1101,68.4617],[-66.8545,68.4721],[-66.7429,68.4582],[-66.7141,68.446],[-66.7609,68.4252],[-66.9985,68.3749],[-67.0345,68.3263],[-66.9013,68.2638],[-66.8293,68.2151],[-66.8329,68.1804],[-66.9049,68.0988],[-66.9229,68.0659],[-66.9013,68.0624],[-66.7285,68.1283],[-66.7033,68.1214],[-66.6853,68.0294],[-66.6637,68.0346],[-66.6061,68.1093],[-66.6313,68.2099],[-66.5305,68.2499],[-66.2137,68.2811],[-66.2677,68.1231],[-66.2749,68.0415],[-66.4153,67.9044],[-66.5305,67.861],[-66.5269,67.8506],[-66.4441,67.8332],[-66.3937,67.8315],[-66.3433,67.8541],[-66.2245,67.9582],[-65.9869,68.0693],[-65.9437,68.0711],[-65.9437,68.0311],[-65.9761,67.9582],[-65.8645,67.9235],[-65.7601,67.9565],[-65.7025,67.986],[-65.5693,67.9825],[-65.5081,67.9686],[-65.4901,67.9357],[-65.5513,67.7985],[-65.5405,67.7655],[-65.4001,67.6752],[-65.3857,67.6805],[-65.4145,67.7239],[-65.4433,67.8315],[-65.4145,67.8801],[-65.2993,67.9391],[-65.0653,68.0259],[-64.9752,68.0433],[-64.9212,68.0311],[-64.8348,67.9895],[-64.8636,67.9652],[-64.9572,67.9391],[-65.0257,67.8923],[-65.0725,67.8245],[-65.0221,67.7881],[-64.8312,67.7846],[-64.6368,67.8402],[-64.5288,67.8124],[-64.3956,67.7395],[-64.158,67.6232],[-64.0176,67.6544],[-63.8484,67.5659],[-64.0788,67.4964],[-64.0068,67.3471],[-64.302,67.3541],[-64.4676,67.3419],[-64.5792,67.3558],[-64.7016,67.3506],[-64.59,67.3159],[-64.3776,67.3003],[-64.356,67.2569],[-64.1904,67.2569],[-64.0644,67.2656],[-63.8376,67.2638],[-63.8232,67.3159],[-63.6756,67.3454],[-63.5928,67.3784],[-63.5208,67.3576],[-63.3156,67.3367],[-63.0384,67.2343],[-63.1608,67.1735],[-63.1932,67.1163],[-63.2364,67.0676],[-63.258,67.0242],[-63.3084,66.9947],[-63.7008,66.8229],[-63.636,66.8211],[-63.4704,66.8628],[-63.1428,66.9236],[-62.9628,66.9496],[-62.8332,66.9322],[-62.7684,66.9322],[-62.7108,66.9548],[-62.6028,66.9288],[-62.3796,66.9062],[-62.124,67.0468],[-61.9692,67.019],[-61.8252,66.9322],[-61.5156,66.7777],[-61.3536,66.6892],[-61.2996,66.6493],[-61.3068,66.6093],[-61.4544,66.5659],[-61.5264,66.5573],[-61.7244,66.6371],[-61.9044,66.6788],[-62.016,66.6736],[-62.124,66.6423],[-62.088,66.6267],[-61.6524,66.5034],[-61.5768,66.4132],[-61.5696,66.3732],[-61.8612,66.3125],[-61.9548,66.309],[-62.16,66.3385],[-62.2752,66.3923],[-62.376,66.4114],[-62.5092,66.4166],[-62.5524,66.4062],[-62.4048,66.316],[-62.4192,66.2882],[-62.4948,66.2708],[-62.5344,66.2274],[-62.2428,66.1476],[-62.0232,66.0677],[-61.9908,66.0347],[-62.1384,66.0122],[-62.2428,66.0052],[-62.466,66.0174],[-62.592,66.0347],[-62.6244,66.0156],[-62.4984,65.974],[-62.448,65.9462],[-62.412,65.9063],[-62.3868,65.8681],[-62.3832,65.8334],[-62.484,65.8038],[-62.61,65.724],[-62.6604,65.6407],[-62.772,65.632],[-62.8188,65.6476],[-62.97,65.6216],[-63.168,65.658],[-63.24,65.6962],[-63.4596,65.8524],[-63.4632,65.8351],[-63.4092,65.7552],[-63.42,65.7084],[-63.6504,65.6736],[-63.6504,65.6615],[-63.51,65.6354],[-63.3372,65.6163],[-63.366,65.5434],[-63.3624,65.2292],[-63.402,65.1181],[-63.4848,65.0209],[-63.6072,64.9289],[-63.7368,64.9897],[-63.7908,65.0521],[-63.834,65.0834],[-63.8952,65.1094],[-63.978,65.1216],[-64.0608,65.1216],[-64.1508,65.066],[-64.2516,65.1146],[-64.3452,65.1719],[-64.3092,65.3247],[-64.2696,65.4011],[-64.284,65.3993],[-64.3416,65.3646],[-64.4712,65.2535],[-64.554,65.1164],[-64.6656,65.1685],[-64.7664,65.2344],[-64.8456,65.3004],[-64.9788,65.375],[-65.1085,65.4636],[-65.1769,65.5677],[-65.2057,65.5903],[-65.2813,65.6771],[-65.3101,65.7014],[-65.3389,65.7101],[-65.4001,65.7639],[-65.3785,65.8229],[-65.2777,65.8906],[-65.1841,65.9392],[-65.0329,65.9879],[-64.8528,66.0156],[-64.7736,66.0781],[-64.6728,66.1927],[-64.5648,66.2726],[-64.446,66.3177],[-64.5036,66.3246],[-64.6548,66.2864],[-64.7628,66.2309],[-64.8888,66.1372],[-65.0041,66.0781],[-65.3065,66.0087],[-65.4145,65.9948],[-65.5441,65.9879],[-65.8249,65.9965],[-65.8897,66.0208],[-65.8573,66.0868],[-65.6557,66.2049],[-65.6881,66.2135],[-65.7601,66.1719],[-65.8573,66.1424],[-65.9401,66.1267],[-66.0625,66.1319],[-66.2101,66.2066],[-66.2785,66.2292],[-66.4189,66.2552],[-66.4765,66.2795],[-66.7141,66.46],[-66.7609,66.5087],[-66.7861,66.5555],[-66.8617,66.5955],[-66.9877,66.6267],[-67.0165,66.6215],[-66.9697,66.5816],[-66.9697,66.5468],[-67.0777,66.526],[-67.1893,66.533],[-67.3081,66.5694],[-67.3189,66.5208],[-67.1929,66.4323],[-67.1893,66.3212],[-67.2253,66.3108],[-67.3117,66.3038],[-67.3693,66.3177],[-67.5601,66.401],[-67.7401,66.4583],[-67.8697,66.4896],[-67.8841,66.467],[-67.8013,66.368],[-67.7041,66.2691],[-67.5457,66.1875],[-67.2973,66.0903],[-67.1821,66.0347],[-67.2721,65.9549],[-67.3513,65.9306],[-67.3981,65.9219],[-67.5493,65.9219],[-67.8265,65.9653],[-67.9597,66.0139],[-68.1469,66.1302],[-68.4601,66.25],[-68.5285,66.2483],[-68.7481,66.1996],[-68.7157,66.1927],[-68.5717,66.1892],[-68.4673,66.1736],[-68.2189,66.0781],[-68.1973,66.0382],[-68.2621,65.9948],[-68.2585,65.9392],[-68.1865,65.8715],[-68.1145,65.8281],[-67.9669,65.7969],[-67.8949,65.7934],[-67.8661,65.7743],[-67.9561,65.6233],[-67.9633,65.5816],[-67.9381,65.5643],[-67.9057,65.5643],[-67.7185,65.625],[-67.6393,65.6407],[-67.5709,65.6441],[-67.4917,65.6268],[-67.3981,65.5886],[-67.3477,65.5486],[-67.3297,65.5087],[-67.3045,65.4827],[-67.1173,65.441],[-67.1353,65.4202],[-67.3261,65.3559],[-67.3369,65.3473],[-67.2973,65.3421],[-67.1785,65.3039],[-67.0669,65.2448],[-66.9985,65.1737],[-66.9841,65.1372],[-66.9841,65.1042],[-66.9697,65.0851],[-66.9121,65.0817],[-66.8869,65.0938],[-66.8617,65.0921],[-66.8293,65.0747],[-66.8005,65.0192],[-66.7321,64.8595],[-66.6961,64.8161],[-66.6781,64.8143],[-66.6673,64.974],[-66.6349,65.0001],[-66.5161,64.9723],[-66.3469,64.9098],[-66.2245,64.8542],[-66.2101,64.8282],[-66.3001,64.7779],[-66.2821,64.7553],[-66.2137,64.7223],[-66.1525,64.7345],[-66.1093,64.7917],[-66.0301,64.8473],[-65.9401,64.8855],[-65.7673,64.8542],[-65.6269,64.7709],[-65.6053,64.7431],[-65.5117,64.7067],[-65.4325,64.7258],[-65.2741,64.632],[-65.3497,64.5886],[-65.5117,64.5261],[-65.5297,64.5053],[-65.4901,64.5088],[-65.1769,64.5105],[-65.0941,64.4845],[-65.0761,64.4359],[-65.2129,64.3039],[-65.3389,64.3143],[-65.5081,64.3178],[-65.5945,64.3109],[-65.5801,64.2935],[-65.3461,64.2328],[-65.2813,64.1824],[-65.1913,64.1303],[-65.1481,64.0869],[-65.1517,64.0678],[-65.1877,64.0383],[-65.1697,64.0279],[-65.0113,64.0088],[-64.9104,64.0262],[-64.788,64.0331],[-64.68,64.0279],[-64.6692,64.0088],[-64.6872,63.9602],[-64.7988,63.9168],[-64.7664,63.9047],[-64.6368,63.9185],[-64.5756,63.8977],[-64.5,63.7901],[-64.41,63.7067],[-64.482,63.6876],[-64.5612,63.679],[-64.5504,63.5731],[-64.5,63.462],[-64.4964,63.3578],[-64.5144,63.2641],[-64.5864,63.2432],[-64.6656,63.245],[-64.6944,63.2693],[-64.8852,63.5488],[-64.932,63.5991],[-64.9896,63.6425],[-65.1913,63.764],[-65.1841,63.7449],[-65.1337,63.6894],[-65.0905,63.6061],[-65.0329,63.4394],[-65.0041,63.3335],[-65.0185,63.2936],[-65.0581,63.2832],[-65.0689,63.2641],[-65.0509,63.2346],[-64.896,63.1252],[-64.8204,63.0592],[-64.7664,62.9915],[-64.7196,62.9464],[-64.6728,62.9221],[-64.6836,62.903],[-64.752,62.8874],[-64.8672,62.8804],[-64.9248,62.8891],[-65.1337,62.9516],[-65.1625,62.9325],[-65.0473,62.7016],[-65.0509,62.646],[-65.1085,62.627],[-65.1805,62.6495],[-65.2669,62.7155],[-65.3965,62.7884],[-65.5729,62.8683],[-65.7421,62.9325],[-65.7817,62.9308],[-65.8069,62.9117],[-65.8321,62.9082],[-65.8645,62.9203],[-65.9221,62.9689],[-65.9797,63.0002],[-66.2245,63.1078],[-66.2497,63.1078],[-66.2245,63.0766],[-66.2029,63.0054],[-66.2281,62.9915],[-66.2929,62.9967],[-66.4153,63.028],[-66.4981,63.0974],[-66.5989,63.2189],[-66.6565,63.2641],[-66.6601,63.2346],[-66.6313,63.1182],[-66.6349,63.08],[-66.6961,63.0696],[-66.7249,63.08],[-66.7501,63.1113],[-66.7717,63.1616],[-66.8329,63.2016],[-66.9229,63.2276],[-66.9733,63.2554],[-66.9985,63.3057],[-67.0165,63.3161],[-67.1785,63.3057],[-67.2613,63.3404],[-67.4953,63.4811],[-67.7077,63.6338],[-67.8445,63.7137],[-67.8949,63.7345],[-67.8229,63.6356],[-67.7437,63.4897],[-67.7221,63.422],[-67.7581,63.4203],[-67.8373,63.4498],[-68.2441,63.6373],[-68.4925,63.7258],[-68.6329,63.7415],[-68.8597,63.7519],[-68.9101,63.7033],[-68.7877,63.5956],[-68.6689,63.514],[-68.5537,63.4585],[-68.3737,63.3526],[-68.2081,63.2155],[-68.1397,63.1721],[-67.9165,63.113],[-67.7977,63.0974],[-67.6753,63.0939],[-67.6645,63.0731],[-67.7221,63.0332],[-67.7365,63.0089],[-67.4665,62.9481],[-67.3657,62.9134],[-67.2685,62.8578],[-67.2145,62.844],[-66.9805,62.7016],[-66.9229,62.6773],[-66.7141,62.6322],[-66.6457,62.6026],[-66.5305,62.5106],[-66.4585,62.4638],[-66.3577,62.3527],[-66.2821,62.3023],[-66.0949,62.2468],[-66.0157,62.2294],[-65.9797,62.2086],[-66.0049,62.1582],[-66.0265,62.1374],[-66.1345,62.1027],[-66.1165,62.0541],[-66.0553,61.9673],[-66.0589,61.9135],[-66.1237,61.8926],[-66.2569,61.8683],[-66.3253,61.8701],[-66.4261,61.8909],[-66.5521,61.9256],[-66.8041,62.0124],[-67.1821,62.0732],[-67.3225,62.1044],[-67.3693,62.1339],[-67.4413,62.1513],[-68.3773,62.2346],[-68.5357,62.2554],[-68.6329,62.2815],[-68.7229,62.3197],[-69.0829,62.4047],[-69.1261,62.4238],[-69.3673,62.5714],[-69.5437,62.745],[-69.6049,62.7676],[-69.7993,62.7901],[-69.9613,62.7762],[-70.0693,62.7572],[-70.2349,62.7641],[-70.3429,62.7919],[-70.5697,62.87],[-70.8001,62.9099],[-71.0017,62.9776],[-71.1061,63.0019],[-71.0953,63.0193],[-70.9477,63.12],[-70.9909,63.12],[-71.2537,63.0419],[-71.3473,63.0662],[-71.5021,63.1269],[-71.6173,63.1877],[-71.8549,63.3561],[-71.9917,63.4168],[-71.9737,63.4307],[-71.8189,63.4359],[-71.6965,63.4307],[-71.6137,63.4446],[-71.4553,63.5123],[-71.3869,63.5557],[-71.3797,63.58],[-71.5129,63.587],[-71.5417,63.5991],[-71.5669,63.6269],[-71.6281,63.6633],[-71.7253,63.7067],[-71.8369,63.7241],[-72.2221,63.7085],[-72.2905,63.7276],[-72.2905,63.7571],[-72.2149,63.8387],[-72.1717,63.8717],[-72.1609,63.889],[-72.1753,63.8942],[-72.2257,63.8908],[-72.4489,63.8179],[-72.4993,63.8231],[-72.5857,63.9012],[-72.6397,63.9897],[-72.6793,64.0192],[-72.7297,64.0296],[-72.9133,64.1164],[-73.1725,64.2814],[-73.2697,64.3334],[-73.3777,64.3803],[-73.4533,64.3994],[-73.4425,64.4237],[-73.2769,64.5609],[-73.2697,64.5817],[-73.4137,64.5747],[-73.6261,64.6025],[-73.7269,64.5678],[-73.7917,64.5661],[-73.8673,64.5852],[-73.9105,64.5782],[-73.9501,64.4654],[-73.9825,64.4376],[-74.0257,64.422],[-74.0653,64.4255],[-74.0977,64.4445],[-74.0977,64.4706],[-74.1301,64.6077],[-74.2057,64.6286],[-74.4145,64.6338],[-74.4613,64.6442],[-74.5117,64.6702],[-74.5549,64.7171],[-74.5909,64.7865],[-74.6341,64.8247],[-74.6809,64.8299],[-74.7205,64.8247],[-74.7493,64.8074],[-74.8141,64.797],[-74.9149,64.7917],[-74.9185,64.7657],[-74.8213,64.7171],[-74.7313,64.6477],[-74.6413,64.5574],[-74.6953,64.4966],[-74.8933,64.4654],[-75.0662,64.4567],[-75.2138,64.4689],[-75.329,64.4897],[-75.4874,64.54],[-75.7142,64.5244],[-75.7682,64.3925],[-75.815,64.3855],[-76.031,64.3873],[-76.1174,64.3768],[-76.4054,64.3039],[-76.4954,64.2935],[-76.5602,64.3022],[-76.625,64.2831],[-76.7222,64.2414],[-76.8554,64.238],[-77.0246,64.2709],[-77.165,64.2848],[-77.2838,64.2796],[-77.4026,64.3005],[-77.525,64.3439],[-77.6294,64.363],[-77.759,64.3595],[-77.7914,64.3664],[-77.9858,64.4619],[-78.047,64.5001],[-78.173,64.6181],[-78.1982,64.665],[-78.2018,64.7154],[-78.191,64.7518],[-78.1442,64.8074],[-78.0974,64.9393],[-78.0542,64.9827],[-77.993,65.0226],[-77.8778,65.073],[-77.4458,65.1615],[-77.3594,65.1962],[-77.363,65.2205],[-77.4602,65.3282],[-77.4602,65.3559],[-77.4278,65.3716],[-77.3594,65.4358],[-77.327,65.4532],[-77.2514,65.4636],[-77.093,65.4306],[-76.9598,65.4184],[-76.7798,65.4132],[-76.481,65.3698],[-76.067,65.2848],[-75.8294,65.2275],[-75.6494,65.1407],[-75.5198,65.0556],[-75.5018,65.0122],[-75.5594,64.9463],[-75.5918,64.9272],[-75.5882,64.9046],[-75.5558,64.8785],[-75.4514,64.8421],[-75.4262,64.856],[-75.437,64.9011],[-75.4154,64.9393],[-75.3614,64.9688],[-75.3578,65.0087],[-75.3974,65.0574],[-75.4442,65.099],[-75.5054,65.1355],[-75.7718,65.257],[-75.797,65.2969],[-75.707,65.316],[-75.3182,65.2744],[-75.167,65.2848],[-75.1094,65.3316],[-75.0482,65.3646],[-74.9833,65.382],[-74.8501,65.3889],[-74.6665,65.3664],[-74.5765,65.3629],[-74.4937,65.3716],[-74.3893,65.3976],[-74.2381,65.4844],[-74.1373,65.5035],[-73.9897,65.5174],[-73.8781,65.5191],[-73.6765,65.4844],[-73.5505,65.4844],[-73.5613,65.5434],[-73.6441,65.6528],[-73.7449,65.7674],[-73.8277,65.8056],[-74.0329,65.8768],[-74.2777,66.0122],[-74.4001,66.0972],[-74.4325,66.1389],[-74.4181,66.1667],[-74.3749,66.2083],[-73.9321,66.3576],[-73.5829,66.5069],[-73.4317,66.5833],[-73.3561,66.6371],[-73.2805,66.6753],[-73.2013,66.6996],[-73.0321,66.7274],[-72.9853,66.7656],[-72.9745,66.8281],[-72.9457,66.8836],[-72.7873,67.0312],[-72.6685,67.0711],[-72.4849,67.0989],[-72.3661,67.1336],[-72.2185,67.2551],[-72.2329,67.2846],[-72.3013,67.3072],[-72.3517,67.3419],[-72.5749,67.6579],[-72.7261,67.8124],[-72.9025,67.9443],[-73.0645,68.1075],[-73.3273,68.2672],[-73.3309,68.3089],[-73.2841,68.3575],[-73.3057,68.3679],[-73.5793,68.2985],[-73.6441,68.295],[-73.7485,68.3245],[-73.8205,68.3627],[-73.8781,68.4287],[-73.8745,68.4634],[-73.8349,68.4964],[-73.7809,68.578],[-73.7809,68.6196],[-73.7989,68.6578],[-73.8205,68.6856],[-73.8529,68.7012],[-73.9357,68.7116],[-74.0725,68.7151],[-74.1193,68.7012],[-73.9645,68.578],[-73.9897,68.5485],[-74.1841,68.5363],[-74.2705,68.5415],[-74.3497,68.5554],[-74.4217,68.5797],[-74.6485,68.7082],[-74.6953,68.755],[-74.6809,68.7898],[-74.6989,68.8089],[-74.7457,68.7967],[-74.8069,68.7967],[-74.8933,68.8089],[-74.9113,68.8227],[-74.7529,68.8922],[-74.7421,68.913],[-74.8177,68.9356],[-74.9257,68.9408],[-74.9545,68.9616],[-74.9185,68.9825],[-74.7709,69.0207],[-74.7169,69.045],[-74.8069,69.0641],[-74.8537,69.0658],[-74.9545,69.0241],[-75.1058,68.9408],[-75.2138,68.9095],[-75.3614,68.9477],[-75.4586,68.9616],[-75.5234,68.9529],[-75.6242,68.887],[-75.8438,68.8401],[-76.2362,68.7273],[-76.4018,68.6925],[-76.5854,68.6995],[-76.6178,68.7221],[-76.6178,68.7603],[-76.6034,68.7915],[-76.5818,68.8158],[-76.5746,68.8471],[-76.589,68.9738],[-76.5566,69.0102],[-76.4954,69.0311],[-76.3802,69.0519],[-76.0886,69.0259],[-75.9554,69.0311],[-75.8582,69.0606],[-75.7646,69.1022],[-75.6674,69.1595],[-75.6494,69.2133],[-75.7502,69.3001],[-75.7862,69.3192],[-76.0454,69.3869],[-76.1894,69.4113],[-76.3154,69.4217],[-76.409,69.4408],[-76.4666,69.4703],[-76.5206,69.5171],[-76.5242,69.5484],[-76.517,69.5901],[-76.463,69.6196],[-76.2326,69.6543],[-76.2326,69.663],[-76.4234,69.6873],[-76.5134,69.6838],[-76.589,69.656],[-76.6862,69.5918],[-76.7438,69.5727],[-76.9166,69.6109],[-77.021,69.6161],[-77.0894,69.6352],[-77.129,69.6526],[-77.1038,69.6699],[-77.0174,69.689],[-76.8698,69.7446],[-76.859,69.7758],[-76.9634,69.8244],[-77.0174,69.8366],[-77.2334,69.8539],[-77.4926,69.8366],[-77.5934,69.8453],[-77.6366,69.9008],[-77.6618,69.965],[-77.6762,70.0414],[-77.723,70.1716],[-77.7734,70.2393],[-77.8418,70.2463],[-78.1586,70.2185],[-78.2306,70.2185],[-78.2846,70.2289],[-78.4898,70.3157],[-78.5762,70.347],[-78.623,70.3539],[-78.7742,70.4459],[-78.8318,70.4633],[-78.9002,70.5084],[-78.9794,70.5813],[-79.0658,70.6039],[-79.1594,70.5761],[-79.253,70.5344],[-79.3466,70.4824],[-79.397,70.4372],[-79.4042,70.4008],[-79.3466,70.373],[-79.019,70.3244],[-78.9326,70.2931],[-78.8642,70.2411],[-78.8102,70.1786],[-78.7742,70.1039],[-78.7778,70.0484],[-78.8174,70.0102],[-78.8894,69.9772],[-79.0946,69.9251],[-79.3034,69.8956],[-79.5158,69.8869],[-79.6166,69.8939],[-80.1638,69.9963],[-80.261,69.9963],[-80.387,70.0102],[-80.6714,70.0518],[-80.8262,70.057],[-81.0998,70.0918],[-81.5606,70.1109],[-81.6506,70.0952],[-81.5282,70.0484],[-81.4202,70.0241],[-81.3302,70.0241],[-81.197,69.9824],[-81.0242,69.9008],[-80.9234,69.8505],[-80.8442,69.7914],[-80.8406,69.7706],[-80.9234,69.7307],[-81.5642,69.9425],[-81.9566,69.8696],[-82.1402,69.8418],[-82.295,69.8366],[-82.4894,69.8661],[-82.925,69.9685],[-83.0906,70.0032],[-83.1482,70.0084],[-83.5298,69.965],[-83.8574,69.9633],[-84.5234,70.005],[-84.7646,70.0345],[-84.8294,70.064],[-84.9086,70.0779],[-85,70.0779],[-85,73.7732],[-84.9842,73.7634],[-84.9482,73.7217],[-84.9734,73.694],[-85,73.6836],[-85,71.0365]]],[[[-69.4897,83.0163],[-68.6725,82.999],[-68.4097,83.0059],[-68.1073,82.9608],[-67.9237,82.9556],[-67.6249,82.9642],[-67.4053,82.9538],[-66.5917,82.9434],[-66.4225,82.926],[-66.4261,82.9069],[-66.5989,82.8618],[-66.8365,82.8184],[-68.3593,82.6761],[-68.4709,82.6535],[-68.1721,82.6465],[-67.7365,82.6518],[-67.3981,82.6674],[-66.9985,82.716],[-66.8653,82.7195],[-66.6133,82.742],[-66.1201,82.808],[-65.7277,82.8427],[-65.5513,82.8271],[-65.4001,82.8028],[-65.2993,82.7993],[-65.2453,82.8184],[-65.1625,82.8705],[-65.1121,82.8896],[-64.9824,82.9017],[-64.9032,82.9],[-64.7772,82.8757],[-64.6332,82.8184],[-64.5036,82.7785],[-64.4316,82.7785],[-64.1328,82.8236],[-63.9852,82.8288],[-63.6396,82.8132],[-63.4992,82.7924],[-63.474,82.7715],[-63.564,82.749],[-63.6216,82.7299],[-63.6432,82.7125],[-63.5928,82.6934],[-63.384,82.6535],[-63.0852,82.565],[-63.0888,82.532],[-63.2508,82.466],[-63.2472,82.4504],[-62.4768,82.5198],[-61.6956,82.4886],[-61.476,82.4677],[-61.3932,82.4417],[-61.3032,82.4],[-61.206,82.341],[-61.2744,82.2802],[-61.6164,82.1848],[-61.9692,82.1101],[-62.178,82.0442],[-62.4948,82.006],[-63.5928,81.8462],[-64.1292,81.7942],[-64.4352,81.7421],[-64.5756,81.7334],[-65.2273,81.7438],[-65.4001,81.716],[-65.4937,81.6674],[-65.7025,81.6449],[-66.0049,81.6292],[-66.6241,81.6171],[-66.7645,81.5633],[-66.8005,81.5268],[-66.8617,81.499],[-66.9157,81.4852],[-68.6869,81.2925],[-68.7229,81.2612],[-68.5429,81.2473],[-68.3161,81.2612],[-65.7349,81.4938],[-65.2417,81.5095],[-64.7808,81.4921],[-64.8312,81.4383],[-65.4829,81.2855],[-66.3145,81.1466],[-66.7285,81.0407],[-67.7761,80.8602],[-68.6293,80.6779],[-68.9605,80.5876],[-69.3997,80.4227],[-69.5509,80.3828],[-69.7345,80.3672],[-69.9505,80.3741],[-70.1449,80.3984],[-70.4041,80.4592],[-70.6381,80.5269],[-70.7137,80.539],[-70.6669,80.5061],[-70.2133,80.2769],[-70.2637,80.2335],[-71.0989,80.1866],[-71.4697,80.1467],[-71.6605,80.1363],[-71.7973,80.1432],[-71.9269,80.1398],[-72.0565,80.1224],[-72.0637,80.105],[-71.9485,80.0859],[-71.6173,80.0703],[-70.8757,80.1224],[-70.7569,80.1189],[-70.5697,80.0929],[-70.5589,80.0703],[-70.7569,79.9974],[-71.3545,79.9106],[-71.2789,79.9071],[-71.1061,79.8759],[-71.1097,79.8481],[-71.2969,79.7821],[-71.3869,79.7613],[-71.9629,79.7005],[-72.2149,79.6867],[-72.4381,79.6936],[-73.4497,79.8273],[-73.8061,79.8464],[-74.1445,79.8794],[-74.3929,79.8741],[-74.6593,79.836],[-74.5405,79.8151],[-74.0509,79.7787],[-73.6405,79.7717],[-73.4713,79.7561],[-73.4065,79.7318],[-73.2301,79.6433],[-73.2013,79.5964],[-73.2409,79.553],[-73.2949,79.5217],[-73.3597,79.5044],[-73.4677,79.4957],[-73.8673,79.5009],[-74.0149,79.4905],[-74.1877,79.4644],[-74.4073,79.454],[-74.7997,79.4592],[-75.2606,79.421],[-75.5018,79.4141],[-75.7754,79.4315],[-76.067,79.4731],[-76.3766,79.494],[-76.8986,79.5131],[-76.8554,79.4888],[-76.6718,79.4783],[-76.2974,79.4141],[-76.1174,79.3256],[-75.9482,79.3117],[-75.6026,79.2388],[-75.3542,79.2284],[-75.095,79.204],[-74.7277,79.2353],[-74.4829,79.2301],[-74.5333,79.053],[-74.6413,79.0357],[-75.2318,79.0357],[-75.5162,79.0617],[-75.6386,79.0877],[-75.9122,79.1172],[-76.157,79.0999],[-76.3802,79.1034],[-76.5314,79.086],[-76.7726,79.0877],[-77.399,79.0565],[-77.7302,79.0565],[-77.975,79.0756],[-78.2594,79.0825],[-78.5834,79.0756],[-78.5582,79.0548],[-78.4214,79.0478],[-78.2234,79.0148],[-78.0362,78.9645],[-77.8814,78.9419],[-77.6978,78.9541],[-77.5106,78.9784],[-76.8266,79.0183],[-76.5242,79.0235],[-76.2542,79.0061],[-76.0778,78.9853],[-75.9518,78.9593],[-75.7934,78.8898],[-75.401,78.8812],[-75.0986,78.8586],[-74.6197,78.7579],[-74.4865,78.751],[-74.4325,78.7249],[-74.5333,78.6589],[-74.5477,78.6208],[-74.8789,78.5444],[-75.3974,78.5235],[-75.9662,78.5305],[-76.373,78.5218],[-76.4162,78.5114],[-76.1354,78.4923],[-75.4874,78.4038],[-75.239,78.3551],[-75.1922,78.3274],[-75.5522,78.2215],[-75.8654,78.0097],[-75.9698,77.9923],[-76.0778,77.9871],[-76.355,77.9906],[-76.7078,77.9385],[-76.9742,77.9281],[-77.4566,77.9472],[-78.011,77.9454],[-78.0578,77.9125],[-78.083,77.8465],[-78.0794,77.7475],[-78.047,77.6156],[-78.0758,77.5184],[-78.1694,77.4576],[-78.2846,77.4125],[-78.4934,77.3691],[-78.7094,77.3413],[-78.8678,77.3326],[-79.1378,77.3309],[-79.9046,77.2997],[-80.2826,77.3014],[-80.5742,77.3153],[-80.873,77.3587],[-81.377,77.4819],[-81.521,77.5097],[-81.6578,77.5253],[-81.6542,77.4993],[-81.503,77.4299],[-81.377,77.3847],[-81.2762,77.3656],[-81.3014,77.3448],[-81.5246,77.3101],[-81.7658,77.2962],[-82.0574,77.2962],[-82.0646,77.284],[-81.9674,77.2476],[-81.8414,77.2146],[-81.755,77.2042],[-81.5354,77.2146],[-81.2762,77.2563],[-81.1178,77.2701],[-80.7974,77.2597],[-80.6714,77.2441],[-80.2754,77.1504],[-80.2178,77.1469],[-79.9226,77.1938],[-79.4978,77.1955],[-79.3394,77.159],[-79.2818,77.0844],[-79.2746,77.0254],[-79.3178,76.9802],[-79.2206,76.9368],[-78.9794,76.8934],[-78.7922,76.883],[-78.659,76.9073],[-78.4574,76.9681],[-78.371,76.982],[-78.2882,76.9785],[-78.1658,76.9351],[-78.0002,76.8518],[-77.9822,76.7545],[-78.119,76.6434],[-78.2846,76.5705],[-78.9326,76.4507],[-79.1306,76.4039],[-79.2854,76.3553],[-79.5122,76.3101],[-79.955,76.2511],[-80.1854,76.2407],[-80.6894,76.1765],[-80.801,76.173],[-80.963,76.1834],[-80.9954,76.2147],[-80.9558,76.2702],[-80.9018,76.3223],[-80.8334,76.3692],[-80.8334,76.4091],[-80.9738,76.4698],[-81.0746,76.4976],[-81.1718,76.5132],[-81.3662,76.5046],[-81.4742,76.4872],[-81.593,76.4837],[-81.719,76.4941],[-81.8234,76.5202],[-82.0358,76.6296],[-82.115,76.6434],[-82.2194,76.64],[-82.3094,76.6556],[-82.3922,76.6903],[-82.529,76.7233],[-82.493,76.6973],[-82.3562,76.6365],[-82.2626,76.574],[-82.2086,76.5132],[-82.2338,76.4664],[-83.3894,76.4386],[-83.8862,76.4525],[-83.987,76.4959],[-84.2246,76.6747],[-84.275,76.357],[-85,76.3135],[-85,77.3809],[-84.9518,77.3743],[-84.7394,77.3604],[-84.4874,77.3674],[-83.9726,77.3899],[-83.7206,77.4142],[-83.609,77.442],[-83.5514,77.4819],[-83.4758,77.5132],[-83.249,77.5844],[-82.9034,77.7319],[-82.709,77.85],[-82.6658,77.8882],[-82.6262,77.9368],[-82.5938,77.9923],[-82.7018,77.9628],[-83.303,77.6729],[-83.429,77.6208],[-83.7782,77.5323],[-83.9294,77.5184],[-84.167,77.5219],[-84.4874,77.5618],[-84.8618,77.4993],[-85,77.5088],[-85,78.0718],[-84.617,78.1954],[-84.5234,78.1972],[-84.221,78.1763],[-84.3866,78.2058],[-84.5486,78.251],[-84.9086,78.2388],[-84.7826,78.527],[-85,78.333],[-85,78.9121],[-84.7862,78.8846],[-83.9078,78.8395],[-83.5478,78.8048],[-83.3894,78.7787],[-83.2706,78.77],[-83.1482,78.8082],[-82.9898,78.8447],[-82.4426,78.8412],[-82.2914,78.8464],[-82.151,78.8638],[-81.9818,78.8985],[-81.7802,78.9506],[-81.7514,78.9766],[-81.8882,78.9749],[-82.0286,78.961],[-82.2374,78.9246],[-82.439,78.9037],[-82.6442,78.9072],[-83.0582,78.9402],[-83.7782,78.9454],[-84.1454,78.9593],[-84.3146,78.9749],[-84.4118,78.9957],[-84.4946,79.0287],[-84.5666,79.0721],[-84.5306,79.1016],[-84.383,79.119],[-84.257,79.1225],[-84.0518,79.0982],[-83.825,79.0582],[-83.5766,79.053],[-83.663,79.0895],[-83.9798,79.1624],[-84.1958,79.2249],[-84.3794,79.3013],[-84.5234,79.3759],[-84.8366,79.494],[-85,79.5705],[-85,80.274],[-84.6746,80.2786],[-84.0554,80.2613],[-83.7242,80.2283],[-83.3426,80.1467],[-83.0042,80.0547],[-82.6766,79.9922],[-82.3778,79.9089],[-82.0502,79.7821],[-81.8558,79.7231],[-81.6866,79.6867],[-81.4634,79.6537],[-81.0386,79.6137],[-80.6678,79.6016],[-80.477,79.6068],[-80.2718,79.6346],[-80.1242,79.6693],[-80.2862,79.6797],[-80.7146,79.6745],[-81.0098,79.6936],[-81.179,79.7335],[-81.359,79.7873],[-81.6434,79.8898],[-81.8594,79.9575],[-82.331,80.0668],[-82.6802,80.1745],[-82.961,80.2786],[-82.9862,80.322],[-82.7846,80.3533],[-82.5362,80.3759],[-80.981,80.4453],[-80.0522,80.5286],[-79.6742,80.6258],[-79.631,80.6484],[-78.3854,80.7838],[-77.507,80.8342],[-77.1686,80.8428],[-76.8626,80.8654],[-76.8518,80.8776],[-77.1182,80.8967],[-77.3882,80.9053],[-78.0038,80.9053],[-78.551,80.921],[-78.7166,80.9522],[-78.6806,81.0008],[-78.6302,81.0442],[-78.4646,81.1137],[-78.2882,81.1675],[-77.5358,81.3202],[-77.0318,81.3862],[-76.8842,81.4296],[-77.9714,81.3307],[-78.353,81.2595],[-78.7346,81.1518],[-78.9326,81.1189],[-79.073,81.1275],[-79.199,81.1171],[-79.3106,81.0893],[-79.4006,81.0373],[-79.4762,80.9609],[-79.5446,80.9088],[-79.6058,80.881],[-79.7606,80.8411],[-80.135,80.7647],[-81.0062,80.6553],[-81.3014,80.6276],[-81.5534,80.6224],[-82.367,80.5616],[-82.6118,80.5581],[-82.8854,80.5772],[-82.7666,80.631],[-82.3382,80.7283],[-82.223,80.7717],[-82.5002,80.763],[-82.781,80.7352],[-83.4002,80.7144],[-83.6486,80.6744],[-83.8862,80.6015],[-84.077,80.5564],[-84.221,80.5373],[-84.419,80.5269],[-85,80.5227],[-85,81.012],[-84.6782,81.0425],[-83.3498,81.1032],[-83.2886,81.1484],[-84.635,81.098],[-85,81.0781],[-85,81.2699],[-84.941,81.2855],[-85,81.2874],[-85,82.4369],[-84.8978,82.4486],[-84.743,82.4365],[-84.5522,82.3983],[-84.3686,82.374],[-83.825,82.3514],[-83.591,82.3271],[-83.177,82.1865],[-83.0114,82.1414],[-82.7738,82.0945],[-82.6334,82.0771],[-82.3562,82.0667],[-82.3274,82.0928],[-82.6586,82.1587],[-82.7486,82.1969],[-82.709,82.2282],[-82.637,82.2455],[-82.5362,82.2473],[-82.277,82.2178],[-81.5858,82.1205],[-80.549,82.0042],[-80.153,81.9782],[-79.9082,81.9365],[-79.685,81.8862],[-79.4654,81.8515],[-79.4258,81.8549],[-79.631,81.933],[-80.1314,82.0285],[-81.467,82.1917],[-81.9962,82.2785],[-82.2554,82.3358],[-82.4462,82.3948],[-82.4498,82.4278],[-82.2698,82.4643],[-82.025,82.4938],[-81.719,82.5059],[-81.6794,82.5181],[-81.9602,82.5632],[-82.1222,82.6014],[-82.1186,82.6292],[-81.7838,82.65],[-81.5786,82.6431],[-81.1898,82.5945],[-80.8622,82.5719],[-80.8082,82.5858],[-81.1466,82.716],[-81.179,82.7455],[-81.1286,82.7611],[-81.0098,82.7785],[-80.657,82.7698],[-80.0774,82.7056],[-79.0334,82.6743],[-78.749,82.6795],[-78.7922,82.6934],[-79.2062,82.7333],[-79.6418,82.7854],[-79.8326,82.8167],[-79.973,82.8583],[-80.1422,82.8948],[-80.1566,82.9104],[-79.8866,82.9382],[-79.181,82.933],[-78.5258,82.8913],[-77.9678,82.9069],[-77.6186,82.8965],[-77.4782,82.8826],[-77.2262,82.8375],[-76.4198,82.6708],[-76.337,82.6448],[-76.2434,82.6049],[-76.1462,82.5493],[-76.0094,82.5354],[-75.743,82.5719],[-75.5666,82.6084],[-75.6422,82.6431],[-76.0886,82.7229],[-76.1894,82.7576],[-76.409,82.8167],[-76.9094,82.9191],[-77.0426,82.9677],[-77.1254,83.0094],[-75.7466,83.0476],[-74.4145,83.0128],[-74.1985,82.9885],[-74.0545,82.9556],[-73.9177,82.9035],[-73.7017,82.8514],[-73.2733,82.7715],[-72.6577,82.7212],[-72.7765,82.7559],[-73.2337,82.8444],[-73.4425,82.9052],[-73.4389,82.9451],[-73.4029,82.9764],[-73.3309,82.999],[-72.8125,83.0805],[-72.0709,83.1066],[-71.9845,83.1014],[-71.4049,82.9746],[-71.1313,82.9226],[-70.9405,82.9017],[-70.9333,82.9104],[-71.1997,82.9694],[-71.4013,83.0007],[-71.4229,83.0215],[-71.0845,83.0823],[-70.8721,83.0979],[-69.9685,83.1153],[-69.8677,83.1101],[-69.7813,83.0927],[-69.5689,83.025],[-69.4897,83.0163]]],[[[-85,68.7635],[-84.869,68.7741],[-84.869,68.7898],[-85,68.8194],[-85,68.9507],[-84.9158,68.9616],[-84.8942,68.9877],[-84.8942,69.0207],[-84.8618,69.0745],[-84.8906,69.0936],[-85,69.1293],[-85,69.8085],[-84.833,69.8348],[-84.6458,69.8505],[-84.3182,69.8435],[-84.2426,69.8348],[-83.9186,69.7446],[-83.6666,69.6994],[-83.5514,69.7046],[-82.9898,69.6855],[-82.745,69.696],[-82.619,69.6907],[-82.3742,69.6421],[-82.3886,69.6005],[-82.4966,69.5328],[-82.6334,69.5189],[-82.7558,69.4946],[-82.6406,69.4581],[-82.3094,69.4095],[-82.2302,69.3331],[-82.2086,69.2967],[-82.2482,69.2654],[-82.2266,69.2481],[-82.151,69.2481],[-81.953,69.2758],[-81.7334,69.2585],[-81.413,69.1977],[-81.377,69.1856],[-81.323,69.1387],[-81.3302,69.1196],[-81.611,69.0033],[-81.7586,68.9564],[-81.953,68.9095],[-81.9566,68.8835],[-81.6866,68.8783],[-81.4778,68.8661],[-81.3806,68.8505],[-81.3302,68.828],[-81.2618,68.7811],[-81.251,68.7429],[-81.2582,68.6925],[-81.2798,68.6578],[-81.5282,68.5554],[-81.6398,68.5242],[-81.8306,68.4877],[-81.9134,68.4582],[-82.007,68.4634],[-82.1078,68.4981],[-82.2086,68.5068],[-82.3958,68.4773],[-82.5002,68.479],[-82.547,68.4686],[-82.5542,68.446],[-82.4642,68.3818],[-82.4138,68.3575],[-82.3922,68.3384],[-82.4318,68.3072],[-82.421,68.2967],[-82.3922,68.2846],[-82.223,68.1457],[-82.187,68.1353],[-82.151,68.1405],[-82.079,68.1804],[-82.0322,68.1961],[-82.0142,68.1943],[-82.0142,68.1735],[-82.0934,68.052],[-82.1006,68.019],[-82.1006,67.9895],[-82.061,67.9287],[-81.9782,67.8627],[-81.8702,67.802],[-81.7082,67.7221],[-81.4922,67.6371],[-81.413,67.5954],[-81.2942,67.4982],[-81.269,67.46],[-81.3014,67.3576],[-81.3878,67.1892],[-81.4418,67.0937],[-81.467,67.0694],[-81.629,67.0017],[-81.7226,66.9861],[-81.8738,66.9878],[-81.9242,66.9739],[-82.0034,66.9201],[-82.1114,66.8246],[-82.1978,66.7638],[-82.259,66.7395],[-82.3742,66.71],[-82.5542,66.6215],[-82.6406,66.5868],[-82.9502,66.5503],[-83.1986,66.4323],[-83.2994,66.3923],[-83.4074,66.3715],[-83.5226,66.368],[-83.591,66.3871],[-83.627,66.46],[-83.6522,66.4844],[-83.7386,66.5347],[-83.9186,66.6788],[-83.9978,66.7291],[-84.0482,66.7395],[-84.1562,66.7309],[-84.2066,66.7361],[-84.3254,66.7812],[-84.365,66.8107],[-84.3614,66.8229],[-84.2714,66.8385],[-84.311,66.8628],[-84.4658,66.927],[-84.5306,66.9618],[-84.5378,66.9722],[-84.6926,67.0173],[-84.8474,67.0295],[-85,66.9712],[-85,66.8759],[-84.977,66.8819],[-84.8978,66.927],[-84.8582,66.9409],[-84.7394,66.934],[-84.6386,66.9027],[-84.6026,66.875],[-84.5882,66.8559],[-84.3182,66.7118],[-84.2246,66.6823],[-84.1814,66.6475],[-84.1526,66.5902],[-84.095,66.526],[-83.9654,66.4201],[-83.825,66.2899],[-83.7962,66.2378],[-83.8682,66.2135],[-83.9042,66.2118],[-84.0122,66.2309],[-84.293,66.2917],[-84.3254,66.2899],[-84.3974,66.2587],[-84.4586,66.1858],[-84.4766,66.1788],[-84.6278,66.2083],[-84.9086,66.2708],[-85,66.2971],[-85,55.2847],[-84.9194,55.2837],[-84.707,55.2594],[-84.5162,55.2594],[-84.3578,55.2819],[-84.2174,55.2923],[-84.1058,55.2906],[-84.023,55.2975],[-83.9726,55.3149],[-83.9114,55.3149],[-83.6666,55.2646],[-83.5694,55.2611],[-83.213,55.2142],[-82.9862,55.2316],[-82.9466,55.2229],[-82.8674,55.1604],[-82.799,55.1552],[-82.6874,55.1656],[-82.5758,55.1482],[-82.3922,55.0684],[-82.3094,54.999],[-82.2266,54.8566],[-82.2194,54.8132],[-82.3706,54.4834],[-82.4174,54.3566],[-82.4246,54.2438],[-82.3958,54.1813],[-82.2626,54.0737],[-82.241,54.0442],[-82.1618,53.8862],[-82.1402,53.8185],[-82.151,53.7403],[-82.1906,53.6101],[-82.1798,53.5129],[-82.1474,53.3654],[-82.1582,53.2647],[-82.2194,53.2109],[-82.259,53.1605],[-82.2914,53.0668],[-82.2914,53.0303],[-82.259,52.9609],[-82.2014,52.921],[-82.1078,52.8776],[-82.0214,52.8116],[-81.8594,52.6519],[-81.7406,52.5633],[-81.6002,52.4331],[-81.5714,52.3672],[-81.611,52.3238],[-81.6614,52.2943],[-81.7766,52.2543],[-81.827,52.2248],[-81.8162,52.2179],[-81.647,52.2387],[-81.5498,52.237],[-81.467,52.204],[-81.3986,52.1415],[-81.2834,52.0894],[-81.1286,52.046],[-80.9702,51.9714],[-80.7038,51.7978],[-80.657,51.7578],[-80.5886,51.6676],[-80.495,51.5252],[-80.4482,51.4315],[-80.4446,51.3881],[-80.495,51.3447],[-80.6714,51.2648],[-80.8514,51.1242],[-80.7938,51.1311],[-80.6786,51.1902],[-80.477,51.3065],[-80.369,51.329],[-80.2646,51.3169],[-80.1026,51.2822],[-79.9622,51.2353],[-79.8362,51.1728],[-79.6526,51.0079],[-79.4546,50.8759],[-79.3466,50.7631],[-79.379,50.8343],[-79.451,50.9176],[-79.6346,51.0495],[-79.7138,51.1172],[-79.7318,51.1502],[-79.739,51.1867],[-79.7246,51.2509],[-79.6886,51.3464],[-79.6418,51.4141],[-79.5842,51.4523],[-79.5482,51.494],[-79.5266,51.5374],[-79.4978,51.5703],[-79.3394,51.6276],[-79.2962,51.6224],[-79.2638,51.5512],[-79.2278,51.5374],[-79.1522,51.5269],[-79.091,51.5009],[-79.0406,51.4644],[-79.0046,51.4245],[-78.983,51.3863],[-78.9362,51.2596],[-78.9038,51.2006],[-78.8966,51.2718],[-78.857,51.3846],[-78.8282,51.4297],[-78.731,51.4974],[-78.7382,51.5269],[-78.7778,51.5651],[-78.9794,51.7335],[-78.983,51.7752],[-78.929,51.7995],[-78.8894,51.8446],[-78.8714,51.9141],[-78.8282,51.9627],[-78.7022,52.0321],[-78.5942,52.1398],[-78.5366,52.2127],[-78.4934,52.2526],[-78.4466,52.2613],[-78.5114,52.2908],[-78.5258,52.3099],[-78.5294,52.3984],[-78.5582,52.4922],[-78.6014,52.5356],[-78.7238,52.6276],[-78.7454,52.6553],[-78.767,52.7595],[-78.7526,52.8116],[-78.7202,52.8567],[-78.7382,52.8984],[-78.8534,52.9765],[-78.8966,53.0442],[-78.947,53.2057],[-78.9938,53.4105],[-79.0442,53.5598],[-79.1018,53.657],[-79.1126,53.7178],[-79.0802,53.7421],[-79.0406,53.8185],[-79.0046,53.8358],[-78.947,53.8324],[-78.9434,53.841],[-79.0334,53.881],[-79.0766,53.933],[-79.073,53.9521],[-78.9974,54.0025],[-79.0082,54.0233],[-79.0658,54.0511],[-79.2422,54.0997],[-79.1774,54.1171],[-79.1378,54.157],[-79.145,54.1691],[-79.217,54.1865],[-79.2962,54.216],[-79.3574,54.2629],[-79.4294,54.3358],[-79.4762,54.3948],[-79.5194,54.492],[-79.5986,54.6014],[-79.631,54.6292],[-79.6706,54.6465],[-79.7138,54.6552],[-79.7138,54.6726],[-79.667,54.6969],[-78.911,54.8809],[-78.8462,54.9087],[-78.4754,55.0111],[-78.3026,55.0684],[-78.1298,55.1517],[-77.8922,55.2368],[-77.777,55.2906],[-77.7014,55.3444],[-77.3234,55.5562],[-77.165,55.6638],[-77.0714,55.7558],[-76.9382,55.867],[-76.7618,55.9972],[-76.6502,56.1065],[-76.6034,56.2003],[-76.5458,56.3582],[-76.5314,56.5006],[-76.5206,56.7072],[-76.5242,56.8912],[-76.5746,57.1811],[-76.5998,57.2731],[-76.6538,57.3807],[-76.787,57.5977],[-76.8086,57.6585],[-76.8914,57.7575],[-77.1578,58.0196],[-77.489,58.1949],[-77.5538,58.2401],[-77.6834,58.2922],[-77.885,58.3512],[-78.0146,58.3998],[-78.353,58.5803],[-78.4646,58.6029],[-78.5042,58.6498],[-78.515,58.6828],[-78.5006,58.7696],[-78.4826,58.8286],[-78.4574,58.8737],[-78.4322,58.9015],[-78.245,59.0352],[-78.1406,59.1411],[-78.0686,59.2001],[-77.9894,59.2452],[-77.8418,59.3042],[-77.759,59.3806],[-77.7806,59.4101],[-77.8454,59.4431],[-77.8598,59.4761],[-77.7482,59.5577],[-77.7338,59.5803],[-77.7482,59.6584],[-77.7266,59.6757],[-77.5898,59.681],[-77.3954,59.5698],[-77.3486,59.5785],[-77.4098,59.6098],[-77.4854,59.6844],[-77.4746,59.7157],[-77.3306,59.7973],[-77.327,59.8337],[-77.3702,59.8841],[-77.3738,59.9257],[-77.291,60.0212],[-77.3126,60.042],[-77.5466,60.0611],[-77.5862,60.0889],[-77.5718,60.1011],[-77.4602,60.1341],[-77.453,60.1462],[-77.6474,60.3632],[-77.6798,60.4274],[-77.597,60.5073],[-77.5034,60.542],[-77.5142,60.5628],[-77.6402,60.5663],[-77.7158,60.5785],[-77.7914,60.6392],[-77.7626,60.6792],[-77.7338,60.6965],[-77.6618,60.7903],[-77.5898,60.8094],[-77.6042,60.825],[-77.8706,60.7851],[-77.9966,60.818],[-78.1226,60.8094],[-78.1802,60.8198],[-78.1586,60.8528],[-77.9354,61.0021],[-77.831,61.0836],[-77.7662,61.1583],[-77.7302,61.2069],[-77.7266,61.2312],[-77.7482,61.3927],[-77.7374,61.4378],[-77.6474,61.4795],[-77.5142,61.5558],[-77.6978,61.627],[-77.813,61.6947],[-77.8886,61.7294],[-77.9462,61.7624],[-78.0218,61.8319],[-78.0758,61.9239],[-78.137,62.1079],[-78.1478,62.2086],[-78.1334,62.2815],[-78.1082,62.3179],[-78.0686,62.3561],[-77.8994,62.4273],[-77.6042,62.5315],[-77.3738,62.5731],[-77.2046,62.5506],[-76.8806,62.5245],[-76.6178,62.4655],[-75.8186,62.3162],[-75.6746,62.2502],[-75.8078,62.193],[-75.7898,62.1791],[-75.4874,62.2867],[-75.4082,62.3075],[-75.3398,62.3127],[-75.113,62.2711],[-75.023,62.2641],[-74.9077,62.2294],[-74.6341,62.1148],[-74.6125,62.1252],[-74.6881,62.1843],[-74.6449,62.2103],[-74.4289,62.2711],[-74.2057,62.3214],[-74.0473,62.37],[-73.8781,62.4343],[-73.7629,62.469],[-73.7053,62.4724],[-73.6297,62.4534],[-73.4281,62.3683],[-73.2985,62.3249],[-73.1941,62.2798],[-73.0501,62.1982],[-72.9925,62.1808],[-72.8809,62.1252],[-72.7333,62.1305],[-72.6865,62.1252],[-72.6721,62.1131],[-72.6469,62.0766],[-72.6325,62.0523],[-72.6325,62.028],[-72.6649,61.9551],[-72.7729,61.8405],[-72.7261,61.8388],[-72.6613,61.8631],[-72.5749,61.9065],[-72.5065,61.9221],[-72.3625,61.8874],[-72.2257,61.8319],[-72.1789,61.8024],[-72.1249,61.7537],[-72.0817,61.7277],[-72.0385,61.6808],[-72.0421,61.6652],[-72.0817,61.6409],[-72.2473,61.6027],[-72.2149,61.5871],[-72.0241,61.6114],[-71.9629,61.6357],[-71.9233,61.6774],[-71.8657,61.6878],[-71.6389,61.6166],[-71.6065,61.5923],[-71.6209,61.5732],[-71.6569,61.5506],[-71.7541,61.5263],[-71.8405,61.4656],[-71.8549,61.4395],[-71.7937,61.4204],[-71.6461,61.4135],[-71.6461,61.3996],[-71.7325,61.3718],[-71.7433,61.3371],[-71.5525,61.2138],[-71.4229,61.1583],[-71.3473,61.1496],[-71.1745,61.1461],[-71.0341,61.1253],[-70.7245,61.0559],[-70.5409,61.042],[-70.3825,61.0645],[-70.2781,61.068],[-70.1881,61.0402],[-70.1593,61.0211],[-70.1449,60.9812],[-70.1449,60.9222],[-70.0945,60.8805],[-69.9937,60.8562],[-69.9109,60.8597],[-69.7993,60.9066],[-69.7093,60.9153],[-69.6769,60.95],[-69.6517,61.0142],[-69.6229,61.0489],[-69.5581,61.0593],[-69.5041,61.0402],[-69.4717,61.0107],[-69.4141,60.9222],[-69.3997,60.8823],[-69.4033,60.8475],[-69.4321,60.8146],[-69.4897,60.7798],[-69.5725,60.7434],[-69.6409,60.6896],[-69.7201,60.5681],[-69.7525,60.4882],[-69.7597,60.4396],[-69.7561,60.3892],[-69.7417,60.332],[-69.7093,60.2851],[-69.6337,60.2209],[-69.6301,60.1983],[-69.6229,60.1462],[-69.6301,60.1219],[-69.6733,60.075],[-69.7957,60.0299],[-69.9613,60.0177],[-70.5085,60.016],[-70.6561,60.0264],[-70.6201,59.9848],[-70.4653,59.9709],[-70.3285,59.9709],[-69.8065,59.9448],[-69.7345,59.9188],[-69.6733,59.8702],[-69.6301,59.8216],[-69.5869,59.7226],[-69.5797,59.6757],[-69.6013,59.6219],[-69.6553,59.5646],[-69.6913,59.4883],[-69.7093,59.3928],[-69.6805,59.3424],[-69.3997,59.3372],[-69.3457,59.3025],[-69.3493,59.2765],[-69.4501,59.1792],[-69.4609,59.1532],[-69.4141,59.0872],[-69.4213,59.0681],[-69.4465,59.049],[-69.4753,59.0004],[-69.5005,58.9206],[-69.5329,58.8685],[-69.6085,58.8303],[-69.6481,58.8216],[-69.6769,58.832],[-69.7525,58.9397],[-69.7849,58.9553],[-69.8137,58.9449],[-69.8281,58.9293],[-69.8281,58.905],[-69.8425,58.8807],[-69.8677,58.8564],[-69.9793,58.8164],[-70.1593,58.7886],[-70.1557,58.7609],[-70.0333,58.7452],[-69.8785,58.6966],[-69.7885,58.6897],[-69.6517,58.7279],[-69.3817,58.8511],[-69.2701,58.8841],[-69.1729,58.8963],[-69.0649,58.898],[-68.9425,58.8893],[-68.6977,58.905],[-68.6365,58.8928],[-68.5645,58.8668],[-68.4745,58.8234],[-68.4133,58.7834],[-68.3809,58.7435],[-68.3269,58.596],[-68.2513,58.556],[-68.2369,58.5282],[-68.2297,58.4848],[-68.2333,58.3998],[-68.3161,58.2262],[-68.3557,58.1637],[-68.4673,58.0769],[-68.5969,58.037],[-68.8273,58.0005],[-68.9461,57.9693],[-69.0361,57.9259],[-69.0397,57.9033],[-68.7805,57.9762],[-68.4961,58.0109],[-68.4133,58.0526],[-68.3521,58.0908],[-68.2909,58.1776],[-68.1757,58.4033],[-68.1109,58.4727],[-68.0209,58.4848],[-67.9813,58.4605],[-67.8877,58.3286],[-67.8877,58.2956],[-67.9129,58.2678],[-68.0641,58.1394],[-68.0101,58.1515],[-67.8553,58.2731],[-67.8229,58.3095],[-67.8049,58.3651],[-67.7545,58.405],[-67.7365,58.3859],[-67.6897,58.2435],[-67.6897,58.1394],[-67.6789,58.1064],[-67.6969,58.0092],[-67.6789,57.9918],[-67.6321,58.0769],[-67.6177,58.1411],[-67.5961,58.1863],[-67.5709,58.214],[-67.3837,58.3008],[-67.1641,58.3703],[-67.0201,58.4328],[-66.9013,58.4623],[-66.7213,58.4918],[-66.6097,58.5491],[-66.5593,58.6359],[-66.5161,58.6966],[-66.4801,58.7314],[-66.3613,58.7904],[-66.3001,58.7939],[-66.2389,58.773],[-66.1669,58.7279],[-66.0913,58.6584],[-66.0445,58.6064],[-66.0301,58.5664],[-66.0157,58.431],[-66.0013,58.431],[-65.9329,58.5352],[-65.9221,58.5716],[-65.9293,58.6116],[-65.9509,58.6498],[-66.0229,58.7348],[-66.0481,58.7886],[-66.0445,58.8199],[-65.9653,58.839],[-65.8537,58.8459],[-65.8357,58.8598],[-65.9185,58.8963],[-65.9221,58.9154],[-65.8429,58.9779],[-65.7961,58.9796],[-65.7025,58.9709],[-65.7205,59.0022],[-65.7205,59.023],[-65.6953,59.0317],[-65.5441,59.0126],[-65.5261,59.0369],[-65.3965,59.0386],[-65.3821,59.0595],[-65.4973,59.0907],[-65.6053,59.1115],[-65.6413,59.1272],[-65.6665,59.1532],[-65.6989,59.214],[-65.6917,59.2296],[-65.6593,59.2296],[-65.6089,59.214],[-65.5765,59.2452],[-65.5441,59.3199],[-65.5117,59.3511],[-65.4109,59.3147],[-65.4073,59.3303],[-65.4901,59.4483],[-65.4757,59.4709],[-65.3497,59.4796],[-65.2741,59.464],[-65.0761,59.3789],[-65.0365,59.3876],[-65.0689,59.4119],[-65.1697,59.4622],[-65.2633,59.4952],[-65.3461,59.5108],[-65.4073,59.5386],[-65.4757,59.6167],[-65.4865,59.648],[-65.4793,59.6896],[-65.4325,59.7764],[-65.4073,59.7955],[-65.3569,59.8094],[-65.2885,59.8181],[-65.2129,59.8094],[-65.0545,59.7521],[-65.0293,59.7712],[-65.1121,59.8025],[-65.1589,59.8303],[-65.1805,59.8667],[-65.1733,59.9084],[-65.1049,59.9934],[-65.0725,60.0629],[-64.932,60.2521],[-64.8888,60.2868],[-64.8456,60.3077],[-64.8168,60.3302],[-64.7052,60.3354],[-64.5,60.2677],[-64.4352,60.2278],[-64.4208,60.1722],[-64.5288,60.0941],[-64.7124,60.0368],[-64.77,60.0125],[-64.734,59.9969],[-64.5576,60.0438],[-64.4064,60.0646],[-64.284,60.0646],[-64.1832,59.9726],[-64.1688,59.8459],[-64.2264,59.7417],[-64.1508,59.7938],[-64.0572,59.8233],[-63.978,59.7539],[-63.9708,59.6983],[-63.9276,59.6445],[-63.8412,59.5751],[-63.7512,59.5126],[-63.852,59.4483],[-63.9708,59.4084],[-63.9456,59.3806],[-63.78,59.3494],[-63.7584,59.3181],[-63.7764,59.2765],[-63.7512,59.2782],[-63.636,59.3407],[-63.5388,59.332],[-63.4164,59.1949],[-63.5064,59.115],[-63.6468,59.0786],[-63.7548,59.0629],[-63.9096,59.0664],[-63.9708,59.0543],[-63.942,59.0282],[-63.7944,59.0265],[-63.5676,59.0473],[-63.3984,59.0803],[-63.3264,59.082],[-63.2472,59.0681],[-63.222,59.0577],[-63.3048,59.0352],[-63.3084,59.0265],[-63.2796,59.0039],[-63.2148,58.9275],[-63.222,58.9102],[-63.2832,58.8668],[-63.186,58.8581],[-63.0492,58.8789],[-63.0096,58.8546],[-62.9268,58.7643],[-62.8728,58.6723],[-63.1032,58.5456],[-63.2184,58.5196],[-63.3912,58.4519],[-63.438,58.398],[-63.5388,58.3303],[-63.474,58.3303],[-63.2976,58.4414],[-63.2112,58.4675],[-63.1464,58.4605],[-63.1212,58.4414],[-63.132,58.4102],[-63.0744,58.4154],[-62.8368,58.4796],[-62.736,58.4918],[-62.6064,58.497],[-62.5956,58.4744],[-62.6748,58.3199],[-62.8116,58.2001],[-63.0636,58.1272],[-63.15,58.0838],[-63.2616,58.0144],[-63.2184,58.0022],[-62.9808,58.0925],[-62.8188,58.129],[-62.5884,58.1585],[-62.4876,58.1533],[-62.304,57.9727],[-62.2032,57.9554],[-62.1168,57.964],[-61.9584,57.912],[-61.9008,57.8616],[-61.9152,57.8252],[-61.9692,57.8026],[-61.9944,57.7696],[-61.9296,57.6689],[-61.9692,57.6116],[-62.0844,57.5613],[-62.1672,57.537],[-62.2536,57.5283],[-62.34,57.4849],[-62.376,57.478],[-62.4948,57.4884],[-62.4552,57.4623],[-62.3976,57.4485],[-62.304,57.4415],[-62.196,57.4554],[-62.088,57.4537],[-61.9224,57.4207],[-61.8504,57.3807],[-61.8504,57.3703],[-61.8864,57.3478],[-61.9404,57.2749],[-61.9764,57.2488],[-61.944,57.228],[-61.8612,57.1967],[-61.8,57.1863],[-61.7172,57.1967],[-61.6272,57.1828],[-61.332,57.011],[-61.3464,56.9224],[-61.3896,56.853],[-61.3716,56.7766],[-61.3716,56.6811],[-61.53,56.6551],[-62.0628,56.6985],[-62.3652,56.7662],[-62.3832,56.787],[-62.2968,56.8322],[-62.3724,56.8356],[-62.4588,56.8183],[-62.4984,56.8009],[-62.394,56.7297],[-62.1168,56.6673],[-61.9908,56.5909],[-61.854,56.5839],[-61.8144,56.57],[-61.7388,56.5266],[-61.7604,56.511],[-61.9008,56.5058],[-62.0088,56.4537],[-61.9404,56.4242],[-61.692,56.3964],[-61.5156,56.3895],[-61.4256,56.36],[-61.4976,56.327],[-61.7064,56.2888],[-61.7136,56.2315],[-61.5588,56.2072],[-61.422,56.2211],[-61.3644,56.2159],[-61.3248,56.077],[-61.2996,56.0475],[-61.4472,56.0232],[-61.4508,55.9954],[-61.35,55.9729],[-61.188,55.9555],[-61.134,55.9295],[-61.1232,55.8878],[-61.0908,55.867],[-60.9972,55.8617],[-60.8928,55.9138],[-60.8316,55.9572],[-60.7416,55.9416],[-60.738,55.8878],[-60.63,55.8253],[-60.594,55.8149],[-60.5616,55.7263],[-60.4752,55.8045],[-60.414,55.7888],[-60.342,55.7854],[-60.3672,55.709],[-60.4068,55.65],[-60.3528,55.6118],[-60.3096,55.5562],[-60.1908,55.4816],[-60.2232,55.4451],[-60.36,55.367],[-60.432,55.242],[-60.45,55.2003],[-60.522,55.1292],[-60.6156,55.0597],[-60.558,55.0667],[-60.342,55.1934],[-60.2124,55.2368],[-59.9316,55.2594],[-59.8632,55.2941],[-59.7588,55.3097],[-59.694,55.2698],[-59.6904,55.1969],[-59.604,55.1726],[-59.5176,55.1969],[-59.4384,55.176],[-59.4852,55.1309],[-59.7408,54.9434],[-59.8164,54.867],[-59.838,54.8132],[-59.7516,54.8878],[-59.4276,55.0562],[-59.3952,55.0805],[-59.3232,55.1535],[-59.2584,55.2003],[-59.0856,55.183],[-58.9956,55.15],[-58.956,55.0545],[-58.8876,54.9521],[-58.7796,54.8392],[-58.4988,54.7837],[-58.398,54.7733],[-58.2216,54.8132],[-58.1964,54.8653],[-58.0596,54.8826],[-57.9624,54.8757],[-57.93,54.7733],[-57.8256,54.7195],[-57.7248,54.6743],[-57.6276,54.65],[-57.4836,54.6396],[-57.4044,54.591],[-57.4044,54.5702],[-57.4836,54.5181],[-57.5628,54.44],[-57.6996,54.3861],[-57.8904,54.3844],[-58.1496,54.3497],[-58.1604,54.3202],[-58.218,54.2872],[-58.3584,54.2525],[-58.434,54.2282],[-58.56,54.1032],[-58.632,54.0494],[-58.7184,54.0389],[-58.8408,54.0442],[-58.92,54.0337],[-58.9776,54.0094],[-59.0136,53.9764],[-59.0388,53.9643],[-59.2008,53.9296],[-59.496,53.8341],[-59.6544,53.8306],[-59.748,53.8428],[-59.8236,53.8341],[-59.874,53.8081],[-60.0144,53.7612],[-60.0576,53.7334],[-60.0828,53.7004],[-60.1008,53.6345],[-60.1188,53.6101],[-60.144,53.5963],[-60.2628,53.6101],[-60.396,53.6535],[-60.3708,53.6067],[-60.162,53.5303],[-60.1008,53.4869],[-60.1584,53.4504],[-60.2916,53.3914],[-60.306,53.3602],[-60.252,53.3428],[-60.2736,53.3168],[-60.3456,53.289],[-60.3384,53.2768],[-60.3312,53.2664],[-60.1476,53.3063],[-59.9856,53.3931],[-59.8812,53.4799],[-59.8308,53.5043],[-59.622,53.5372],[-59.4996,53.5754],[-59.3232,53.6431],[-59.1288,53.7438],[-58.92,53.8758],[-58.6536,53.9782],[-58.326,54.0511],[-58.0884,54.0893],[-57.9372,54.091],[-57.93,54.1032],[-58.0632,54.1275],[-58.1784,54.131],[-58.3188,54.1136],[-58.362,54.1553],[-58.3548,54.1726],[-58.3116,54.2021],[-58.1928,54.2282],[-57.6132,54.1917],[-57.4152,54.1622],[-57.1992,53.9244],[-57.1488,53.848],[-57.1344,53.7924],[-57.156,53.7577],[-57.2424,53.716],[-57.4908,53.6327],[-57.5232,53.6119],[-57.5268,53.5997],[-57.4188,53.5841],[-57.3864,53.5598],[-57.3324,53.4695],[-57.2208,53.5286],[-57.012,53.6726],[-56.8392,53.7386],[-56.6952,53.7577],[-56.526,53.7664],[-56.4648,53.7647],[-56.4432,53.7178],[-56.3532,53.624],[-56.2704,53.5997],[-56.1084,53.5876],[-55.9644,53.4713],[-55.9104,53.3914],[-55.86,53.3445],[-55.8636,53.3116],[-55.8564,53.2855],[-55.8168,53.2456],[-55.7988,53.2126],[-55.8096,53.1345],[-55.8924,53.0008],[-55.8312,52.8776],[-55.8564,52.8237],[-55.8708,52.7352],[-55.8204,52.6779],[-55.8024,52.6432],[-55.8492,52.6241],[-56.166,52.5755],[-56.292,52.5738],[-56.3244,52.5442],[-56.2272,52.5356],[-56.0544,52.5373],[-55.842,52.5078],[-55.7448,52.4748],[-55.7052,52.4279],[-55.716,52.3915],[-55.7772,52.3637],[-55.896,52.3689],[-56.0112,52.3949],[-56.004,52.3706],[-55.8348,52.3099],[-55.7844,52.2804],[-55.6908,52.2422],[-55.6728,52.1901],[-55.6944,52.138],[-56.0184,51.9297],[-56.2812,51.7978],[-56.5476,51.6814],[-56.976,51.4575],[-57.0192,51.4471],[-57.0948,51.4419],[-57.3,51.4783],[-57.462,51.4697],[-57.768,51.4263],[-57.8544,51.4002],[-58.0236,51.3221],[-58.0884,51.3117],[-58.272,51.2961],[-58.4412,51.3065],[-58.5096,51.2943],[-58.5924,51.2579],[-58.614,51.237],[-58.6392,51.1711],[-59.0532,50.8794],[-59.1648,50.7805],[-59.3772,50.6763],[-59.6112,50.4923],[-59.8164,50.4176],[-59.8848,50.317],[-60.0792,50.2545],[-60.4392,50.2388],[-60.6084,50.2215],[-60.8064,50.2492],[-60.9576,50.2058],[-61.1808,50.192],[-61.2888,50.2024],[-61.7244,50.1034],[-61.836,50.1972],[-61.9188,50.2336],[-62.1636,50.2388],[-62.3616,50.277],[-62.5416,50.284],[-62.7144,50.3013],[-62.8296,50.3013],[-62.9484,50.2909],[-63.1356,50.2944],[-63.24,50.2423],[-63.5856,50.2579],[-63.7332,50.3048],[-63.8556,50.3152],[-64.014,50.3048],[-64.1688,50.2701],[-64.5072,50.3083],[-64.8672,50.2753],[-65.1805,50.2979],[-65.2669,50.3204],[-65.7637,50.2597],[-65.9545,50.2944],[-66.1273,50.2006],[-66.2425,50.2197],[-66.3685,50.2058],[-66.4117,50.2249],[-66.4945,50.2111],[-66.5485,50.1607],[-66.6205,50.1555],[-66.7393,50.0652],[-66.9409,49.9941],[-67.2361,49.6017],[-67.2613,49.4507],[-67.3729,49.3483],[-67.4701,49.3344],[-67.5493,49.3326],[-68.0569,49.2563],[-68.2837,49.1972],[-68.2189,49.1504],[-68.2945,49.1139],[-68.4133,49.1],[-68.5429,49.0566],[-68.6293,49.008],[-68.6689,48.9403],[-68.9281,48.8292],[-69.2305,48.574],[-69.3745,48.3865],[-69.5509,48.2511],[-69.6733,48.199],[-69.7633,48.1903],[-69.8533,48.2077],[-70.0009,48.2702],[-70.1089,48.2771],[-70.3825,48.3657],[-71.0197,48.456],[-70.9225,48.423],[-70.8397,48.3674],[-70.6705,48.3535],[-70.5013,48.3535],[-70.1449,48.2442],[-69.9721,48.206],[-69.8641,48.173],[-69.7741,48.0983],[-69.8389,47.9525],[-69.9073,47.8327],[-69.9937,47.7407],[-70.2997,47.5029],[-70.4473,47.423],[-70.7065,47.1401],[-70.9729,47.0064],[-71.1169,46.9248],[-71.2681,46.7963],[-71.6245,46.6991],[-71.7577,46.6731],[-71.8801,46.687],[-72.0277,46.6071],[-72.2041,46.5585],[-72.2581,46.4856],[-72.6793,46.2877],[-72.8413,46.2616],[-72.9817,46.2096],[-73.0213,46.121],[-73.1437,46.0655],[-73.1797,46.0256],[-73.2841,45.9006],[-73.4749,45.7374],[-73.7125,45.7113],[-73.7989,45.6558],[-73.8961,45.5638],[-74.0365,45.5013],[-74.3137,45.5308],[-74.2489,45.4926],[-74.0005,45.4336],[-73.9753,45.345],[-74.0977,45.3242],[-74.3569,45.2062],[-74.7097,45.003],[-74.5657,45.0412],[-74.2705,45.1888],[-74.0509,45.2409],[-73.7629,45.3954],[-73.5577,45.4249],[-73.5181,45.4596],[-73.4857,45.5863],[-73.4641,45.6315],[-73.3705,45.7582],[-73.2517,45.8641],[-73.1581,46.0099],[-72.9889,46.1037],[-72.7333,46.1818],[-72.4957,46.3519],[-72.3661,46.404],[-72.2401,46.4422],[-72.1861,46.5116],[-72.1105,46.5516],[-71.9017,46.6314],[-71.6713,46.654],[-71.4409,46.72],[-71.2609,46.7564],[-71.1529,46.8189],[-70.9945,46.8519],[-70.5193,47.0324],[-70.3897,47.1175],[-70.2169,47.2894],[-70.0693,47.3779],[-70.0189,47.4716],[-69.8029,47.6227],[-69.5797,47.8241],[-69.4717,47.9681],[-69.3061,48.0463],[-68.9857,48.2754],[-68.8165,48.3657],[-68.7445,48.3761],[-68.5537,48.4577],[-68.4313,48.541],[-68.2369,48.6261],[-67.8877,48.7302],[-67.5601,48.8552],[-67.1173,48.9646],[-66.5989,49.1261],[-66.1777,49.2129],[-65.8825,49.225],[-65.5225,49.2667],[-65.3965,49.2615],[-64.8348,49.192],[-64.5684,49.1052],[-64.2624,48.9212],[-64.2156,48.8743],[-64.2084,48.8066],[-64.3704,48.8396],[-64.5144,48.8413],[-64.4136,48.8032],[-64.2444,48.6903],[-64.2552,48.5497],[-64.3488,48.423],[-64.6332,48.3605],[-64.7052,48.3101],[-64.7628,48.2285],[-64.8204,48.1973],[-64.9608,48.1591],[-65.0365,48.107],[-65.2597,48.022],[-65.3605,48.0115],[-65.4757,48.0306],[-65.7565,48.1122],[-65.9257,48.1886],[-66.0121,48.1469],[-66.0841,48.1035],[-66.2497,48.1174],[-66.3253,48.0983],[-66.4477,48.1192],[-66.7033,48.022],[-66.6313,48.0115],[-66.4297,48.0671],[-66.3613,48.0601],[-66.2101,47.989],[-65.8501,47.9109],[-65.7565,47.8605],[-65.6665,47.6956],[-65.6089,47.6695],[-65.4829,47.6869],[-65.3425,47.7685],[-65.2273,47.8119],[-65.0005,47.8466],[-65.0473,47.7928],[-64.8744,47.798],[-64.7016,47.7251],[-64.7664,47.673],[-64.8528,47.5706],[-64.9104,47.3692],[-65.0869,47.2338],[-65.3173,47.1019],[-65.2597,47.0689],[-65.1913,47.0498],[-65.0437,47.088],[-64.9428,47.0862],[-64.8312,47.0602],[-64.8672,46.9578],[-64.9068,46.8883],[-64.8816,46.8224],[-64.8168,46.6991],[-64.7268,46.6713],[-64.6908,46.5116],[-64.6404,46.4248],[-64.6476,46.3554],[-64.5576,46.312],[-64.5432,46.2408],[-64.212,46.22],[-64.1436,46.1922],[-63.9168,46.1662],[-63.8736,46.1453],[-63.8304,46.1071],[-64.0572,46.0221],[-63.8736,45.9596],[-63.7044,45.8572],[-63.5676,45.878],[-63.51,45.8745],[-63.3588,45.812],[-63.3156,45.779],[-63.294,45.7513],[-63.2184,45.7582],[-63.1068,45.7825],[-62.9124,45.7756],[-62.7,45.7408],[-62.718,45.6853],[-62.7504,45.6488],[-62.5848,45.661],[-62.484,45.6211],[-62.448,45.6402],[-62.4228,45.6645],[-62.2176,45.7304],[-61.9548,45.8676],[-61.9224,45.852],[-61.9116,45.7999],[-61.8756,45.7148],[-61.7748,45.6558],[-61.656,45.6419],[-61.494,45.687],[-61.4292,45.6488],[-61.35,45.5742],[-61.278,45.4752],[-61.2816,45.4405],[-61.3752,45.411],[-61.4616,45.3659],[-61.1052,45.3485],[-61.0692,45.3294],[-61.0332,45.2912],[-61.0692,45.253],[-61.1016,45.2339],[-61.1664,45.2565],[-61.2852,45.2357],[-61.386,45.1853],[-61.4976,45.1575],[-61.5696,45.1541],[-61.6488,45.1298],[-61.7208,45.0951],[-61.7928,45.0846],[-62.0268,44.9944],[-62.2644,44.9371],[-62.5128,44.8433],[-62.7684,44.7843],[-63.0312,44.7149],[-63.0888,44.7079],[-63.1572,44.7114],[-63.3048,44.642],[-63.3804,44.6524],[-63.456,44.6402],[-63.546,44.6558],[-63.6036,44.6836],[-63.5568,44.6107],[-63.546,44.543],[-63.5676,44.5152],[-63.6108,44.4805],[-63.762,44.4857],[-63.8196,44.51],[-63.8916,44.5465],[-63.924,44.6038],[-63.9996,44.6454],[-64.0464,44.5881],[-64.0428,44.5447],[-64.1004,44.4875],[-64.1652,44.5864],[-64.2876,44.5499],[-64.338,44.4441],[-64.3128,44.4145],[-64.2768,44.3347],[-64.3344,44.2913],[-64.3776,44.3034],[-64.4676,44.1854],[-64.5792,44.142],[-64.6908,44.0222],[-64.824,43.9302],[-64.8636,43.8677],[-65.0869,43.7271],[-65.1733,43.7306],[-65.2345,43.7271],[-65.3281,43.6681],[-65.3461,43.55],[-65.3857,43.5656],[-65.4289,43.5622],[-65.4505,43.524],[-65.4829,43.5188],[-65.5657,43.5535],[-65.6629,43.5344],[-65.7385,43.5604],[-65.8357,43.734],[-65.8861,43.7948],[-65.9797,43.8156],[-66.0013,43.7774],[-66.0373,43.7427],[-66.1273,43.8139],[-66.1921,44.0795],[-66.1921,44.1437],[-66.0985,44.3677],[-65.8681,44.569],[-65.9437,44.576],[-66.1453,44.4354],[-66.1237,44.4701],[-66.0913,44.5048],[-66.0229,44.5621],[-65.9185,44.6159],[-65.7781,44.6454],[-65.6809,44.6506],[-65.6161,44.6801],[-65.5189,44.7322],[-65.5009,44.76],[-65.5873,44.7288],[-65.7277,44.6975],[-65.6917,44.7374],[-65.6557,44.76],[-64.9032,45.1211],[-64.752,45.1801],[-64.4496,45.2565],[-64.4064,45.3051],[-64.4496,45.3381],[-64.3308,45.3086],[-64.3416,45.2687],[-64.3596,45.2374],[-64.3668,45.1871],[-64.356,45.1385],[-64.2336,45.1141],[-64.1364,45.0239],[-64.1832,45.1471],[-64.0932,45.2166],[-63.7476,45.3103],[-63.4596,45.3207],[-63.3696,45.3641],[-63.6144,45.3936],[-63.906,45.378],[-64.086,45.411],[-64.338,45.3902],[-64.6008,45.4093],[-64.68,45.3832],[-64.7484,45.3242],[-64.8312,45.3502],[-64.8744,45.3555],[-64.914,45.3745],[-64.8276,45.4752],[-64.5612,45.6263],[-64.3956,45.7565],[-64.3524,45.7825],[-64.3164,45.8363],[-64.4028,45.8276],[-64.482,45.8068],[-64.536,45.8658],[-64.6332,45.9474],[-64.6404,45.9127],[-64.5936,45.8138],[-64.7772,45.6384],[-64.8996,45.6263],[-65.0581,45.5447],[-65.2813,45.4735],[-65.5441,45.3381],[-65.8861,45.2235],[-65.9545,45.2218],[-66.1093,45.3173],[-66.0661,45.3589],[-66.0265,45.4179],[-66.0661,45.4006],[-66.0913,45.3763],[-66.1813,45.3346],[-66.1057,45.2565],[-66.1453,45.227],[-66.2533,45.1888],[-66.3505,45.1332],[-66.4405,45.0951],[-66.5125,45.1437],[-66.7069,45.0829],[-66.8725,45.0673],[-66.9085,45.0968],[-66.9193,45.1454],[-66.9769,45.1575],[-67.0849,45.1437],[-67.1245,45.1697],[-67.1317,45.1385],[-67.1029,45.0881],[-67.0813,44.9892],[-67.1137,44.944],[-67.1065,44.885],[-67.0129,44.8676],[-66.9913,44.8503],[-66.9877,44.8277],[-67.1929,44.6749],[-67.3657,44.6975],[-67.4593,44.6558],[-67.5565,44.6454],[-67.5997,44.576],[-67.6537,44.5621],[-67.7257,44.5673],[-67.7905,44.5864],[-67.8373,44.576],[-67.9057,44.4545],[-67.9633,44.4649],[-67.9849,44.4197],[-68.0137,44.4007],[-68.0569,44.385],[-68.0929,44.4388],[-68.1181,44.4909],[-68.1505,44.5013],[-68.1973,44.5152],[-68.2441,44.5152],[-68.2765,44.5065],[-68.3161,44.4736],[-68.3737,44.4458],[-68.4169,44.4684],[-68.4493,44.5083],[-68.4781,44.4458],[-68.5213,44.3798],[-68.5141,44.3034],[-68.5321,44.2583],[-68.5717,44.2705],[-68.6113,44.3104],[-68.7229,44.3416],[-68.8129,44.3399],[-68.7949,44.3816],[-68.7085,44.4423],[-68.7373,44.4545],[-68.7769,44.4458],[-68.7949,44.4545],[-68.7661,44.51],[-68.7625,44.5708],[-68.7985,44.5499],[-68.8489,44.4857],[-68.9605,44.4336],[-68.9569,44.3486],[-69.0649,44.1715],[-69.0685,44.0969],[-69.1369,44.0378],[-69.2269,43.9857],[-69.3457,44.0014],[-69.4357,43.9562],[-69.4825,43.9059],[-69.5221,43.8972],[-69.5401,43.9632],[-69.5581,43.9823],[-69.5905,43.8868],[-69.6229,43.8799],[-69.6373,43.9493],[-69.6517,43.9944],[-69.6985,43.9545],[-69.7309,43.8521],[-69.7633,43.8608],[-69.7705,43.8989],[-69.7957,43.9111],[-69.8029,43.8677],[-69.7921,43.8052],[-69.8101,43.7722],[-69.8389,43.7896],[-69.8713,43.8191],[-69.9253,43.7965],[-69.9757,43.7878],[-69.9757,43.8174],[-69.9649,43.8555],[-70.0621,43.8347],[-70.1773,43.767],[-70.2709,43.6715],[-70.2385,43.6559],[-70.2025,43.6264],[-70.3609,43.4806],[-70.5193,43.3486],[-70.6417,43.1351],[-70.6921,43.1091],[-70.7317,43.0709],[-70.7785,42.9407],[-70.8289,42.8261],[-70.8001,42.774],[-70.7821,42.7219],[-70.7353,42.6699],[-70.6957,42.6646],[-70.6561,42.6733],[-70.6237,42.6716],[-70.6057,42.649],[-70.6129,42.623],[-70.6597,42.616],[-70.7533,42.5709],[-70.8325,42.5518],[-70.8721,42.4963],[-70.9297,42.432],[-71.0449,42.3313],[-70.9981,42.3001],[-70.8181,42.2654],[-70.7389,42.2289],[-70.6165,42.0397],[-70.6453,42.0223],[-70.6561,41.9876],[-70.5481,41.939],[-70.5157,41.8036],[-70.4257,41.7567],[-70.2961,41.7289],[-70.1341,41.7706],[-70.0009,41.8262],[-70.0045,41.873],[-70.0909,41.9789],[-70.1089,42.0293],[-70.1737,42.0623],[-70.1953,42.0345],[-70.2349,42.0709],[-70.2421,42.0918],[-70.2025,42.1004],[-70.1593,42.097],[-70.1089,42.0779],[-69.9793,41.9616],[-69.9433,41.8071],[-69.9325,41.7098],[-69.9469,41.6769],[-69.9865,41.6838],[-70.0585,41.6769],[-70.4041,41.6265],[-70.4797,41.5831],[-70.6561,41.5345],[-70.6669,41.5588],[-70.6561,41.6074],[-70.6669,41.7098],[-70.7029,41.7151],[-70.9729,41.5484],[-71.0809,41.538],[-71.1673,41.4894],[-71.1889,41.5171],[-71.2033,41.6404],[-71.1493,41.7463],[-71.1781,41.7446],[-71.2717,41.6821],[-71.3113,41.7203],[-71.3293,41.7619],[-71.3581,41.7862],[-71.3905,41.7949],[-71.3653,41.7029],[-71.4265,41.6335],[-71.4445,41.4529],[-71.5237,41.3783],[-71.7685,41.3314],[-71.9305,41.3418],[-72.0745,41.3262],[-72.2653,41.2915],[-72.3697,41.3123],[-72.4777,41.2758],[-72.8485,41.2654],[-72.9241,41.2845],[-73.0249,41.2168],[-73.1833,41.1752],[-73.5829,41.0224],[-73.6729,40.9651],[-73.7773,40.8783],[-73.8529,40.8314],[-73.9105,40.8158],[-73.9465,40.7776],[-73.9861,40.7516],[-73.9501,40.8384],[-73.9069,40.913],[-73.8709,41.0554],[-73.8817,41.1699],[-73.9249,41.2186],[-73.9681,41.2498],[-73.9177,41.1352],[-73.9105,40.9963],[-73.9285,40.9148],[-74.0257,40.7568],[-74.0689,40.7203],[-74.1157,40.6873],[-74.1517,40.6735],[-74.1877,40.6474],[-74.2273,40.6075],[-74.2633,40.5294],[-74.2417,40.4565],[-74.0509,40.4304],[-73.9969,40.453],[-73.9717,40.4009],[-73.9573,40.328],[-73.9717,40.2499],[-74.0041,40.1717],[-74.0293,40.0728],[-74.0473,39.9235],[-74.0797,39.7881],[-74.0833,39.8298],[-74.0653,39.9929],[-74.0977,39.9756],[-74.1193,39.9374],[-74.1769,39.7273],[-74.2561,39.6145],[-74.3317,39.5364],[-74.4073,39.5485],[-74.3893,39.486],[-74.4109,39.4548],[-74.4289,39.3871],[-74.4757,39.3419],[-74.5189,39.3471],[-74.5801,39.3159],[-74.6017,39.2933],[-74.6053,39.2482],[-74.6449,39.2083],[-74.7961,39.0017],[-74.9221,38.9409],[-74.9545,38.9496],[-74.9185,39.0468],[-74.8969,39.1458],[-74.9761,39.1874],[-75.0518,39.21],[-75.1346,39.2083],[-75.2318,39.2846],[-75.3542,39.3402],[-75.5234,39.4895],[-75.5198,39.5312],[-75.5234,39.6023],[-75.473,39.7117],[-75.4226,39.7898],[-75.3542,39.8298],[-75.1526,39.8697],[-75.1022,39.9322],[-75.0734,39.9843],[-75.1742,39.894],[-75.3218,39.8645],[-75.401,39.8315],[-75.4658,39.7811],[-75.5018,39.7169],[-75.5882,39.6405],[-75.581,39.5902],[-75.5666,39.5537],[-75.5738,39.4773],[-75.5198,39.4027],[-75.4118,39.2812],[-75.3938,39.092],[-75.311,38.967],[-75.185,38.8194],[-75.0878,38.7777],[-75.0842,38.7222],[-75.1274,38.6319],[-75.1886,38.5902],[-75.1094,38.5989],[-75.0734,38.5781],[-75.0374,38.5034],[-75.0374,38.4271],[-75.0518,38.3837],[-75.0734,38.3663],[-75.0734,38.4097],[-75.0914,38.4253],[-75.1166,38.4062],[-75.1346,38.3837],[-75.1418,38.2986],[-75.1598,38.2552],[-75.2246,38.243],[-75.293,38.1285],[-75.3542,38.0642],[-75.5954,37.632],[-75.5882,37.5591],[-75.6314,37.5348],[-75.6998,37.5157],[-75.7682,37.4723],[-75.8114,37.4254],[-75.8546,37.2969],[-75.9338,37.1511],[-75.9842,37.2119],[-75.9986,37.2639],[-75.9734,37.3976],[-75.887,37.6198],[-75.7934,37.757],[-75.7178,37.8212],[-75.6602,37.9531],[-75.7358,37.974],[-75.851,37.9722],[-75.8294,38.033],[-75.797,38.0868],[-75.8546,38.1406],[-75.8906,38.1476],[-75.9266,38.1684],[-75.8834,38.2135],[-75.8654,38.2604],[-75.8762,38.3194],[-75.8582,38.3628],[-75.8906,38.3559],[-75.9374,38.309],[-75.9662,38.2917],[-75.9842,38.3316],[-76.0058,38.3229],[-76.0202,38.2951],[-76.0526,38.2795],[-76.1174,38.3177],[-76.211,38.3611],[-76.265,38.4357],[-76.2938,38.4948],[-76.265,38.6007],[-76.2002,38.618],[-76.1138,38.6024],[-76.0022,38.6024],[-76.0166,38.625],[-76.0562,38.6215],[-76.175,38.7066],[-76.2146,38.7586],[-76.2794,38.7725],[-76.3082,38.7222],[-76.3406,38.71],[-76.301,38.8177],[-76.247,38.8229],[-76.1678,38.8524],[-76.1894,38.9149],[-76.2398,38.9427],[-76.3298,38.9079],[-76.3298,38.9531],[-76.3118,39.0086],[-76.2434,39.0086],[-76.1858,38.9913],[-76.1354,39.0815],[-76.1318,39.1232],[-76.2182,39.0642],[-76.2362,39.1909],[-76.1534,39.3159],[-76.0742,39.3697],[-75.977,39.368],[-75.8762,39.3767],[-75.9374,39.3992],[-76.0022,39.4114],[-75.9554,39.46],[-75.9122,39.4687],[-75.8726,39.5103],[-75.9698,39.5051],[-75.959,39.585],[-76.0058,39.5694],[-76.0634,39.5607],[-76.085,39.5277],[-76.0814,39.4704],[-76.0958,39.4339],[-76.1426,39.4027],[-76.2146,39.3801],[-76.2218,39.4201],[-76.247,39.4392],[-76.2578,39.3524],[-76.2758,39.3228],[-76.3298,39.4044],[-76.3478,39.3871],[-76.3442,39.3645],[-76.3586,39.3246],[-76.4054,39.3037],[-76.4018,39.2534],[-76.4198,39.2256],[-76.571,39.269],[-76.5746,39.2551],[-76.4882,39.1579],[-76.427,39.1267],[-76.4198,39.0746],[-76.4738,39.0312],[-76.5458,39.0676],[-76.5602,39.0659],[-76.5206,39.0017],[-76.4954,38.9444],[-76.5206,38.8975],[-76.517,38.8402],[-76.5206,38.7882],[-76.5386,38.743],[-76.5026,38.533],[-76.4594,38.4757],[-76.4162,38.4201],[-76.3946,38.3698],[-76.4378,38.3611],[-76.5098,38.4045],[-76.571,38.4357],[-76.6466,38.5382],[-76.661,38.5798],[-76.679,38.6128],[-76.6682,38.5382],[-76.643,38.4548],[-76.409,38.2691],[-76.3658,38.1962],[-76.3334,38.1406],[-76.3406,38.0868],[-76.4018,38.125],[-76.4558,38.1736],[-76.5926,38.2292],[-76.769,38.2621],[-76.8698,38.3906],[-76.8662,38.3368],[-76.8914,38.2917],[-76.949,38.3472],[-76.9886,38.3941],[-77.003,38.4444],[-77.075,38.441],[-77.1542,38.3976],[-77.2334,38.408],[-77.2406,38.4948],[-77.2226,38.5416],[-77.1362,38.6493],[-77.0534,38.7066],[-77.0174,38.7777],[-77.0318,38.8888],[-77.0462,38.776],[-77.093,38.7187],[-77.165,38.677],[-77.2622,38.6007],[-77.2838,38.5295],[-77.3126,38.3958],[-77.273,38.3524],[-77.2334,38.3403],[-77.111,38.3698],[-77.0462,38.3559],[-76.9058,38.1979],[-76.6466,38.1337],[-76.5494,38.0938],[-76.4702,38.0104],[-76.355,37.9636],[-76.265,37.8941],[-76.2614,37.8472],[-76.2938,37.7952],[-76.3046,37.7222],[-76.3442,37.6754],[-76.4378,37.6702],[-76.4918,37.6823],[-76.7942,37.9375],[-76.8302,37.9618],[-76.9418,38.0955],[-77.0714,38.1667],[-77.111,38.1649],[-76.9238,38.033],[-76.8482,37.941],[-76.715,37.8108],[-76.6214,37.7552],[-76.5494,37.6684],[-76.4846,37.6285],[-76.3046,37.5712],[-76.3694,37.5295],[-76.2686,37.4948],[-76.2542,37.4306],[-76.265,37.3577],[-76.4018,37.3855],[-76.4054,37.3316],[-76.3946,37.3004],[-76.4522,37.2744],[-76.5386,37.3091],[-76.7582,37.5052],[-76.7546,37.4792],[-76.7366,37.448],[-76.6106,37.323],[-76.499,37.2466],[-76.4018,37.2119],[-76.3262,37.1494],[-76.301,37.1112],[-76.283,37.0521],[-76.337,37.014],[-76.4018,36.9914],[-76.463,37.0313],[-76.5062,37.073],[-76.6034,37.1424],[-76.6322,37.2223],[-76.7042,37.2171],[-77.0066,37.3178],[-77.2514,37.3299],[-77.2262,37.3091],[-77.1974,37.2952],[-77.003,37.2709],[-76.9238,37.2257],[-76.7654,37.1841],[-76.6718,37.1737],[-76.6322,37.0469],[-76.5062,36.9619],[-76.4882,36.8976],[-76.3982,36.8907],[-76.2434,36.9532],[-76.1426,36.9306],[-75.9986,36.9133],[-75.9662,36.8612],[-75.941,36.7657],[-75.8906,36.6563],[-75.7574,36.2293],[-75.5594,35.8786],[-75.5342,35.8196],[-75.581,35.8717],[-75.7286,36.1043],[-75.8114,36.2709],[-75.8942,36.5661],[-75.9194,36.632],[-75.9482,36.6598],[-75.9662,36.6372],[-75.9734,36.6008],[-75.959,36.5713],[-75.9914,36.4741],[-75.977,36.4289],[-75.9266,36.3838],[-75.8654,36.2675],[-75.8186,36.113],[-75.8834,36.1755],[-75.9518,36.2085],[-76.0562,36.2345],[-76.1462,36.2796],[-76.1426,36.2154],[-76.1498,36.146],[-76.2218,36.1668],[-76.2722,36.1894],[-76.229,36.1164],[-76.3226,36.139],[-76.3838,36.1338],[-76.4234,36.0678],[-76.4774,36.0279],[-76.5602,36.0158],[-76.679,36.0748],[-76.7186,36.1477],[-76.733,36.2293],[-76.7402,36.1338],[-76.7186,36.0331],[-76.7258,35.9585],[-76.6106,35.9428],[-76.5026,35.9567],[-76.3586,35.9533],[-76.265,35.9671],[-76.2074,35.9915],[-76.0706,35.9706],[-76.0598,35.8786],[-76.0742,35.7883],[-76.085,35.6911],[-76.0454,35.6911],[-76.0022,35.7224],[-75.9806,35.896],[-75.8546,35.9602],[-75.8114,35.955],[-75.7718,35.8994],[-75.7574,35.8439],[-75.743,35.7658],[-75.7754,35.6477],[-75.9662,35.5088],[-76.103,35.3804],[-76.175,35.3543],[-76.2758,35.3682],[-76.391,35.4012],[-76.445,35.4082],[-76.4882,35.3977],[-76.517,35.4359],[-76.5314,35.5088],[-76.5782,35.5331],[-76.6106,35.5297],[-76.6358,35.4533],[-76.7402,35.4307],[-76.8878,35.4637],[-77.039,35.5279],[-76.9742,35.4585],[-76.5962,35.33],[-76.553,35.3057],[-76.5134,35.271],[-76.5674,35.2155],[-76.607,35.153],[-76.6142,35.1044],[-76.6286,35.0731],[-76.7798,34.9898],[-76.8626,35.0054],[-77.0714,35.1547],[-76.9742,35.0245],[-76.8986,34.9707],[-76.7438,34.9412],[-76.4558,34.9898],[-76.3622,34.936],[-76.4414,34.8422],[-76.517,34.778],[-76.6178,34.7693],[-76.7078,34.7519],[-76.733,34.7068],[-76.7978,34.7033],[-76.895,34.7016],[-77.0498,34.6981],[-77.1326,34.7085],[-77.2514,34.6148],[-77.2946,34.6026],[-77.3594,34.62],[-77.3846,34.6947],[-77.4134,34.7311],[-77.4134,34.5922],[-77.4026,34.554],[-77.381,34.5263],[-77.5178,34.4516],[-77.651,34.3579],[-77.6978,34.3318],[-77.7518,34.285],[-77.8598,34.1496],[-77.8886,34.0506],[-77.9282,33.9395],[-77.9318,33.9898],[-77.9246,34.0732],[-77.9534,34.1686],[-77.9714,33.9933],[-78.0146,33.9117],[-78.407,33.9169],[-78.5762,33.8735],[-78.8426,33.7242],[-78.9218,33.6583],[-79.1378,33.4065],[-79.1954,33.2434],[-79.2386,33.3128],[-79.2278,33.3631],[-79.2278,33.4048],[-79.2818,33.3163],[-79.2278,33.1843],[-79.2746,33.1357],[-79.4186,33.042],[-79.4978,33.0281],[-79.5878,33.0003],[-79.6166,32.91],[-79.7354,32.825],[-79.8038,32.7868],[-79.9334,32.8094],[-79.8938,32.7295],[-79.9406,32.667],[-80.0234,32.6201],[-80.1242,32.5889],[-80.1818,32.5924],[-80.2286,32.5767],[-80.2682,32.5368],[-80.3618,32.5003],[-80.4626,32.5212],[-80.5706,32.5333],[-80.6354,32.5125],[-80.531,32.476],[-80.4734,32.4222],[-80.4842,32.3511],[-80.513,32.325],[-80.5778,32.2868],[-80.6066,32.292],[-80.6246,32.3267],[-80.6462,32.3962],[-80.6786,32.3806],[-80.6822,32.3493],[-80.711,32.3372],[-80.801,32.4483],[-80.7974,32.3632],[-80.765,32.299],[-80.7326,32.266],[-80.7038,32.2452],[-80.693,32.2156],[-80.7578,32.1427],[-80.7902,32.1254],[-80.8478,32.1132],[-80.8838,32.0681],[-80.873,32.0299],[-80.9234,31.9448],[-81.0458,31.8927],[-81.0818,31.8945],[-81.1142,31.8789],[-81.0962,31.8407],[-81.0638,31.8129],[-81.0674,31.7886],[-81.0998,31.7539],[-81.161,31.7435],[-81.197,31.7035],[-81.1862,31.6671],[-81.1646,31.6462],[-81.1682,31.6098],[-81.2438,31.5751],[-81.2582,31.5386],[-81.2222,31.5282],[-81.197,31.5386],[-81.1754,31.5317],[-81.2186,31.4726],[-81.2582,31.4362],[-81.2942,31.3719],[-81.3806,31.3528],[-81.377,31.332],[-81.3302,31.3129],[-81.287,31.2643],[-81.3662,31.1723],[-81.413,31.1792],[-81.4418,31.2001],[-81.4598,31.1272],[-81.4526,31.089],[-81.4706,31.0091],[-81.4994,30.9136],[-81.521,30.8754],[-81.5174,30.8025],[-81.503,30.7314],[-81.4562,30.6411],[-81.3842,30.2696],[-81.3374,30.1411],[-81.251,29.7939],[-81.1034,29.4571],[-80.8982,29.0492],[-80.5634,28.5561],[-80.5238,28.4867],[-80.567,28.4259],[-80.5814,28.3652],[-80.585,28.2714],[-80.5742,28.1812],[-80.5346,28.0701],[-80.4554,27.8999],[-80.4986,27.9347],[-80.6102,28.1777],[-80.6246,28.3201],[-80.6066,28.5232],[-80.6318,28.518],[-80.6534,28.452],[-80.6642,28.3756],[-80.693,28.3444],[-80.7326,28.4624],[-80.729,28.5162],[-80.6894,28.5787],[-80.7002,28.6013],[-80.765,28.6325],[-80.7794,28.6829],[-80.7722,28.7332],[-80.8082,28.7593],[-80.837,28.7575],[-80.819,28.636],[-80.7866,28.5614],[-80.747,28.3808],[-80.6858,28.2714],[-80.6498,28.1812],[-80.225,27.2073],[-80.1242,27.0823],[-80.0882,26.9937],[-80.0486,26.808],[-80.0414,26.5684],[-80.1098,26.131],[-80.1278,25.8341],[-80.135,25.8428],[-80.1422,25.874],[-80.1602,25.8775],[-80.2178,25.7421],[-80.3006,25.6188],[-80.3294,25.4279],[-80.3654,25.3307],[-80.4842,25.23],[-80.5562,25.2317],[-80.7362,25.1571],[-80.8622,25.1761],[-81.0134,25.1327],[-81.1106,25.138],[-81.1682,25.2282],[-81.1574,25.2682],[-81.1358,25.3098],[-81.0962,25.3185],[-80.9666,25.2248],[-80.9414,25.2647],[-80.981,25.3116],[-81.0566,25.3376],[-81.1142,25.3671],[-81.2258,25.5841],[-81.3446,25.7317],[-81.3662,25.8306],[-81.5678,25.8914],[-81.7154,25.9834],[-81.8126,26.1466],[-81.8666,26.4348],[-81.9314,26.4677],[-81.9602,26.4903],[-81.8954,26.5979],[-81.827,26.6865],[-81.881,26.6639],[-81.9206,26.6309],[-81.971,26.5528],[-82.007,26.5406],[-82.0394,26.5528],[-82.079,26.7038],[-82.0682,26.8913],[-82.0142,26.9608],[-82.097,26.9642],[-82.1798,26.9365],[-82.169,26.874],[-82.1798,26.8392],[-82.2446,26.8497],[-82.2914,26.8705],[-82.3526,26.9365],[-82.4426,27.0597],[-82.619,27.4017],[-82.655,27.4486],[-82.7162,27.4989],[-82.6874,27.5145],[-82.637,27.525],[-82.5218,27.6777],[-82.4318,27.7715],[-82.3994,27.8357],[-82.4066,27.8635],[-82.4462,27.9034],[-82.4966,27.8687],[-82.5218,27.8774],[-82.5794,27.959],[-82.637,27.9815],[-82.6766,27.9642],[-82.6334,27.8982],[-82.5974,27.8739],[-82.6118,27.7767],[-82.6262,27.7454],[-82.6622,27.7177],[-82.7162,27.7333],[-82.7414,27.709],[-82.7738,27.735],[-82.8062,27.7767],[-82.8422,27.8461],[-82.7486,28.2367],[-82.6622,28.4867],[-82.6514,28.7697],[-82.6442,28.8113],[-82.6514,28.8877],[-82.7702,29.0509],[-83.2922,29.4519],[-83.6954,29.9259],[-84.0446,30.1047],[-84.311,30.0647],[-84.3542,30.0283],[-84.3758,29.9831],[-84.3578,29.9293],[-84.383,29.9068],[-84.455,29.9102],[-84.5486,29.8981],[-84.8006,29.7731],[-84.8906,29.7783],[-84.9698,29.7453],[-85,29.7333],[-85,15.9837],[-84.9734,15.9892],[-84.6458,15.8833],[-84.5594,15.8017],[-84.491,15.7948],[-84.4406,15.8121],[-84.4262,15.8295],[-84.491,15.8469],[-84.5198,15.8729],[-84.2606,15.8226],[-83.7746,15.4372],[-83.7638,15.4059],[-83.9726,15.5188],[-84.0842,15.5101],[-84.113,15.4927],[-84.1058,15.4302],[-84.095,15.4007],[-84.0482,15.3972],[-84.0122,15.4146],[-83.9258,15.3938],[-83.8718,15.3521],[-83.8034,15.2896],[-83.7602,15.2202],[-83.717,15.2184],[-83.6738,15.2601],[-83.591,15.2653],[-83.537,15.2202],[-83.4974,15.2219],[-83.5514,15.2948],[-83.6774,15.366],[-83.645,15.3677],[-83.3678,15.2393],[-83.2922,15.0796],[-83.2238,15.0431],[-83.159,14.9928],[-83.1842,14.9563],[-83.2166,14.932],[-83.2814,14.8122],[-83.303,14.8018],[-83.3066,14.8903],[-83.3426,14.9025],[-83.3894,14.8712],[-83.4146,14.8261],[-83.375,14.7653],[-83.339,14.7653],[-83.2994,14.7497],[-83.1878,14.34],[-83.213,14.2671],[-83.2814,14.1543],[-83.3462,14.057],[-83.411,13.9963],[-83.4938,13.7394],[-83.5658,13.321],[-83.5154,12.9443],[-83.5406,12.5971],[-83.519,12.5137],[-83.5118,12.4113],[-83.5658,12.394],[-83.5946,12.3957],[-83.627,12.4599],[-83.6234,12.5137],[-83.591,12.5797],[-83.5766,12.6665],[-83.5946,12.7134],[-83.627,12.6127],[-83.681,12.5676],[-83.717,12.5519],[-83.753,12.5016],[-83.717,12.4061],[-83.6666,12.3367],[-83.6522,12.2863],[-83.6702,12.2273],[-83.681,12.0242],[-83.699,12.0294],[-83.717,12.0572],[-83.7674,12.0589],[-83.7746,11.9773],[-83.771,11.9322],[-83.8142,11.8957],[-83.8286,11.861],[-83.7926,11.8367],[-83.753,11.8211],[-83.7062,11.8245],[-83.663,11.7239],[-83.6522,11.6423],[-83.7458,11.5659],[-83.7782,11.5034],[-83.8286,11.4287],[-83.8574,11.3541],[-83.8682,11.3003],[-83.8322,11.1301],[-83.7674,11.0104],[-83.7134,10.934],[-83.6414,10.9166],[-83.6162,10.8767],[-83.5874,10.8142],[-83.5766,10.7343],[-83.447,10.4653],[-83.3462,10.316],[-83.123,10.0417],[-83.0294,9.9913],[-82.8674,9.7709],[-82.8098,9.7344],[-82.7774,9.6702],[-82.6118,9.6164],[-82.565,9.5764],[-82.5002,9.5226],[-82.3706,9.4289],[-82.3634,9.382],[-82.3742,9.3369],[-82.3382,9.2084],[-82.2734,9.191],[-82.205,9.2153],[-82.187,9.191],[-82.2014,9.1685],[-82.2338,9.1424],[-82.2446,9.0313],[-82.133,8.9792],[-82.079,8.9341],[-81.8954,8.9567],[-81.827,8.9445],[-81.7802,8.9567],[-81.8306,9.0452],[-81.899,9.1112],[-81.8954,9.1407],[-81.8414,9.1181],[-81.8018,9.0747],[-81.7118,9.0192],[-81.5462,8.8265],[-81.3554,8.7813],[-81.2042,8.7865],[-81.0638,8.8126],[-80.837,8.8872],[-80.675,9.0226],[-80.5454,9.0817],[-80.1278,9.2101],[-79.9766,9.3438],[-79.9154,9.3612],[-79.8542,9.3785],[-79.7246,9.4792],[-79.6526,9.5591],[-79.577,9.5973],[-79.3538,9.5695],[-79.2134,9.5313],[-79.1126,9.5365],[-79.0154,9.5105],[-78.9758,9.4532],[-78.9326,9.4289],[-78.6986,9.4341],[-78.5042,9.4063],[-78.083,9.2362],[-77.831,9.0678],[-77.6978,8.889],[-77.3738,8.6581],[-77.345,8.6372],[-77.2622,8.4932],[-77.129,8.4011],[-76.9922,8.2501],[-76.9346,8.1477],[-76.8914,8.1286],[-76.8518,8.0904],[-76.8698,8.0626],[-76.913,8.0331],[-76.9238,7.9724],[-76.895,7.9394],[-76.8662,7.9185],[-76.787,7.9324],[-76.7438,8.0019],[-76.7726,8.3109],[-76.8194,8.4654],[-76.8734,8.5123],[-76.9202,8.573],[-76.8878,8.6199],[-76.8014,8.6407],[-76.6898,8.6945],[-76.2758,8.9897],[-76.1354,9.2657],[-76.0274,9.3664],[-75.905,9.4306],[-75.7574,9.415],[-75.6386,9.4497],[-75.6026,9.5382],[-75.635,9.658],[-75.6818,9.7292],[-75.6386,9.8351],[-75.5918,9.9931],[-75.5954,10.125],[-75.5378,10.2049],[-75.5594,10.2361],[-75.6422,10.1719],[-75.707,10.1441],[-75.671,10.1962],[-75.5522,10.3281],[-75.4946,10.5278],[-75.4478,10.6111],[-75.2822,10.7274],[-75.2462,10.7829],[-75.1238,10.8697],[-74.9221,11.0572],[-74.8429,11.1093],[-74.4541,10.9895],[-74.3317,10.9965],[-74.3533,10.9739],[-74.4109,10.967],[-74.4937,10.934],[-74.5153,10.8628],[-74.4613,10.7864],[-74.4001,10.7656],[-74.3497,10.8142],[-74.2993,10.9531],[-74.2201,11.1058],[-74.1985,11.2656],[-74.1445,11.3211],[-74.0581,11.3402],[-73.9105,11.309],[-73.7953,11.276],[-73.6765,11.2708],[-73.3129,11.2951],[-72.7225,11.7117],[-72.4453,11.802],[-72.2761,11.8888],[-72.1645,12.0606],[-72.1357,12.1891],[-72.0565,12.2377],[-71.9701,12.2377],[-71.9305,12.269],[-71.9197,12.3089],[-71.7145,12.42],[-71.5957,12.4339],[-71.4949,12.4321],[-71.2609,12.3349],[-71.1565,12.1648],[-71.1385,12.0468],[-71.2825,11.9183],[-71.3185,11.8627],[-71.3509,11.8141],[-71.4157,11.7551],[-71.4877,11.7187],[-71.8693,11.6266],[-71.9089,11.6075],[-71.9557,11.5694],[-71.9557,11.4826],[-71.9485,11.4148],[-71.8333,11.1909],[-71.7901,11.1354],[-71.6425,11.0138],[-71.6749,10.9965],[-71.7325,10.9947],[-71.6893,10.835],[-71.5993,10.7257],[-71.5957,10.658],[-71.6641,10.4444],[-71.7937,10.316],[-71.8837,10.1667],[-71.9557,10.1076],[-72.1141,9.816],[-71.9917,9.6407],[-71.9773,9.5539],[-71.8729,9.4271],[-71.8045,9.3872],[-71.7613,9.3351],[-71.7829,9.2501],[-71.7397,9.1337],[-71.6857,9.073],[-71.6209,9.0487],[-71.5381,9.0487],[-71.2969,9.1251],[-71.2429,9.1598],[-71.2069,9.2223],[-71.0845,9.349],[-71.0773,9.5105],[-71.0521,9.7066],[-71.0809,9.8334],[-71.2069,10.0139],[-71.2609,10.1441],[-71.3869,10.2639],[-71.4625,10.4687],[-71.4949,10.533],[-71.5165,10.6215],[-71.5453,10.7795],[-71.4625,10.835],[-71.4697,10.9635],[-71.2645,10.9999],[-70.8217,11.2083],[-70.5445,11.2621],[-70.2313,11.3732],[-70.1593,11.4287],[-70.0981,11.519],[-70.0477,11.5312],[-69.8857,11.4444],[-69.8065,11.4739],[-69.7741,11.5416],[-69.8173,11.6718],[-69.9109,11.6718],[-70.1917,11.6249],[-70.2205,11.6805],[-70.2205,11.7308],[-70.2853,11.8853],[-70.2457,12.0034],[-70.2025,12.0988],[-70.1233,12.137],[-70.0045,12.1787],[-69.9145,12.1145],[-69.8605,12.0537],[-69.8317,11.9964],[-69.8101,11.8367],[-69.7633,11.6753],[-69.7129,11.5641],[-69.6301,11.4791],[-69.5689,11.486],[-69.5257,11.4999],[-69.2341,11.519],[-69.0541,11.4617],[-68.8273,11.4322],[-68.6149,11.309],[-68.3989,11.1614],[-68.3449,11.052],[-68.3233,10.9496],[-68.2729,10.8802],[-68.3233,10.809],[-68.2981,10.6892],[-68.2333,10.5694],[-68.1397,10.493],[-67.8733,10.4722],[-67.5817,10.5243],[-67.1317,10.5712],[-66.9877,10.6111],[-66.2461,10.6319],[-66.1057,10.5746],[-66.0913,10.5173],[-66.0913,10.4722],[-65.8501,10.2569],[-65.6557,10.2292],[-65.4901,10.1597],[-65.3173,10.1215],[-65.1301,10.0694],[-65.0221,10.0764],[-64.9428,10.0955],[-64.8492,10.099],[-64.1868,10.4583],[-63.834,10.4479],[-63.78,10.4722],[-63.7332,10.5034],[-63.8628,10.559],[-64.158,10.5798],[-64.248,10.5434],[-64.2984,10.6354],[-64.2012,10.6319],[-63.8736,10.6632],[-63.4956,10.6441],[-63.1896,10.71],[-63.0348,10.7204],[-62.9484,10.7066],[-62.7036,10.75],[-62.2428,10.6996],[-61.8792,10.7413],[-61.9224,10.6823],[-62.0412,10.6458],[-62.232,10.6336],[-62.3796,10.5468],[-62.6928,10.5625],[-62.9124,10.5312],[-62.844,10.5069],[-62.844,10.4184],[-62.8116,10.3993],[-62.7828,10.3993],[-62.7072,10.3333],[-62.6856,10.2899],[-62.6604,10.1979],[-62.6964,10.1007],[-62.7396,10.0556],[-62.6496,10.0712],[-62.5992,10.1163],[-62.6064,10.1632],[-62.5992,10.217],[-62.5488,10.1996],[-62.5164,10.1753],[-62.4012,9.9184],[-62.322,9.783],[-62.3004,9.7882],[-62.2824,9.7934],[-62.2572,9.8195],[-62.2212,9.882],[-62.1888,9.842],[-62.1708,9.8264],[-62.1528,9.8212],[-62.1708,9.8802],[-62.1492,9.9531],[-62.1564,9.9792],[-62.1204,9.9844],[-62.0772,9.9757],[-62.016,9.9549],[-61.908,9.8698],[-61.836,9.7813],[-61.8324,9.7327],[-61.8036,9.7049],[-61.7604,9.6771],[-61.7352,9.632],[-61.7316,9.7032],[-61.7604,9.7552],[-61.7676,9.8143],[-61.6236,9.816],[-61.5876,9.8941],[-61.512,9.8472],[-61.3104,9.6337],[-61.2348,9.5973],[-61.0116,9.5556],[-60.8748,9.4532],[-60.792,9.3612],[-60.8424,9.2639],[-60.972,9.2153],[-61.0224,9.1546],[-61.0548,9.0955],[-61.0548,9.0348],[-61.0944,8.9653],[-61.098,8.941],[-61.1232,8.8438],[-61.1772,8.7258],[-61.2456,8.6008],[-61.62,8.5973],[-61.5264,8.547],[-61.4436,8.5088],[-61.3032,8.4098],[-61.1952,8.4879],[-61.0368,8.4932],[-60.864,8.5782],[-60.7992,8.5921],[-60.4824,8.547],[-60.4032,8.6095],[-60.342,8.6286],[-60.1692,8.6164],[-60.018,8.5487],[-59.982,8.5331],[-59.838,8.3734],[-59.7552,8.3387],[-59.7408,8.3387],[-59.7408,8.3803],[-59.6652,8.363],[-59.478,8.2536],[-59.2008,8.0748],[-58.812,7.7363],[-58.7004,7.6061],[-58.6284,7.5453],[-58.5096,7.3977],[-58.4772,7.3266],[-58.4808,7.0384],[-58.5816,6.844],[-58.6068,6.6981],[-58.614,6.502],[-58.6716,6.3909],[-58.5924,6.4516],[-58.5708,6.627],[-58.5024,6.7346],[-58.416,6.8509],[-58.2972,6.8787],[-58.1712,6.8301],[-58.0704,6.8214],[-57.984,6.7867],[-57.7932,6.5992],[-57.606,6.4499],[-57.5412,6.3318],[-57.3432,6.2728],[-57.228,6.1791],[-57.192,6.0975],[-57.1668,5.8857],[-57.2064,5.5645],[-57.1956,5.5489],[-57.1812,5.5281],[-57.1416,5.6444],[-57.1344,5.7364],[-57.1056,5.8301],[-57.0552,5.9395],[-56.9688,5.9933],[-56.4648,5.9378],[-56.2344,5.8857],[-55.9392,5.7954],[-55.896,5.6999],[-55.896,5.7954],[-55.9104,5.8926],[-55.8276,5.9621],[-55.6476,5.9864],[-55.3776,5.9534],[-55.1472,5.9933],[-54.8339,5.9881],[-54.3551,5.91],[-54.1427,5.8562],[-54.0527,5.8076],[-54.0383,5.7208],[-54.0455,5.6097],[-54.0815,5.502],[-54.1571,5.3597],[-54.0851,5.4117],[-53.9879,5.6756],[-53.9195,5.7694],[-53.8475,5.7815],[-53.4551,5.5628],[-53.2715,5.5437],[-52.9007,5.4256],[-52.7639,5.2729],[-52.4543,5.0211],[-52.2923,4.943],[-52.2887,4.8753],[-52.3247,4.7712],[-52.2203,4.8632],[-52.0583,4.7173],[-52.0115,4.6462],[-51.9611,4.5142],[-51.9791,4.4292],[-52.0007,4.3858],[-52.0043,4.3528],[-51.9539,4.3997],[-51.9287,4.4361],[-51.9179,4.5247],[-51.8819,4.634],[-51.8279,4.6358],[-51.7847,4.5698],[-51.6983,4.2868],[-51.6659,4.2295],[-51.6515,4.1393],[-51.6587,4.0993],[-51.6515,4.0611],[-51.5579,4.233],[-51.5471,4.3111],[-51.4607,4.3146],[-51.3275,4.2243],[-51.2195,4.0941],[-51.0755,3.6723],[-51.0539,3.2817],[-50.9927,3.0768],[-50.8271,2.6515],[-50.8163,2.5734],[-50.7911,2.4779],[-50.7371,2.3772],[-50.6795,2.2106],[-50.6759,2.1793],[-50.7155,2.1342],[-50.6579,2.1307],[-50.6075,2.1047],[-50.5751,1.9988],[-50.5355,1.9276],[-50.4599,1.8304],[-50.3051,1.7974],[-50.1863,1.7852],[-50.0531,1.7314],[-49.9559,1.6602],[-49.8803,1.4207],[-49.9055,1.2696],[-49.8983,1.1637],[-49.9379,1.1221],[-50.0459,1.0526],[-50.0711,1.0145],[-50.2943,0.8356],[-50.3447,0.7506],[-50.4635,0.6377],[-50.5823,0.4207],[-50.7551,0.2228],[-50.8163,0.1725],[-50.9099,0.1603],[-50.9675,0.1308],[-51.1007,-0.0306],[-51.2843,-0.0844],[-51.2987,-0.1782],[-51.4031,-0.3934],[-51.4967,-0.5098],[-51.5543,-0.5497],[-51.7019,-0.7615],[-51.7199,-0.8552],[-51.7199,-1.0184],[-51.8207,-1.1174],[-51.9215,-1.1816],[-51.9359,-1.3205],[-51.9791,-1.3673],[-52.0187,-1.3986],[-52.2275,-1.3621],[-52.5551,-1.5149],[-52.6631,-1.5514],[-52.3103,-1.56],[-52.1951,-1.6399],[-51.9467,-1.5861],[-51.6479,-1.3951],[-51.5327,-1.3535],[-51.2987,-1.2233],[-51.2015,-1.1365],[-51.0287,-1.0323],[-50.9927,-0.9872],[-50.8955,-0.9368],[-50.8415,-0.9993],[-50.8379,-1.0392],[-50.9171,-1.1156],[-50.8955,-1.1642],[-50.8451,-1.2267],[-50.8271,-1.3118],[-50.8199,-1.376],[-50.7875,-1.4906],[-50.6795,-1.6434],[-50.6759,-1.6954],[-50.6903,-1.7614],[-50.6399,-1.817],[-50.5859,-1.85],[-50.4023,-2.0149],[-50.2619,-1.9229],[-50.1719,-1.8968],[-50.1179,-1.8569],[-49.9991,-1.8326],[-49.9019,-1.8708],[-49.7183,-1.9263],[-49.5851,-1.8673],[-49.3151,-1.7319],[-49.3979,-1.9715],[-49.4591,-2.1919],[-49.5059,-2.2805],[-49.5527,-2.52],[-49.5995,-2.5843],[-49.6355,-2.6572],[-49.5743,-2.6312],[-49.5239,-2.5964],[-49.4591,-2.5044],[-49.4087,-2.3447],[-49.2107,-1.9159],[-49.1531,-1.8777],[-48.9911,-1.8291],[-48.7103,-1.4871],[-48.5987,-1.4889],[-48.5303,-1.567],[-48.4619,-1.6139],[-48.4475,-1.5201],[-48.3503,-1.4819],[-48.4511,-1.435],[-48.4691,-1.3934],[-48.4763,-1.3239],[-48.4079,-1.2285],[-48.4511,-1.1451],[-48.3071,-1.0392],[-48.3179,-0.9611],[-48.2675,-0.8952],[-48.2027,-0.8274],[-48.1271,-0.7945],[-48.1163,-0.7372],[-48.0695,-0.7129],[-48.0335,-0.7059],[-47.9615,-0.7702],[-47.8823,-0.6938],[-47.8067,-0.6643],[-47.7743,-0.6764],[-47.7311,-0.7111],[-47.6879,-0.725],[-47.6519,-0.7181],[-47.5583,-0.6695],[-47.4719,-0.7493],[-47.4179,-0.7667],[-47.4323,-0.7216],[-47.4611,-0.6816],[-47.4395,-0.6469],[-47.3999,-0.6261],[-47.2703,-0.6452],[-47.2019,-0.6799],[-47.1263,-0.7459],[-47.0255,-0.7511],[-46.9427,-0.7441],[-46.8923,-0.7806],[-46.8095,-0.7788],[-46.7699,-0.8361],[-46.6439,-0.916],[-46.6187,-0.9698],[-46.5179,-0.9976],[-46.4207,-1.0306],[-46.3199,-1.0392],[-46.2191,-1.0306],[-46.2155,-1.1],[-46.1399,-1.1191],[-46.0463,-1.1035],[-45.9707,-1.1868],[-45.7799,-1.251],[-45.6431,-1.3482],[-45.5567,-1.3309],[-45.4595,-1.3569],[-45.3515,-1.567],[-45.3299,-1.718],[-45.2831,-1.6972],[-45.2399,-1.6295],[-45.1823,-1.5062],[-45.0779,-1.4663],[-45.0275,-1.5132],[-44.9194,-1.5896],[-44.8294,-1.6711],[-44.7898,-1.725],[-44.7214,-1.7336],[-44.779,-1.7996],[-44.7214,-1.7927],[-44.653,-1.7458],[-44.5918,-1.8413],[-44.545,-1.9454],[-44.5378,-2.0531],[-44.581,-2.1138],[-44.617,-2.152],[-44.6602,-2.2284],[-44.707,-2.2406],[-44.7574,-2.2649],[-44.6998,-2.3204],[-44.6638,-2.3725],[-44.5774,-2.2301],[-44.5198,-2.1902],[-44.437,-2.1676],[-44.3902,-2.2701],[-44.383,-2.3655],[-44.5198,-2.4055],[-44.5198,-2.4819],[-44.563,-2.5235],[-44.5882,-2.5739],[-44.6098,-2.6763],[-44.6386,-2.7631],[-44.7214,-3.1415],[-44.7214,-3.204],[-44.6242,-3.1381],[-44.437,-2.9436],[-44.3794,-2.7388],[-44.3074,-2.5357],[-44.2282,-2.4714],[-44.1778,-2.4714],[-44.1058,-2.494],[-44.1022,-2.56],[-44.113,-2.5982],[-44.1922,-2.6989],[-44.2246,-2.7544],[-44.1922,-2.81],[-44.0122,-2.6416],[-43.933,-2.5843],[-43.8646,-2.5947],[-43.7278,-2.5183],[-43.4542,-2.5027],[-43.4362,-2.4142],[-43.3786,-2.376],[-43.231,-2.3864],[-42.9358,-2.4645],[-42.8314,-2.5287],[-42.6766,-2.5895],[-42.5938,-2.6607],[-42.2482,-2.7926],[-41.9998,-2.8065],[-41.8774,-2.7457],[-41.7226,-2.8082],[-41.6398,-2.8794],[-41.4814,-2.9159],[-41.3194,-2.9367],[-41.1934,-2.8863],[-40.8766,-2.869],[-40.4734,-2.7961],[-40.2358,-2.8134],[-39.9658,-2.862],[-39.7714,-2.9853],[-39.6094,-3.0565],[-39.5122,-3.1259],[-39.3538,-3.1971],[-39.0154,-3.3898],[-38.8966,-3.5009],[-38.6878,-3.6537],[-38.4754,-3.7179],[-38.3602,-3.8759],[-38.2702,-3.9488],[-38.0506,-4.2161],[-37.795,-4.4036],[-37.6258,-4.5928],[-37.3018,-4.7126],[-37.1758,-4.9123],[-36.9562,-4.9366],[-36.8626,-4.9661],[-36.7474,-5.0511],[-36.589,-5.098],[-36.3874,-5.0841],[-36.1606,-5.0945],[-35.9806,-5.0546],[-35.5486,-5.1293],[-35.4802,-5.1657],[-35.3938,-5.2508],[-35.2354,-5.5667],[-35.1418,-5.9174],[-35.095,-6.1848],[-34.9869,-6.3931],[-34.9293,-6.7854],[-34.8789,-6.9087],[-34.8753,-7.0024],[-34.8321,-7.025],[-34.8069,-7.2889],[-34.8177,-7.3947],[-34.8573,-7.5336],[-34.8609,-7.5944],[-34.8537,-7.6343],[-34.8717,-7.6916],[-34.8789,-7.7472],[-34.8357,-7.8721],[-34.8357,-7.9711],[-34.8897,-8.0926],[-34.9653,-8.4068],[-35.1562,-8.9311],[-35.3398,-9.2314],[-35.5954,-9.5404],[-35.7646,-9.7019],[-35.8294,-9.7193],[-35.8906,-9.6863],[-35.8474,-9.7731],[-35.887,-9.8477],[-36.0562,-10.0751],[-36.2218,-10.2244],[-36.3982,-10.4848],[-36.4126,-10.49],[-36.6358,-10.5907],[-36.769,-10.6723],[-36.9382,-10.8199],[-37.093,-11.0542],[-37.1254,-11.0855],[-37.183,-11.0681],[-37.183,-11.1879],[-37.3162,-11.3754],[-37.3558,-11.4032],[-37.3558,-11.3511],[-37.3306,-11.3094],[-37.3198,-11.266],[-37.3234,-11.2157],[-37.3594,-11.2521],[-37.4386,-11.3945],[-37.4134,-11.4969],[-37.471,-11.6532],[-37.687,-12.0993],[-37.957,-12.476],[-38.0182,-12.5906],[-38.2414,-12.8441],[-38.4034,-12.9656],[-38.4466,-12.9673],[-38.5006,-12.9569],[-38.5258,-12.7625],[-38.6554,-12.6444],[-38.6914,-12.6236],[-38.7454,-12.7486],[-38.7886,-12.7833],[-38.8534,-12.7902],[-38.785,-12.8441],[-38.7634,-12.9066],[-38.8318,-13.0333],[-38.8354,-13.1479],[-38.9578,-13.2729],[-39.0298,-13.3649],[-39.0658,-13.4812],[-39.091,-13.5888],[-39.0334,-13.5593],[-39.0082,-13.5819],[-38.9902,-13.6148],[-39.001,-13.6652],[-39.0406,-13.7589],[-39.0334,-13.9916],[-39.0478,-14.0436],[-39.0082,-14.1009],[-38.965,-14.0037],[-38.9434,-14.0315],[-39.0586,-14.6547],[-39.0118,-14.9359],[-38.9974,-15.2536],[-38.9434,-15.5644],[-38.8858,-15.8421],[-38.8822,-15.8647],[-38.9614,-16.1859],[-39.0622,-16.5036],[-39.1234,-16.764],[-39.163,-17.0435],[-39.2026,-17.1789],[-39.217,-17.316],[-39.1702,-17.6424],[-39.1558,-17.7031],[-39.2782,-17.849],[-39.4114,-17.9201],[-39.487,-17.9896],[-39.649,-18.2517],[-39.739,-18.6406],[-39.7426,-18.8454],[-39.6994,-19.2777],[-39.7318,-19.4548],[-39.7822,-19.5711],[-39.8434,-19.6492],[-40.0018,-19.7412],[-40.1422,-19.9686],[-40.2034,-20.2065],[-40.3006,-20.2933],[-40.3186,-20.4252],[-40.3942,-20.5693],[-40.5958,-20.7845],[-40.7254,-20.847],[-40.7902,-20.9061],[-40.8298,-21.0311],[-40.9558,-21.2376],[-41.0458,-21.505],[-41.0242,-21.597],[-41.0206,-21.6109],[-40.9882,-21.9199],[-40.999,-21.9997],[-41.1214,-22.0848],[-41.5822,-22.2428],[-41.7046,-22.3105],[-41.9818,-22.5813],[-41.9962,-22.6438],[-41.9854,-22.7358],[-41.9422,-22.7879],[-41.989,-22.8452],[-42.043,-22.9476],[-42.1222,-22.9407],[-42.5794,-22.9407],[-42.8278,-22.9736],[-42.9574,-22.9667],[-43.015,-22.9424],[-43.0798,-22.9025],[-43.1014,-22.8504],[-43.0654,-22.7705],[-43.087,-22.7237],[-43.1554,-22.7254],[-43.2274,-22.748],[-43.2418,-22.7948],[-43.2382,-22.8296],[-43.2094,-22.8782],[-43.195,-22.9389],[-43.2238,-22.991],[-43.3678,-22.9979],[-43.5334,-23.0466],[-43.735,-23.0674],[-43.897,-23.1021],[-43.9726,-23.057],[-43.897,-23.0344],[-43.7926,-23.0466],[-43.6774,-23.0101],[-43.7026,-22.9667],[-43.8646,-22.9111],[-44.0482,-22.9441],[-44.149,-23.0118],[-44.3686,-23.0049],[-44.6386,-23.0552],[-44.6818,-23.1073],[-44.6746,-23.2063],[-44.6206,-23.2288],[-44.5702,-23.274],[-44.6206,-23.3156],[-44.6674,-23.3347],[-44.9518,-23.3816],[-45.2147,-23.576],[-45.3263,-23.6003],[-45.4235,-23.6854],[-45.4343,-23.7583],[-45.4631,-23.8017],[-45.5279,-23.8052],[-45.6647,-23.7653],[-45.8447,-23.7635],[-45.9707,-23.7948],[-46.6295,-24.1107],[-46.8671,-24.2357],[-47.1371,-24.4926],[-47.5907,-24.7808],[-47.8319,-24.9527],[-47.8751,-24.9978],[-47.9147,-24.9996],[-47.9903,-25.036],[-47.9579,-25.0655],[-47.9075,-25.069],[-47.9291,-25.168],[-48.0227,-25.2374],[-48.2027,-25.4162],[-48.2423,-25.404],[-48.1847,-25.3103],[-48.2747,-25.3068],[-48.4043,-25.2721],[-48.4583,-25.3103],[-48.4259,-25.404],[-48.4763,-25.4422],[-48.5627,-25.4474],[-48.6455,-25.437],[-48.7319,-25.3693],[-48.6923,-25.4908],[-48.5087,-25.5221],[-48.4295,-25.5499],[-48.4007,-25.5967],[-48.5447,-25.8155],[-48.6671,-25.845],[-48.6779,-25.8745],[-48.6131,-25.8745],[-48.5771,-25.9353],[-48.6203,-26.18],[-48.6779,-26.2252],[-48.7139,-26.2269],[-48.7499,-26.2686],[-48.6995,-26.3484],[-48.6527,-26.4057],[-48.6599,-26.5186],[-48.6779,-26.6123],[-48.6779,-26.7026],[-48.6167,-26.8779],[-48.5951,-27.0585],[-48.5699,-27.1227],[-48.5555,-27.1956],[-48.5951,-27.2633],[-48.5735,-27.3727],[-48.6419,-27.5584],[-48.6059,-27.8258],[-48.6203,-28.0758],[-48.6491,-28.2077],[-48.6923,-28.3101],[-48.7967,-28.4421],[-48.8003,-28.5757],[-49.0235,-28.699],[-49.2719,-28.8708],[-49.4987,-29.0757],[-49.7471,-29.3639],[-50.0351,-29.8013],[-50.2979,-30.4263],[-50.6183,-30.8985],[-50.7479,-31.0686],[-50.9207,-31.2579],[-51.1511,-31.4801],[-51.4607,-31.7023],[-51.7991,-31.9002],[-51.9215,-31.9887],[-52.0403,-32.1154],[-52.0691,-32.0634],[-52.0439,-31.9783],[-52.0583,-31.9141],[-52.0619,-31.8307],[-51.9935,-31.8151],[-51.8927,-31.8672],[-51.8423,-31.8325],[-51.8027,-31.796],[-51.6803,-31.7752],[-51.4463,-31.5582],[-51.2735,-31.4766],[-51.1727,-31.3394],[-51.1583,-31.2665],[-51.1619,-31.119],[-51.1043,-31.0808],[-50.9783,-31.0947],[-50.9531,-31.053],[-50.9639,-31.0061],[-50.9423,-30.9037],[-50.7695,-30.8134],[-50.6903,-30.7041],[-50.7155,-30.4263],[-50.6867,-30.4142],[-50.6147,-30.4576],[-50.5823,-30.4385],[-50.5463,-30.3169],[-50.5643,-30.2544],[-50.6471,-30.2371],[-50.9315,-30.3742],[-51.0251,-30.369],[-51.0395,-30.2614],[-51.1799,-30.211],[-51.2339,-30.1208],[-51.2483,-30.06],[-51.2987,-30.0357],[-51.2951,-30.1416],[-51.2807,-30.244],[-51.1583,-30.3638],[-51.1871,-30.4124],[-51.2483,-30.468],[-51.2879,-30.5912],[-51.2843,-30.7509],[-51.3167,-30.7023],[-51.3599,-30.6746],[-51.3779,-30.8464],[-51.4607,-30.9124],[-51.4859,-30.9784],[-51.4643,-31.053],[-51.5075,-31.1051],[-51.7163,-31.244],[-51.9251,-31.3394],[-51.9719,-31.3846],[-51.9935,-31.4905],[-52.0259,-31.5998],[-52.1195,-31.6953],[-52.1951,-31.8863],[-52.1915,-31.9679],[-52.1663,-32.0877],[-52.1267,-32.1675],[-52.1915,-32.2213],[-52.2743,-32.3238],[-52.3427,-32.4401],[-52.5083,-32.8758],[-52.6523,-33.1379],[-52.7639,-33.2664],[-52.9223,-33.4018],[-53.3723,-33.7421],[-53.4191,-33.7785],[-53.4731,-33.8497],[-53.5343,-34.0181],[-53.7431,-34.249],[-53.7863,-34.3809],[-54.0095,-34.5163],[-54.1679,-34.6708],[-54.2723,-34.6674],[-54.3659,-34.7333],[-54.9023,-34.933],[-55.0968,-34.8948],[-55.2372,-34.8965],[-55.3704,-34.808],[-55.6728,-34.775],[-55.8636,-34.8115],[-56.1192,-34.9087],[-56.1948,-34.9069],[-56.2488,-34.9017],[-56.3892,-34.8618],[-56.4648,-34.775],[-56.8536,-34.676],[-57.1704,-34.4521],[-57.5448,-34.4486],[-57.8292,-34.4781],[-57.8724,-34.4469],[-57.9012,-34.3896],[-57.9624,-34.3063],[-58.2072,-34.1084],[-58.4016,-33.9122],[-58.4376,-33.7195],[-58.4124,-33.5094],[-58.3548,-33.2595],[-58.362,-33.1831],[-58.2936,-33.1379],[-58.2216,-33.1293],[-58.1532,-33.065],[-58.092,-32.9678],[-58.0812,-32.8932],[-58.128,-32.7578],[-58.164,-32.5668],[-58.2,-32.4713],[-58.2216,-32.5633],[-58.1712,-32.9591],[-58.2,-33.0147],[-58.2504,-33.0789],[-58.308,-33.0824],[-58.3764,-33.072],[-58.4232,-33.1119],[-58.4556,-33.2855],[-58.5456,-33.664],[-58.5312,-33.7525],[-58.4556,-33.8983],[-58.4304,-33.9903],[-58.4088,-34.0615],[-58.3908,-34.1934],[-58.434,-34.2525],[-58.4736,-34.2629],[-58.524,-34.2959],[-58.4664,-34.4573],[-58.4196,-34.532],[-58.2828,-34.683],[-57.7644,-34.8948],[-57.5484,-35.0198],[-57.3036,-35.1882],[-57.1704,-35.3618],[-57.1596,-35.5059],[-57.354,-35.7211],[-57.3756,-35.8999],[-57.336,-36.0267],[-57.264,-36.1447],[-57.0768,-36.2975],[-56.9364,-36.353],[-56.7492,-36.3461],[-56.7168,-36.3895],[-56.6988,-36.4259],[-56.67,-36.7349],[-56.6736,-36.8513],[-56.7276,-36.9572],[-57.0876,-37.4467],[-57.3972,-37.7453],[-57.5088,-37.9085],[-57.5484,-38.0856],[-57.6456,-38.1689],[-58.1784,-38.4362],[-59.0064,-38.6741],[-59.676,-38.7973],[-59.8272,-38.839],[-60.9036,-38.9744],[-61.1124,-38.9935],[-61.3824,-38.9813],[-61.602,-38.9987],[-61.8468,-38.9622],[-62.0664,-38.9188],[-62.1888,-38.8129],[-62.3364,-38.8008],[-62.376,-38.8529],[-62.304,-38.9883],[-62.3364,-39.1497],[-62.2968,-39.2435],[-62.2104,-39.2626],[-62.1276,-39.3094],[-62.052,-39.3737],[-62.178,-39.3806],[-62.1312,-39.431],[-62.0772,-39.4622],[-62.0844,-39.5681],[-62.1312,-39.825],[-62.2536,-39.8806],[-62.286,-39.8945],[-62.3256,-39.95],[-62.4012,-40.1965],[-62.4264,-40.3562],[-62.394,-40.4587],[-62.2464,-40.6739],[-62.3004,-40.8146],[-62.394,-40.8909],[-62.7972,-41.0472],[-62.9592,-41.1097],[-63.2112,-41.1531],[-63.6216,-41.16],[-63.7728,-41.1496],[-64.122,-41.0072],[-64.3848,-40.9222],[-64.6224,-40.8545],[-64.8528,-40.8146],[-64.8204,-40.7937],[-64.806,-40.7573],[-64.8708,-40.7364],[-64.9176,-40.7312],[-65.0689,-40.8059],[-65.1337,-40.8805],[-65.1517,-40.9465],[-65.1553,-41.1062],[-65.1265,-41.2381],[-65.0185,-41.5662],[-65.0077,-41.745],[-65.0581,-41.9707],[-64.986,-42.1027],[-64.8996,-42.1617],[-64.698,-42.2207],[-64.6224,-42.2606],[-64.536,-42.2554],[-64.5108,-42.2711],[-64.5252,-42.2988],[-64.5756,-42.3561],[-64.572,-42.4169],[-64.4208,-42.4342],[-64.266,-42.4221],[-64.1004,-42.3943],[-64.0608,-42.3526],[-64.0608,-42.2658],[-64.2516,-42.2502],[-64.23,-42.219],[-64.0824,-42.1825],[-63.8916,-42.1252],[-63.7944,-42.1131],[-63.7296,-42.153],[-63.6864,-42.1895],[-63.6288,-42.2832],[-63.5964,-42.4065],[-63.5928,-42.5558],[-63.618,-42.6964],[-63.6432,-42.745],[-63.6936,-42.8057],[-64.0356,-42.8804],[-64.1292,-42.8613],[-64.2192,-42.7554],[-64.248,-42.646],[-64.3236,-42.5731],[-64.4892,-42.5141],[-64.6512,-42.5315],[-64.8132,-42.6339],[-64.9716,-42.6669],[-65.0257,-42.7589],[-64.6296,-42.9082],[-64.4424,-42.9498],[-64.3812,-42.9498],[-64.32,-42.9689],[-64.374,-43.0245],[-64.4316,-43.0592],[-64.716,-43.1356],[-64.8384,-43.1894],[-64.986,-43.2936],[-65.1913,-43.5227],[-65.2525,-43.5713],[-65.2849,-43.6303],[-65.3065,-43.7883],[-65.2381,-44.0487],[-65.3101,-44.1581],[-65.2669,-44.2796],[-65.2885,-44.3612],[-65.3605,-44.4775],[-65.6485,-44.6615],[-65.6989,-44.7969],[-65.5981,-44.8751],[-65.6053,-44.9445],[-65.6377,-45.007],[-65.7565,-45.007],[-66.1885,-44.9653],[-66.3469,-45.033],[-66.4945,-45.1181],[-66.5341,-45.158],[-66.5845,-45.1823],[-66.8833,-45.2275],[-66.9409,-45.257],[-67.2577,-45.5764],[-67.3945,-45.776],[-67.5565,-45.9705],[-67.5997,-46.0521],[-67.6105,-46.1666],[-67.5853,-46.2691],[-67.5637,-46.3455],[-67.5061,-46.4427],[-67.3873,-46.5538],[-66.7753,-47.0051],[-66.6493,-47.0451],[-65.9977,-47.0937],[-65.8537,-47.1562],[-65.7709,-47.2569],[-65.7385,-47.3454],[-65.7745,-47.5676],[-65.8141,-47.6388],[-65.8861,-47.7013],[-66.0409,-47.7829],[-66.2245,-47.8263],[-66.1741,-47.8575],[-66.0985,-47.854],[-65.9329,-47.8263],[-65.8645,-47.854],[-65.8105,-47.9408],[-65.9113,-47.9773],[-65.9437,-48.019],[-66.0157,-48.0849],[-66.3937,-48.3419],[-66.5953,-48.42],[-66.7825,-48.5224],[-67.0345,-48.6283],[-67.1317,-48.6873],[-67.2649,-48.8141],[-67.4665,-48.9512],[-67.6861,-49.2463],[-67.6933,-49.3036],[-67.6609,-49.3418],[-67.7833,-49.8591],[-67.8265,-49.9199],[-67.9129,-49.9841],[-68.1469,-50.0918],[-68.2585,-50.1039],[-68.4061,-50.0431],[-68.4889,-49.9772],[-68.5681,-49.8678],[-68.6689,-49.7532],[-68.6725,-49.7932],[-68.6401,-49.8626],[-68.6617,-49.9355],[-68.9137,-49.9685],[-68.9785,-50.0032],[-68.7517,-49.9876],[-68.5969,-50.0102],[-68.5321,-50.0362],[-68.4745,-50.0918],[-68.4205,-50.1577],[-68.4637,-50.1942],[-68.5897,-50.2254],[-68.7481,-50.281],[-68.9389,-50.3817],[-69.0433,-50.4997],[-69.0901,-50.583],[-69.1405,-50.7532],[-69.1549,-50.8643],[-69.2341,-50.9511],[-69.3601,-51.0275],[-69.3529,-51.0466],[-69.2665,-51.0066],[-69.2017,-50.9945],[-69.1441,-51.0969],[-69.0649,-51.3035],[-69.0289,-51.4458],[-69.0361,-51.4892],[-69.0577,-51.5465],[-69.2197,-51.5604],[-69.3601,-51.5587],[-69.4645,-51.5847],[-69.4105,-51.6108],[-69.3133,-51.6003],[-69.1801,-51.6628],[-69.0325,-51.6368],[-68.9641,-51.6767],[-68.9173,-51.7149],[-68.6905,-52.0135],[-68.4925,-52.1975],[-68.3953,-52.3069],[-68.4421,-52.3572],[-69.0073,-52.2635],[-69.1333,-52.2114],[-69.2413,-52.2062],[-69.4465,-52.2687],[-69.5617,-52.4215],[-69.6193,-52.4649],[-69.7633,-52.5048],[-69.9073,-52.5135],[-70.3897,-52.661],[-70.5625,-52.6732],[-70.6813,-52.7131],[-70.7965,-52.7687],[-70.8397,-52.8902],[-70.8217,-52.9631],[-70.9513,-53.227],[-70.9837,-53.3728],[-70.9837,-53.4492],[-70.9477,-53.5707],[-70.9945,-53.779],[-71.0845,-53.8242],[-71.2969,-53.8832],[-71.4445,-53.8415],[-71.6929,-53.8033],[-71.8729,-53.7235],[-72.0997,-53.6662],[-72.1753,-53.6315],[-72.3769,-53.4718],[-72.3985,-53.4179],[-72.4129,-53.3502],[-72.3049,-53.253],[-72.2473,-53.2461],[-72.0817,-53.2495],[-71.9413,-53.2339],[-71.8513,-53.286],[-71.8297,-53.3988],[-71.8657,-53.4579],[-71.9017,-53.4961],[-71.8909,-53.5238],[-71.7901,-53.4839],[-71.7397,-53.2322],[-71.4013,-53.1072],[-71.2897,-53.0343],[-71.1817,-52.9197],[-71.1637,-52.8885],[-71.1565,-52.8451],[-71.2285,-52.8103],[-71.3869,-52.7635],[-71.8981,-53.0013],[-72.1285,-53.0638],[-72.2797,-53.1315],[-72.4597,-53.2548],[-72.4921,-53.2912],[-72.5317,-53.3711],[-72.5497,-53.4613],[-72.7261,-53.4197],[-72.9997,-53.2912],[-73.0537,-53.2426],[-72.9997,-53.1766],[-72.9169,-53.1228],[-72.9097,-52.9371],[-72.8881,-52.8711],[-72.8305,-52.819],[-72.7261,-52.7617],[-72.6757,-52.7496],[-72.6325,-52.7739],[-72.6253,-52.8173],[-72.4525,-52.8138],[-72.1177,-52.6506],[-71.9809,-52.6454],[-71.7973,-52.6836],[-71.5921,-52.661],[-71.5525,-52.6437],[-71.5129,-52.6055],[-71.6641,-52.5603],[-71.8117,-52.5378],[-72.2257,-52.5204],[-72.3157,-52.5378],[-72.4381,-52.6263],[-72.4777,-52.6037],[-72.5029,-52.5603],[-72.6433,-52.5291],[-72.7117,-52.536],[-72.7765,-52.5777],[-72.7657,-52.6419],[-72.8017,-52.7131],[-72.9313,-52.7808],[-73.0213,-52.8919],[-73.0177,-52.977],[-73.0213,-53.0221],[-73.0537,-53.0464],[-73.1221,-53.0742],[-73.3381,-53.0551],[-73.4605,-52.9648],[-73.5073,-52.9041],[-73.6441,-52.8364],[-73.3453,-52.7548],[-73.2409,-52.7079],[-73.1437,-52.602],[-73.0717,-52.5343],[-73.1221,-52.4874],[-73.1833,-52.4874],[-73.1797,-52.5621],[-73.2445,-52.6246],[-73.3813,-52.5951],[-73.5865,-52.6853],[-73.7125,-52.661],[-73.9141,-52.6888],[-74.0149,-52.6402],[-74.0365,-52.5777],[-74.0005,-52.5117],[-74.0365,-52.4024],[-74.0941,-52.3763],[-74.1517,-52.3833],[-74.1769,-52.3173],[-74.2381,-52.2027],[-74.2669,-52.1715],[-74.2957,-52.1177],[-74.2633,-52.1055],[-74.1949,-52.1194],[-74.1337,-52.1541],[-74.0401,-52.1593],[-73.8349,-52.234],[-73.7485,-52.2166],[-73.7017,-52.1993],[-73.6837,-52.1368],[-73.6837,-52.0777],[-73.6477,-52.0777],[-73.5325,-52.1524],[-73.4569,-52.1454],[-73.3273,-52.1663],[-73.2589,-52.1576],[-73.1365,-52.1298],[-72.9421,-52.0465],[-72.8449,-51.9614],[-72.7945,-51.9493],[-72.7369,-51.9597],[-72.6937,-51.9857],[-72.6937,-52.0448],[-72.6505,-52.1003],[-72.5893,-52.1454],[-72.5713,-52.1993],[-72.5821,-52.2548],[-72.6937,-52.3295],[-72.7153,-52.3572],[-72.6757,-52.385],[-72.6325,-52.3711],[-72.5677,-52.3347],[-72.5317,-52.2826],[-72.5245,-52.2548],[-72.5209,-52.2166],[-72.5245,-52.1697],[-72.6145,-52.0378],[-72.6253,-52.0066],[-72.6253,-51.9458],[-72.5245,-51.8903],[-72.4957,-51.8469],[-72.4885,-51.7635],[-72.5425,-51.7062],[-72.7621,-51.5726],[-73.1257,-51.4406],[-73.1689,-51.4545],[-73.1977,-51.4788],[-73.1617,-51.4962],[-73.1149,-51.5049],[-72.7909,-51.6142],[-72.7045,-51.6785],[-72.6505,-51.6958],[-72.5821,-51.7375],[-72.6001,-51.8],[-72.9277,-51.859],[-73.1869,-51.9909],[-73.3849,-52.0708],[-73.5181,-52.0413],[-73.5829,-51.9597],[-73.6513,-51.8555],[-73.7521,-51.7948],[-73.8097,-51.8017],[-73.8565,-51.7896],[-73.8961,-51.7583],[-73.9717,-51.7844],[-74.1481,-51.7114],[-74.1949,-51.6802],[-74.0689,-51.5795],[-73.9285,-51.6177],[-73.8961,-51.3313],[-73.9393,-51.267],[-74.1229,-51.1959],[-74.2093,-51.2045],[-74.3317,-51.1959],[-74.4145,-51.1629],[-74.5081,-51.149],[-74.5873,-51.1299],[-74.6917,-51.0865],[-74.8141,-51.0622],[-74.9833,-50.8816],[-75.0554,-50.7862],[-75.095,-50.682],[-74.8357,-50.6785],[-74.6845,-50.6612],[-74.6485,-50.6178],[-74.7025,-50.5362],[-74.7745,-50.4702],[-74.7205,-50.4077],[-74.6449,-50.3608],[-74.5657,-50.3817],[-74.3641,-50.4876],[-74.3317,-50.5587],[-74.1913,-50.7775],[-74.1553,-50.7983],[-74.1409,-50.8174],[-73.8457,-50.9407],[-73.8061,-50.9389],[-73.8241,-50.8365],[-73.7413,-50.6959],[-73.6585,-50.6507],[-73.6189,-50.6507],[-73.6153,-50.6282],[-73.6945,-50.5692],[-73.6549,-50.4928],[-73.6801,-50.491],[-73.7485,-50.5396],[-73.8925,-50.7827],[-73.9789,-50.8278],[-74.0977,-50.7167],[-74.1625,-50.6386],[-74.1985,-50.6091],[-74.1841,-50.4858],[-73.9501,-50.5101],[-74.0293,-50.4702],[-74.3065,-50.3973],[-74.3749,-50.3626],[-74.4253,-50.3504],[-74.5153,-50.2654],[-74.6305,-50.1942],[-74.4325,-50.0657],[-74.3353,-49.9754],[-74.0185,-50.0223],[-73.9573,-49.9945],[-74.0113,-49.9286],[-74.0725,-49.9494],[-74.1697,-49.9077],[-74.3245,-49.7827],[-74.3173,-49.7202],[-74.2921,-49.6039],[-74.2309,-49.5796],[-74.1013,-49.5553],[-73.9537,-49.5935],[-73.8925,-49.623],[-73.8349,-49.6091],[-73.8925,-49.5241],[-73.9897,-49.4911],[-74.0941,-49.4303],[-74.0833,-49.3626],[-74.0509,-49.3053],[-74.0221,-49.2446],[-74.0041,-49.1578],[-74.0149,-49.0901],[-73.9861,-49.0606],[-73.9393,-49.0467],[-73.9357,-49.0206],[-74.0293,-49.0258],[-74.0617,-49.1109],[-74.0725,-49.189],[-74.1409,-49.2498],[-74.1661,-49.321],[-74.1841,-49.4043],[-74.2201,-49.4998],[-74.3029,-49.4633],[-74.3497,-49.4269],[-74.3677,-49.4008],[-74.3569,-49.3522],[-74.3785,-49.0484],[-74.3821,-48.7932],[-74.3425,-48.5953],[-74.2273,-48.5172],[-74.1769,-48.4946],[-74.1301,-48.505],[-74.0581,-48.5033],[-74.0077,-48.4755],[-74.1697,-48.4269],[-74.2705,-48.4547],[-74.3425,-48.4929],[-74.4757,-48.4634],[-74.5009,-48.3627],[-74.5765,-48.2742],[-74.5909,-48.1613],[-74.5837,-47.9999],[-74.4001,-48.0138],[-74.2489,-48.045],[-73.8529,-48.0415],[-73.5289,-48.1978],[-73.3849,-48.1769],[-73.3921,-48.1457],[-73.5001,-48.1075],[-73.5685,-48.019],[-73.6081,-47.9947],[-73.6297,-47.9408],[-73.6333,-47.8801],[-73.7161,-47.6561],[-73.7485,-47.6613],[-73.7809,-47.7377],[-73.8457,-47.8662],[-73.9393,-47.9287],[-74.0833,-47.9547],[-74.2273,-47.9686],[-74.3497,-47.9443],[-74.3785,-47.8905],[-74.3749,-47.8297],[-74.4289,-47.8002],[-74.5693,-47.7725],[-74.6089,-47.7586],[-74.6557,-47.703],[-74.5873,-47.6179],[-74.5333,-47.5676],[-74.4685,-47.578],[-74.4037,-47.6006],[-74.3209,-47.6666],[-74.2417,-47.6787],[-74.1517,-47.6266],[-74.1337,-47.5902],[-74.1913,-47.5676],[-74.2417,-47.5589],[-74.3245,-47.5311],[-74.4829,-47.4305],[-74.4037,-47.328],[-74.2165,-47.21],[-74.1589,-47.1822],[-74.2093,-47.0833],[-74.1517,-46.9739],[-74.2093,-46.8854],[-74.3137,-46.7881],[-74.4541,-46.7673],[-74.4829,-46.7951],[-74.4901,-46.835],[-74.4685,-46.8645],[-74.4793,-46.8854],[-74.5117,-46.8854],[-74.6917,-46.8645],[-74.8105,-46.8003],[-75.005,-46.7413],[-75.0302,-46.6961],[-75.0518,-46.6284],[-74.9833,-46.5121],[-75.0194,-46.5104],[-75.1454,-46.6006],[-75.3362,-46.6475],[-75.4802,-46.6631],[-75.5414,-46.6979],[-75.5666,-46.7291],[-75.527,-46.7465],[-75.4478,-46.7499],[-75.3866,-46.8628],[-75.401,-46.9062],[-75.4298,-46.934],[-75.4982,-46.9409],[-75.635,-46.8628],[-75.707,-46.7743],[-75.707,-46.7048],[-75.6566,-46.6111],[-75.437,-46.4826],[-75.3758,-46.4288],[-75.2462,-46.3698],[-75.0734,-46.2344],[-74.9257,-46.1597],[-74.9977,-46.0972],[-75.0734,-46.0052],[-75.0662,-45.875],[-74.7637,-45.8229],[-74.6305,-45.8455],[-74.4613,-45.8403],[-74.3677,-45.809],[-74.3029,-45.8038],[-74.1589,-45.7674],[-74.0977,-45.717],[-74.0833,-45.6788],[-74.0833,-45.6441],[-74.0977,-45.6042],[-74.1229,-45.4966],[-74.0977,-45.4601],[-74.0365,-45.4184],[-73.9573,-45.4045],[-73.9213,-45.408],[-73.8241,-45.4462],[-73.8457,-45.5018],[-73.8817,-45.5695],[-73.9609,-45.8351],[-74.0005,-45.8958],[-74.0617,-45.9479],[-74.0185,-46.0555],[-74.0833,-46.1319],[-74.3569,-46.2135],[-74.3929,-46.217],[-74.3713,-46.2465],[-74.2129,-46.2396],[-74.0905,-46.2222],[-73.9681,-46.1545],[-73.9285,-46.0503],[-73.8781,-45.8472],[-73.8133,-45.8177],[-73.7341,-45.8125],[-73.6945,-45.8594],[-73.7089,-45.967],[-73.7089,-46.0712],[-73.8097,-46.3767],[-73.9357,-46.5],[-73.9501,-46.5329],[-73.9429,-46.5711],[-73.8457,-46.5659],[-73.7701,-46.5],[-73.7161,-46.4149],[-73.6621,-46.2968],[-73.6693,-46.2118],[-73.6513,-46.1597],[-73.6297,-45.9861],[-73.5901,-45.8993],[-73.5937,-45.776],[-73.6621,-45.7309],[-73.7557,-45.7031],[-73.7809,-45.6285],[-73.7305,-45.4792],[-73.5505,-45.4844],[-73.3777,-45.382],[-73.2661,-45.3455],[-73.2013,-45.3542],[-72.9781,-45.4514],[-72.9349,-45.4532],[-72.9421,-45.4167],[-72.9745,-45.3924],[-73.0645,-45.3594],[-73.2265,-45.2552],[-73.4461,-45.2379],[-73.4065,-45.1025],[-73.3633,-44.9775],[-73.2553,-44.9619],[-73.0789,-44.9202],[-72.7405,-44.7344],[-72.6793,-44.5938],[-72.6649,-44.4359],[-72.8269,-44.3959],[-72.9997,-44.2918],[-73.1401,-44.2379],[-73.2661,-44.1685],[-73.2409,-44.0661],[-73.2229,-43.8977],[-73.0681,-43.8612],[-72.9961,-43.6321],[-73.1005,-43.455],[-73.0753,-43.3231],[-72.9385,-43.212],[-72.9169,-43.1339],[-72.8773,-43.0488],[-72.7585,-43.0401],[-72.7549,-42.9932],[-72.7657,-42.9082],[-72.8449,-42.8075],[-72.8485,-42.6686],[-72.7729,-42.5054],[-72.6541,-42.5158],[-72.6325,-42.5089],[-72.7153,-42.4099],[-72.7837,-42.3006],[-72.7729,-42.2572],[-72.7081,-42.2207],[-72.6325,-42.1999],[-72.5497,-42.2554],[-72.4309,-42.4342],[-72.4129,-42.3874],[-72.4597,-42.2068],[-72.4993,-41.9811],[-72.6253,-42.0107],[-72.7369,-41.995],[-72.7801,-41.9603],[-72.8233,-41.9082],[-72.7837,-41.8475],[-72.7441,-41.8006],[-72.6613,-41.7433],[-72.4849,-41.7225],[-72.3589,-41.6496],[-72.3193,-41.4985],[-72.3589,-41.5142],[-72.4273,-41.6461],[-72.5425,-41.6912],[-72.6001,-41.6843],[-72.6685,-41.66],[-72.8053,-41.5437],[-72.8809,-41.5176],[-72.9529,-41.5142],[-73.0141,-41.5437],[-73.1725,-41.7468],[-73.2409,-41.7815],[-73.5217,-41.7971],[-73.6225,-41.7728],[-73.7341,-41.7433],[-73.7233,-41.693],[-73.6873,-41.6392],[-73.6261,-41.6114],[-73.6225,-41.5819],[-73.7089,-41.5732],[-73.8097,-41.5176],[-73.8565,-41.4465],[-73.8745,-41.3197],[-73.9645,-41.1184],[-73.9825,-40.9743],[-73.9213,-40.8718],[-73.7845,-40.4691],[-73.7413,-40.2625],[-73.6693,-40.082],[-73.6693,-39.9639],[-73.4821,-39.8545],[-73.4101,-39.7886],[-73.2481,-39.4223],[-73.2265,-39.2244],[-73.4821,-38.6237],[-73.5217,-38.5091],[-73.5325,-38.3668],[-73.4713,-38.1307],[-73.4641,-38.0404],[-73.5181,-37.9102],[-73.6621,-37.6984],[-73.6657,-37.5908],[-73.6045,-37.4797],[-73.6621,-37.3408],[-73.6333,-37.2557],[-73.6009,-37.188],[-73.3741,-37.2245],[-73.2697,-37.2071],[-73.2157,-37.1672],[-73.1725,-37.0544],[-73.1509,-36.8756],[-73.1365,-36.7992],[-73.1185,-36.6881],[-73.0069,-36.6429],[-72.9673,-36.537],[-72.8737,-36.3912],[-72.7801,-35.978],[-72.6829,-35.8774],[-72.5857,-35.7593],[-72.6253,-35.5857],[-72.5605,-35.5059],[-72.5065,-35.4468],[-72.4561,-35.3409],[-72.3877,-35.2402],[-72.2221,-35.0962],[-72.1825,-34.9208],[-72.0565,-34.6153],[-72.0313,-34.4208],[-71.9917,-34.2889],[-72.0025,-34.1657],[-71.9269,-34.0164],[-71.8549,-33.8896],[-71.8297,-33.8202],[-71.6641,-33.6518],[-71.6353,-33.5199],[-71.6965,-33.4296],[-71.6965,-33.289],[-71.7433,-33.0945],[-71.6353,-33.0234],[-71.5921,-32.9696],[-71.4517,-32.6588],[-71.4625,-32.5373],[-71.4229,-32.3863],[-71.5129,-32.2074],[-71.5273,-31.8064],[-71.5777,-31.4957],[-71.6605,-31.1693],[-71.6533,-30.987],[-71.7073,-30.7596],[-71.7073,-30.6277],[-71.6677,-30.3308],[-71.4013,-30.1433],[-71.3473,-29.9333],[-71.3149,-29.6503],[-71.3257,-29.4437],[-71.3545,-29.35],[-71.4841,-29.199],[-71.5201,-28.9264],[-71.4949,-28.8552],[-71.3833,-28.7788],[-71.3077,-28.6729],[-71.2681,-28.508],[-71.1853,-28.3778],[-71.1529,-28.0636],[-71.0881,-27.8136],[-71.0521,-27.7268],[-70.9441,-27.6175],[-70.9261,-27.5879],[-70.9081,-27.5046],[-70.9153,-27.3084],[-70.8973,-27.1869],[-70.8145,-26.9508],[-70.8037,-26.8415],[-70.7101,-26.5967],[-70.6885,-26.4213],[-70.6453,-26.3293],[-70.6633,-26.2252],[-70.6345,-25.9926],[-70.6993,-25.8606],[-70.7137,-25.7842],[-70.6345,-25.5464],[-70.5769,-25.4874],[-70.4905,-25.3763],[-70.4509,-25.2513],[-70.4437,-25.1732],[-70.5589,-24.7791],[-70.5733,-24.6437],[-70.5481,-24.3312],[-70.5085,-24.1298],[-70.5193,-23.9684],[-70.5085,-23.885],[-70.4869,-23.7809],[-70.4113,-23.6559],[-70.3933,-23.5656],[-70.4185,-23.5292],[-70.5121,-23.4823],[-70.5877,-23.3677],[-70.5949,-23.2549],[-70.5697,-23.1733],[-70.5625,-23.057],[-70.4509,-23.0344],[-70.3897,-22.9702],[-70.3321,-22.8487],[-70.2601,-22.5553],[-70.2277,-22.1924],[-70.1845,-21.9754],[-70.1557,-21.8661],[-70.1305,-21.6404],[-70.0873,-21.4928],[-70.0801,-21.3574],[-70.0873,-21.2533],[-70.1953,-20.7255],[-70.1953,-20.5311],[-70.1485,-20.229],[-70.1485,-19.8054],[-70.1557,-19.7065],[-70.1989,-19.6127],[-70.2097,-19.4877],[-70.2745,-19.2673],[-70.3357,-18.8281],[-70.3357,-18.5954],[-70.3609,-18.3975],[-70.4185,-18.3455],[-70.4905,-18.2778],[-70.8181,-18.0521],[-70.9405,-17.9323],[-71.0557,-17.875],[-71.3365,-17.6823],[-71.3653,-17.6198],[-71.3977,-17.4219],[-71.4373,-17.3664],[-71.5309,-17.2952],[-71.7757,-17.1997],[-71.8693,-17.1511],[-71.9665,-17.0643],[-72.1105,-17.0018],[-72.2689,-16.8768],[-72.3625,-16.7744],[-72.4669,-16.7084],[-72.7945,-16.6147],[-72.9565,-16.5209],[-73.2625,-16.389],[-73.3993,-16.3039],[-73.7269,-16.2015],[-73.8241,-16.1529],[-74.1481,-15.9133],[-74.3713,-15.8335],[-74.5549,-15.6998],[-75.1058,-15.4116],[-75.1922,-15.3196],[-75.275,-15.179],[-75.3974,-15.0939],[-75.5342,-14.8995],[-75.7394,-14.7849],[-75.9338,-14.6339],[-76.0058,-14.495],[-76.1354,-14.3197],[-76.175,-14.2259],[-76.2902,-14.1339],[-76.2974,-13.9482],[-76.3766,-13.8631],[-76.319,-13.8214],[-76.2578,-13.8023],[-76.1822,-13.5159],[-76.2254,-13.3718],[-76.427,-13.1097],[-76.5026,-12.9847],[-76.5566,-12.8232],[-76.6358,-12.7278],[-76.7582,-12.5264],[-76.8338,-12.3493],[-76.9958,-12.2191],[-77.039,-12.1722],[-77.0642,-12.1063],[-77.1542,-12.0611],[-77.1578,-11.924],[-77.219,-11.6636],[-77.309,-11.5316],[-77.633,-11.2886],[-77.6402,-11.1931],[-77.6654,-11.0213],[-77.7374,-10.8372],[-78.0938,-10.2609],[-78.1874,-10.089],[-78.2774,-9.8095],[-78.3566,-9.6516],[-78.4466,-9.3703],[-78.5798,-9.1568],[-78.6662,-8.971],[-78.7562,-8.7402],[-78.7634,-8.6169],[-78.9254,-8.4051],[-79.0118,-8.2107],[-79.163,-8.0475],[-79.3142,-7.9225],[-79.379,-7.8357],[-79.5878,-7.4191],[-79.6166,-7.2958],[-79.7606,-7.0666],[-79.9046,-6.9017],[-79.9946,-6.7698],[-80.1098,-6.65],[-80.8118,-6.282],[-81.0602,-6.1292],[-81.143,-6.0563],[-81.179,-5.9417],[-81.1646,-5.8757],[-81.0926,-5.8132],[-80.9918,-5.8601],[-80.9306,-5.841],[-80.8838,-5.7594],[-80.8802,-5.6344],[-80.9414,-5.4747],[-81.1682,-5.1675],[-81.1502,-5.1015],[-81.107,-5.0286],[-81.1934,-4.8793],[-81.2906,-4.7612],[-81.3374,-4.6692],[-81.2834,-4.322],[-81.233,-4.2335],[-80.891,-3.8811],[-80.7974,-3.7318],[-80.6534,-3.638],[-80.5022,-3.4957],[-80.3258,-3.3881],[-80.3042,-3.3742],[-80.1602,-3.3238],[-80.099,-3.2735],[-80.027,-3.2283],[-79.9622,-3.1572],[-79.9226,-3.0895],[-79.8218,-2.777],[-79.7282,-2.5791],[-79.7462,-2.4853],[-79.8218,-2.3569],[-79.8398,-2.1676],[-79.8326,-2.1104],[-79.8434,-2.067],[-79.8938,-2.1451],[-79.8794,-2.4228],[-79.9262,-2.5478],[-79.9874,-2.5791],[-80.0306,-2.5565],[-80.0054,-2.3534],[-80.0522,-2.3916],[-80.1278,-2.5287],[-80.2502,-2.6312],[-80.2538,-2.6641],[-80.2862,-2.7075],[-80.3798,-2.6676],[-80.4518,-2.6259],[-80.6858,-2.3968],[-80.8406,-2.3482],[-80.9306,-2.2683],[-80.9522,-2.2353],[-80.963,-2.1885],[-80.8694,-2.1416],[-80.7686,-2.0774],[-80.7614,-1.935],[-80.7614,-1.8222],[-80.8334,-1.633],[-80.801,-1.383],[-80.819,-1.2858],[-80.9018,-1.0792],[-80.8406,-0.975],[-80.6246,-0.8986],[-80.5526,-0.8483],[-80.5058,-0.6834],[-80.4554,-0.5861],[-80.3582,-0.6243],[-80.2826,-0.6209],[-80.3834,-0.5844],[-80.4698,-0.4368],[-80.4806,-0.3674],[-80.3222,-0.166],[-80.2358,-0.1139],[-80.135,-0.0063],[-80.045,0.1551],[-80.0234,0.4103],[-80.0594,0.5926],[-80.0882,0.7853],[-80.0342,0.8339],[-79.9046,0.8599],[-79.7966,0.9224],[-79.7426,0.9797],[-79.613,0.9711],[-79.4654,1.0596],[-79.2278,1.1047],[-78.9002,1.2054],[-78.8282,1.2957],[-78.8606,1.4554],[-78.8894,1.5248],[-79.0262,1.6238],[-78.9578,1.7523],[-78.7922,1.8495],[-78.5762,1.7731],[-78.551,1.9241],[-78.6302,2.0561],[-78.6158,2.306],[-78.5906,2.3564],[-78.533,2.4241],[-78.461,2.4692],[-78.4178,2.4831],[-78.3422,2.4605],[-78.2954,2.5109],[-78.119,2.4883],[-78.065,2.5092],[-78.029,2.5439],[-77.9858,2.5682],[-77.9318,2.6289],[-77.8994,2.6984],[-77.8742,2.7262],[-77.813,2.7157],[-77.8094,2.747],[-77.777,2.7869],[-77.669,2.8789],[-77.6726,2.9188],[-77.7014,3.0074],[-77.6942,3.0404],[-77.633,3.0508],[-77.5574,3.0768],[-77.5214,3.1602],[-77.471,3.2331],[-77.417,3.3424],[-77.3558,3.3494],[-77.3234,3.4744],[-77.2442,3.5855],[-77.0786,3.9136],[-77.1254,3.9066],[-77.165,3.8615],[-77.2118,3.8667],[-77.2622,3.8927],[-77.2478,4.0403],[-77.2766,4.0577],[-77.3594,3.9448],[-77.4278,4.0611],[-77.435,4.1306],[-77.4062,4.2],[-77.4098,4.2469],[-77.5214,4.2122],[-77.5142,4.2556],[-77.4458,4.3007],[-77.4134,4.3476],[-77.3522,4.3979],[-77.327,4.4743],[-77.3126,4.5941],[-77.2874,4.7226],[-77.3054,4.7851],[-77.3378,4.8389],[-77.3666,5.0767],[-77.3594,5.2156],[-77.3738,5.3232],[-77.4026,5.417],[-77.5358,5.5367],[-77.3234,5.6756],[-77.2478,5.7798],[-77.345,5.995],[-77.471,6.1773],[-77.4746,6.285],[-77.4386,6.2711],[-77.399,6.2745],[-77.3594,6.5037],[-77.3702,6.5749],[-77.4386,6.6912],[-77.525,6.6929],[-77.6006,6.837],[-77.6474,6.87],[-77.6798,6.9603],[-77.8022,7.1373],[-77.8994,7.2293],[-77.9282,7.2571],[-78.1694,7.5436],[-78.3782,7.8994],[-78.4214,8.0609],[-78.3674,8.0713],[-78.317,8.0661],[-78.2882,8.0921],[-78.2558,8.139],[-78.281,8.2484],[-78.1802,8.33],[-78.1406,8.3855],[-78.1154,8.3803],[-78.047,8.2848],[-77.9534,8.231],[-77.8346,8.1512],[-77.759,8.1338],[-77.8526,8.2154],[-78.011,8.3248],[-78.0578,8.3977],[-78.101,8.4966],[-78.1622,8.4532],[-78.191,8.4168],[-78.2234,8.3959],[-78.2522,8.422],[-78.2558,8.4532],[-78.3494,8.4602],[-78.3746,8.4897],[-78.3998,8.5053],[-78.389,8.4428],[-78.371,8.4046],[-78.3782,8.3577],[-78.4106,8.356],[-78.4358,8.4029],[-78.4682,8.4463],[-78.515,8.6286],[-78.6194,8.7136],[-78.6698,8.7414],[-78.7094,8.7536],[-78.7706,8.8108],[-78.8498,8.8421],[-78.9542,8.9324],[-79.0874,8.9966],[-79.2458,9.0209],[-79.4402,9.0053],[-79.5086,8.9706],[-79.5518,8.9237],[-79.5734,8.9029],[-79.6886,8.8508],[-79.7318,8.7761],[-79.757,8.7119],[-79.8146,8.639],[-79.7498,8.5956],[-80.1242,8.3491],[-80.1998,8.3143],[-80.369,8.2883],[-80.4086,8.2623],[-80.459,8.2137],[-80.4662,8.1407],[-80.459,8.0765],[-80.4086,8.0279],[-80.3654,7.9984],[-80.261,7.8508],[-80.0738,7.6668],[-80.0414,7.5991],[-80.0126,7.5002],[-80.0666,7.4533],[-80.1098,7.4342],[-80.2862,7.4255],[-80.3474,7.3856],[-80.3726,7.3248],[-80.4374,7.2745],[-80.6678,7.2259],[-80.8442,7.2207],[-80.9018,7.278],[-80.9162,7.4377],[-81.035,7.712],[-81.0638,7.8994],[-81.0926,7.8769],[-81.1574,7.8543],[-81.179,7.8074],[-81.197,7.6686],[-81.2186,7.6217],[-81.269,7.6252],[-81.3698,7.6755],[-81.503,7.7206],[-81.6758,8.0158],[-81.6938,8.0713],[-81.7262,8.1373],[-81.8594,8.1651],[-81.9746,8.2154],[-82.097,8.2223],[-82.1582,8.1946],[-82.223,8.231],[-82.2338,8.3109],[-82.3634,8.2744],[-82.5326,8.2866],[-82.6802,8.3213],[-82.781,8.3039],[-82.8674,8.2466],[-82.853,8.0991],[-82.8782,8.0713],[-82.9466,8.1824],[-83.0402,8.2883],[-83.123,8.3525],[-83.1302,8.5053],[-83.1626,8.5886],[-83.285,8.665],[-83.393,8.7171],[-83.4686,8.7067],[-83.4218,8.6199],[-83.2994,8.507],[-83.2886,8.4636],[-83.2922,8.4064],[-83.375,8.415],[-83.4506,8.4393],[-83.5442,8.4463],[-83.6054,8.481],[-83.735,8.6147],[-83.6414,8.7293],[-83.6126,8.8039],[-83.6162,8.9601],[-83.6378,9.0348],[-83.7386,9.1511],[-83.897,9.2761],[-84.1166,9.3803],[-84.221,9.4618],[-84.4838,9.5261],[-84.581,9.5677],[-84.6602,9.6459],[-84.671,9.7032],[-84.6422,9.79],[-84.7142,9.8993],[-85,10.0996],[-85,9.9498],[-84.9626,9.934],[-84.9086,9.8854],[-84.887,9.8212],[-85,9.7021],[-85,68.7635]]],[[[-80.7326,52.7474],[-80.801,52.7335],[-81.0098,52.7612],[-81.0962,52.7803],[-81.3518,52.8515],[-81.8378,52.9574],[-82.0034,53.0112],[-82.0394,53.0494],[-81.9494,53.1327],[-81.9026,53.1657],[-81.8486,53.1866],[-81.3338,53.2248],[-81.1358,53.2057],[-80.9018,53.0373],[-80.765,52.9227],[-80.711,52.8324],[-80.711,52.7873],[-80.7326,52.7474]]],[[[-73.6225,67.7846],[-74.1085,67.7829],[-74.3749,67.7898],[-74.4793,67.8054],[-74.5729,67.828],[-74.6773,67.9061],[-74.7457,67.9843],[-74.7493,68.019],[-74.7313,68.0485],[-74.7061,68.0676],[-74.3785,68.0936],[-74.1121,68.0606],[-73.8817,68.0225],[-73.5829,68.0155],[-73.4929,67.9999],[-73.4605,67.9895],[-73.4353,67.9704],[-73.4029,67.8784],[-73.3993,67.8298],[-73.4065,67.7933],[-73.6225,67.7846]]],[[[-77.8778,63.4706],[-77.7914,63.4272],[-77.705,63.4307],[-77.6546,63.396],[-77.5394,63.2866],[-77.5286,63.2693],[-77.5322,63.2328],[-77.5934,63.1877],[-77.6582,63.1651],[-77.7914,63.1304],[-77.9426,63.1148],[-78.0254,63.1391],[-78.2558,63.2398],[-78.4682,63.3578],[-78.5366,63.4238],[-78.5078,63.4516],[-78.4178,63.4706],[-78.2342,63.4897],[-77.9354,63.4793],[-77.8778,63.4706]]],[[[-81.9998,62.9551],[-81.9602,62.9255],[-81.9494,62.8839],[-81.9638,62.8283],[-81.989,62.7762],[-82.025,62.7294],[-82.115,62.653],[-82.3886,62.5193],[-82.4894,62.4464],[-82.5686,62.403],[-83.015,62.2103],[-83.0726,62.1999],[-83.1302,62.2034],[-83.2526,62.2329],[-83.375,62.2381],[-83.699,62.16],[-83.7134,62.1739],[-83.7278,62.2572],[-83.7602,62.3041],[-83.9042,62.403],[-83.9114,62.4256],[-83.9114,62.4534],[-83.9006,62.4759],[-83.7386,62.5697],[-83.375,62.9047],[-83.2886,62.9221],[-83.1122,62.8839],[-83.0258,62.8717],[-82.9646,62.8735],[-82.7054,62.9446],[-82.4606,62.936],[-82.2338,62.9776],[-82.1294,62.9776],[-82.0466,62.9707],[-81.9998,62.9551]]],[[[-79.5446,62.4117],[-79.4654,62.3839],[-79.3358,62.2936],[-79.2854,62.2485],[-79.271,62.186],[-79.307,62.1027],[-79.325,62.0263],[-79.3718,61.9673],[-79.4618,61.8944],[-79.541,61.8076],[-79.613,61.7103],[-79.667,61.6444],[-79.7138,61.6131],[-79.7642,61.5958],[-79.8146,61.594],[-79.8974,61.6305],[-80.0054,61.7034],[-80.0918,61.7468],[-80.2034,61.778],[-80.2646,61.818],[-80.2754,61.8579],[-80.279,61.9898],[-80.2754,62.0541],[-80.261,62.1096],[-80.2358,62.153],[-80.1782,62.212],[-80.0198,62.3422],[-79.9262,62.3926],[-79.8686,62.4047],[-79.7138,62.3943],[-79.649,62.3978],[-79.5986,62.4134],[-79.5446,62.4117]]],[[[-84.9194,65.2605],[-84.8834,65.2483],[-84.8438,65.2553],[-84.7718,65.3056],[-84.6134,65.448],[-84.5666,65.4601],[-84.5018,65.4584],[-84.2678,65.3681],[-84.1814,65.316],[-84.1346,65.2448],[-84.0842,65.2171],[-83.9006,65.1806],[-83.7242,65.1685],[-83.4902,65.132],[-83.4074,65.1042],[-83.2238,64.9688],[-83.2022,64.9601],[-82.9898,64.9046],[-82.6694,64.7796],[-82.5866,64.7622],[-82.2734,64.7206],[-82.1582,64.6911],[-82.0502,64.6442],[-81.9278,64.5591],[-81.7874,64.4255],[-81.6758,64.2119],[-81.6686,64.1703],[-81.6794,64.146],[-81.7226,64.1182],[-81.9026,64.0314],[-81.8882,64.0158],[-81.7154,64.0227],[-81.3374,64.0765],[-81.1034,64.0366],[-81.0242,64.0314],[-81.0062,64.0331],[-80.9198,64.1008],[-80.8298,64.0904],[-80.693,64.0244],[-80.6066,63.9724],[-80.5706,63.9324],[-80.5778,63.9099],[-80.6678,63.9012],[-80.4518,63.863],[-80.261,63.8022],[-80.3006,63.7623],[-80.5058,63.6738],[-80.711,63.5956],[-80.9522,63.4811],[-81.0134,63.462],[-81.0458,63.462],[-81.179,63.4828],[-81.3734,63.5384],[-81.9638,63.6651],[-82.1474,63.6911],[-82.3778,63.7067],[-82.4102,63.7363],[-82.4678,63.9272],[-82.5722,63.9602],[-82.9286,64.0001],[-83.033,64.0227],[-83.0402,64.0609],[-83.015,64.1269],[-83.0654,64.1598],[-83.1842,64.1581],[-83.303,64.1442],[-83.4938,64.0991],[-83.5838,64.0574],[-83.6162,64.014],[-83.6378,63.9185],[-83.663,63.8734],[-83.7278,63.8126],[-84.023,63.6599],[-84.1418,63.613],[-84.2606,63.6008],[-84.3074,63.5852],[-84.3866,63.5297],[-84.5054,63.3908],[-84.5558,63.3509],[-84.6314,63.3092],[-84.797,63.2467],[-84.9626,63.1964],[-85,63.1886],[-85,65.3647],[-84.9194,65.2605]]],[[[-75.6746,68.3228],[-75.1526,68.2342],[-75.1022,68.2013],[-75.077,68.1735],[-75.0626,68.1405],[-75.0626,68.0745],[-75.0734,68.0485],[-75.1238,67.986],[-75.1274,67.9652],[-75.0878,67.7516],[-75.0914,67.6353],[-75.1274,67.5381],[-75.203,67.46],[-75.3146,67.401],[-75.401,67.3662],[-75.779,67.2829],[-76.049,67.2621],[-76.3334,67.2586],[-76.6934,67.236],[-76.859,67.2412],[-76.9454,67.2499],[-77.0066,67.2673],[-77.075,67.3194],[-77.1578,67.4079],[-77.2226,67.5086],[-77.3054,67.6857],[-77.3054,67.7065],[-77.2298,67.8506],[-77.1254,67.9478],[-76.9454,68.0902],[-76.7402,68.2308],[-76.6898,68.2551],[-76.5962,68.2794],[-76.3658,68.3193],[-76.1714,68.3089],[-76.0886,68.3141],[-75.9842,68.3315],[-75.8654,68.3367],[-75.6746,68.3228]]],[[[-79.5374,73.654],[-79.3682,73.6419],[-78.2882,73.6662],[-78.0614,73.6471],[-77.381,73.536],[-77.2082,73.4995],[-77.1182,73.4509],[-77.0426,73.3728],[-77.0066,73.3555],[-76.7582,73.3103],[-76.6574,73.2548],[-76.6214,73.2253],[-76.571,73.1593],[-76.4594,73.1211],[-76.3298,73.1003],[-76.2902,73.0812],[-76.3082,72.9978],[-76.2542,72.9596],[-76.1354,72.9128],[-76.0886,72.8815],[-76.1822,72.8433],[-76.4018,72.8208],[-77.0138,72.8433],[-77.8346,72.8971],[-78.3134,72.8815],[-78.5546,72.8572],[-79.1342,72.7722],[-79.3178,72.7583],[-79.5014,72.7565],[-79.8218,72.826],[-79.937,72.8642],[-79.9766,72.8919],[-80.0522,72.977],[-80.1134,73.0777],[-80.1458,73.161],[-80.1818,73.2253],[-80.2934,73.2461],[-80.6174,73.2704],[-80.7254,73.3051],[-80.7758,73.3346],[-80.8226,73.3815],[-80.8226,73.4284],[-80.7974,73.4718],[-80.7758,73.4822],[-80.7362,73.4839],[-80.8262,73.5343],[-80.8586,73.5915],[-80.8622,73.6714],[-80.8478,73.7217],[-80.8226,73.7443],[-80.7614,73.7582],[-80.621,73.7669],[-80.4122,73.7651],[-80.1206,73.7079],[-79.8902,73.7009],[-79.5374,73.654]]],[[[-85,75.6429],[-84.9878,75.6452],[-84.7502,75.6539],[-84.6062,75.6539],[-84.1274,75.7633],[-84.0158,75.7806],[-83.933,75.8188],[-83.7458,75.8136],[-83.2382,75.7511],[-83.0942,75.7563],[-82.5542,75.8188],[-82.3526,75.8327],[-82.1546,75.831],[-81.647,75.7945],[-81.269,75.7563],[-81.1502,75.7355],[-81.1934,75.6852],[-81.1718,75.6695],[-81.125,75.6574],[-80.999,75.6435],[-80.5274,75.6418],[-80.3222,75.6296],[-80.1566,75.581],[-80.1206,75.5619],[-80.1242,75.5428],[-80.2862,75.4907],[-80.261,75.4786],[-80.099,75.4682],[-79.739,75.4612],[-79.6598,75.4491],[-79.5842,75.3848],[-79.5086,75.2946],[-79.5086,75.2598],[-79.6346,75.1991],[-79.9766,75.1192],[-80.3582,75.0515],[-80.3834,75.0342],[-80.261,75.0029],[-80.135,74.9873],[-80.0378,74.9908],[-79.7318,75.022],[-79.6634,75.0203],[-79.5266,74.989],[-79.4618,74.9595],[-79.4006,74.9179],[-79.5086,74.8797],[-79.9442,74.8328],[-80.2034,74.8953],[-80.2898,74.9074],[-80.3474,74.9022],[-80.315,74.8762],[-80.189,74.8276],[-80.1494,74.7963],[-80.1926,74.7807],[-80.2142,74.7495],[-80.2106,74.7043],[-80.2214,74.6575],[-80.261,74.5845],[-80.279,74.5811],[-81.2258,74.5672],[-81.341,74.5533],[-81.6074,74.503],[-81.809,74.4769],[-81.9386,74.4734],[-82.0682,74.4821],[-82.4138,74.5359],[-82.6442,74.5255],[-82.7342,74.5307],[-82.9322,74.5654],[-82.979,74.5828],[-83.0582,74.6297],[-83.1158,74.6939],[-83.1122,74.7321],[-83.087,74.7877],[-83.1014,74.8172],[-83.159,74.8172],[-83.2202,74.8276],[-83.4074,74.8849],[-83.5226,74.9022],[-83.5442,74.8918],[-83.5082,74.8484],[-83.4866,74.8345],[-83.3642,74.8015],[-83.3426,74.7651],[-83.393,74.6696],[-83.411,74.6557],[-83.5334,74.5863],[-83.6234,74.5654],[-83.8682,74.5637],[-84.2462,74.5151],[-84.4262,74.5082],[-84.6674,74.5203],[-84.8186,74.5411],[-84.9158,74.5672],[-85,74.5987],[-85,75.6429]]],[[[-56.1516,46.7616],[-56.1732,46.7529],[-56.2416,46.7668],[-56.2092,46.7981],[-56.184,46.8068],[-56.1516,46.8102],[-56.1372,46.8015],[-56.1408,46.779],[-56.1516,46.7616]]],[[[-79.3826,51.9523],[-79.4258,51.9453],[-79.5194,51.9523],[-79.5986,51.9783],[-79.6454,52.0096],[-79.3358,52.0981],[-79.271,52.0877],[-79.271,52.0703],[-79.3178,52.0234],[-79.3286,51.9922],[-79.3502,51.9679],[-79.3826,51.9523]]],[[[-78.8282,56.1447],[-78.8786,56.1308],[-78.9146,56.1326],[-78.9074,56.1655],[-78.857,56.2315],[-78.8282,56.2905],[-78.821,56.3391],[-78.7994,56.3825],[-78.7634,56.4207],[-78.7238,56.4398],[-78.6698,56.4381],[-78.6554,56.3166],[-78.6734,56.261],[-78.7094,56.2124],[-78.7598,56.1742],[-78.8282,56.1447]]],[[[-78.9362,56.2662],[-79.019,56.1655],[-79.0838,56.0683],[-79.1738,55.8843],[-79.2278,55.8791],[-79.2746,55.9225],[-79.1414,56.136],[-79.1378,56.1603],[-79.1414,56.1812],[-79.181,56.2124],[-79.2206,56.176],[-79.4078,55.9347],[-79.4546,55.8965],[-79.4942,55.8739],[-79.5266,55.8704],[-79.6058,55.8756],[-79.7642,55.8062],[-79.4978,56.0926],[-79.4942,56.1152],[-79.5446,56.1291],[-79.5662,56.1204],[-79.7822,55.9399],[-79.9046,55.8704],[-79.9874,55.893],[-80.009,55.9104],[-80.0018,55.9329],[-79.7894,56.1135],[-79.595,56.2437],[-79.5158,56.327],[-79.4834,56.4034],[-79.469,56.4607],[-79.469,56.5232],[-79.4582,56.5405],[-79.4474,56.5371],[-79.4366,56.5127],[-79.433,56.4468],[-79.4762,56.3131],[-79.5122,56.2471],[-79.5554,56.1916],[-79.5374,56.1794],[-79.4582,56.2107],[-79.3934,56.2767],[-79.3394,56.3756],[-79.307,56.4624],[-79.271,56.6013],[-79.2602,56.5961],[-79.2458,56.5683],[-79.2098,56.5492],[-79.1558,56.5371],[-79.1234,56.5197],[-79.1018,56.4746],[-79.0766,56.4537],[-78.9938,56.4364],[-78.9614,56.4225],[-78.9398,56.3721],[-78.9434,56.3444],[-78.9326,56.3287],[-78.9074,56.3201],[-78.9362,56.2662]]],[[[-79.8686,56.7749],[-79.8938,56.7575],[-79.9442,56.7766],[-79.9442,56.827],[-79.8974,56.8652],[-79.8614,56.8634],[-79.8254,56.8426],[-79.8362,56.8165],[-79.8686,56.7749]]],[[[-79.7174,57.5162],[-79.7318,57.5075],[-79.775,57.5144],[-79.793,57.4485],[-79.8074,57.4432],[-79.8398,57.4832],[-79.8146,57.5179],[-79.8182,57.5422],[-79.811,57.5596],[-79.7678,57.5995],[-79.7426,57.6082],[-79.7282,57.6047],[-79.7138,57.5543],[-79.7174,57.5162]]],[[[-79.9766,56.2072],[-80.027,56.2003],[-80.0882,56.2142],[-80.0558,56.2871],[-80.0054,56.3183],[-79.8758,56.3478],[-79.8506,56.3669],[-79.811,56.3773],[-79.7498,56.3773],[-79.6814,56.4034],[-79.6058,56.4589],[-79.5806,56.4659],[-79.631,56.386],[-79.6886,56.327],[-79.9766,56.2072]]],[[[-80.2862,59.6237],[-80.3186,59.6202],[-80.3258,59.6323],[-80.3006,59.674],[-80.2574,59.6792],[-80.2106,59.7244],[-80.1674,59.7087],[-80.1818,59.6827],[-80.2394,59.6445],[-80.2862,59.6237]]],[[[-79.937,53.3046],[-79.9406,53.2751],[-80.0054,53.2803],[-80.0378,53.2977],[-80.0666,53.3237],[-80.0738,53.3445],[-80.0486,53.3636],[-79.973,53.3515],[-79.937,53.3046]]],[[[-80.063,59.7712],[-80.1674,59.7643],[-80.1206,59.8233],[-80.0846,59.8511],[-80.0414,59.8702],[-79.955,59.8771],[-79.8974,59.8528],[-79.9514,59.8094],[-80.063,59.7712]]],[[[-79.5194,56.6568],[-79.5518,56.6447],[-79.577,56.6447],[-79.5518,56.7332],[-79.5806,56.7645],[-79.5842,56.7801],[-79.5698,56.7957],[-79.5518,56.7992],[-79.5122,56.7714],[-79.4906,56.7419],[-79.4834,56.7141],[-79.4834,56.6863],[-79.4978,56.6673],[-79.5194,56.6568]]],[[[-74.0005,62.6183],[-74.0545,62.6096],[-74.2525,62.6217],[-74.5009,62.6686],[-74.6269,62.712],[-74.6197,62.7259],[-74.5657,62.7328],[-74.5009,62.7259],[-74.3965,62.6964],[-74.1085,62.6808],[-74.0185,62.6634],[-73.9897,62.6356],[-74.0005,62.6183]]],[[[-74.8825,68.3488],[-74.9581,68.3419],[-75.0734,68.4044],[-75.311,68.4738],[-75.401,68.5259],[-75.4046,68.5502],[-75.3974,68.5884],[-75.3686,68.6353],[-75.2858,68.6873],[-75.1994,68.696],[-75.0734,68.6839],[-74.9833,68.6474],[-74.8861,68.545],[-74.8177,68.4946],[-74.7997,68.4582],[-74.8321,68.4408],[-74.8285,68.4235],[-74.8141,68.4131],[-74.8177,68.394],[-74.8465,68.3662],[-74.8825,68.3488]]],[[[-78.533,60.7278],[-78.6698,60.7173],[-78.6698,60.7312],[-78.6122,60.7729],[-78.3998,60.8076],[-78.2414,60.818],[-78.2774,60.7833],[-78.371,60.7555],[-78.533,60.7278]]],[[[-78.983,68.1926],[-79.0658,68.1822],[-79.1738,68.2342],[-79.1738,68.2638],[-79.1522,68.3349],[-78.9542,68.3523],[-78.8678,68.3106],[-78.8282,68.269],[-78.983,68.1926]]],[[[-76.679,63.3943],[-76.7834,63.3838],[-76.9202,63.4064],[-77.057,63.4498],[-77.363,63.5887],[-77.1326,63.6824],[-76.7654,63.5731],[-76.6538,63.5036],[-76.679,63.3943]]],[[[-64.824,62.5592],[-64.6332,62.5488],[-64.5144,62.5523],[-64.464,62.5367],[-64.4172,62.4881],[-64.4784,62.4186],[-64.5468,62.3909],[-64.6584,62.3839],[-64.8384,62.4065],[-64.8996,62.4204],[-64.9572,62.4586],[-64.932,62.4846],[-64.842,62.4933],[-64.8276,62.5054],[-64.8492,62.5263],[-64.8492,62.5436],[-64.824,62.5592]]],[[[-62.682,67.0555],[-62.8044,67.0295],[-62.8728,67.0624],[-62.826,67.0729],[-62.7576,67.1128],[-62.664,67.1475],[-62.6244,67.177],[-62.4696,67.1909],[-62.4156,67.1892],[-62.3976,67.1788],[-62.484,67.1336],[-62.682,67.0555]]],[[[-68.2333,60.2417],[-68.3233,60.233],[-68.3665,60.2538],[-68.3665,60.3146],[-68.3377,60.3597],[-68.2333,60.4552],[-68.1433,60.5628],[-68.0893,60.5871],[-67.9777,60.5698],[-67.9129,60.5403],[-67.8481,60.4882],[-67.8193,60.45],[-67.8445,60.391],[-67.9237,60.3406],[-68.0137,60.3042],[-68.2333,60.2417]]],[[[-70.3357,62.5488],[-70.4077,62.5454],[-70.5409,62.5523],[-70.6849,62.5731],[-70.7677,62.5974],[-70.8361,62.6478],[-70.8505,62.7051],[-70.9873,62.7884],[-71.1385,62.8162],[-71.2213,62.8735],[-71.1349,62.8787],[-71.0125,62.8648],[-70.8361,62.8405],[-70.6741,62.8075],[-70.4437,62.7346],[-70.3681,62.6651],[-70.2925,62.6165],[-70.2673,62.5783],[-70.2889,62.561],[-70.3357,62.5488]]],[[[-64.8312,61.3666],[-64.8564,61.3545],[-64.878,61.3579],[-64.9536,61.41],[-65.0545,61.4326],[-65.0905,61.4534],[-65.3929,61.5628],[-65.4253,61.6114],[-65.4325,61.6496],[-65.3317,61.6687],[-65.1301,61.686],[-64.9536,61.6843],[-64.788,61.6617],[-64.7556,61.6374],[-64.6692,61.5923],[-64.6908,61.5402],[-64.698,61.4708],[-64.734,61.4378],[-64.788,61.4135],[-64.8312,61.3666]]],[[[-67.9165,69.5415],[-67.9417,69.5345],[-68.2009,69.5796],[-68.2225,69.6161],[-68.0929,69.6578],[-67.9885,69.6786],[-67.9093,69.6821],[-67.8301,69.6751],[-67.7545,69.6317],[-67.8445,69.5918],[-67.9165,69.5415]]],[[[-79.4294,69.788],[-79.3898,69.7307],[-79.3646,69.7116],[-79.4042,69.6855],[-79.5518,69.6317],[-79.883,69.6092],[-80.0486,69.6335],[-79.9694,69.5571],[-79.955,69.5241],[-79.9766,69.5102],[-80.0486,69.5137],[-80.1602,69.5362],[-80.2286,69.5623],[-80.243,69.5935],[-80.2682,69.6005],[-80.3006,69.5831],[-80.3294,69.5866],[-80.3978,69.6335],[-80.4482,69.6491],[-80.7794,69.6769],[-80.7938,69.689],[-80.7758,69.7098],[-80.7254,69.7411],[-80.6534,69.7498],[-80.4662,69.7376],[-80.4518,69.7446],[-80.4374,69.7828],[-80.423,69.7984],[-80.2934,69.7932],[-80.2142,69.8019],[-80.1674,69.7828],[-80.1242,69.7376],[-80.063,69.7463],[-79.9694,69.7394],[-79.8686,69.755],[-79.7138,69.7949],[-79.595,69.8105],[-79.4294,69.788]]],[[[-78.029,69.7151],[-77.9786,69.6647],[-77.9678,69.6387],[-78.0398,69.6092],[-78.3062,69.5519],[-78.4718,69.5033],[-78.551,69.4911],[-78.6626,69.5033],[-78.7958,69.479],[-78.8498,69.4824],[-78.7886,69.5224],[-78.5798,69.6387],[-78.4034,69.6508],[-78.3458,69.6751],[-78.2954,69.6664],[-78.2666,69.6873],[-78.263,69.7168],[-78.2018,69.7394],[-78.1442,69.7394],[-78.029,69.7151]]],[[[-77.6438,63.9915],[-77.7158,63.9463],[-77.9282,63.9619],[-77.957,63.9758],[-77.9642,63.9932],[-77.9318,64.014],[-77.7122,64.0349],[-77.6186,64.0366],[-77.5682,64.0296],[-77.5646,64.0227],[-77.6438,63.9915]]],[[[-83.123,66.283],[-83.0222,66.2708],[-82.9466,66.2726],[-82.9322,66.2569],[-83.0114,66.2083],[-83.0582,66.1996],[-83.1482,66.2344],[-83.213,66.2778],[-83.231,66.3038],[-83.2382,66.3316],[-83.2238,66.3368],[-83.123,66.283]]],[[[-79.2098,68.8453],[-79.2782,68.8384],[-79.361,68.8575],[-79.3898,68.8905],[-79.4042,68.9234],[-79.3898,68.9408],[-79.3538,68.9564],[-79.307,68.9929],[-79.2422,69.0484],[-79.145,69.0866],[-78.929,69.1231],[-78.9002,69.1352],[-78.803,69.2359],[-78.7706,69.2515],[-78.6626,69.262],[-78.6518,69.2758],[-78.6878,69.3001],[-78.6878,69.3245],[-78.6518,69.3505],[-78.5978,69.3713],[-78.4574,69.3887],[-78.3314,69.3852],[-78.299,69.3783],[-78.2738,69.3609],[-78.2342,69.314],[-78.2306,69.3036],[-78.2882,69.262],[-78.4394,69.1995],[-78.533,69.1456],[-78.551,69.1283],[-78.5618,69.1057],[-78.5942,69.0797],[-78.7058,69.0137],[-78.7778,68.9512],[-78.8534,68.9165],[-79.055,68.8835],[-79.2098,68.8453]]],[[[-76.9958,69.1439],[-77.1218,69.1318],[-77.2154,69.1387],[-77.2766,69.1613],[-77.3234,69.1943],[-77.381,69.2741],[-77.3594,69.3123],[-77.3522,69.3783],[-77.3414,69.4043],[-77.3198,69.4165],[-77.1866,69.4408],[-77.111,69.4373],[-76.9958,69.4113],[-76.7474,69.4043],[-76.6826,69.38],[-76.6682,69.3661],[-76.6718,69.3488],[-76.6862,69.3279],[-76.8086,69.2672],[-76.8698,69.2255],[-76.913,69.1752],[-76.9958,69.1439]]],[[[-65.0293,61.8787],[-65.0077,61.8701],[-64.9824,61.8805],[-64.9608,61.8718],[-64.9464,61.844],[-64.9248,61.8232],[-64.8636,61.7989],[-64.8456,61.7798],[-64.8456,61.7607],[-64.896,61.7329],[-64.9284,61.7329],[-65.1661,61.7971],[-65.2309,61.8648],[-65.2345,61.8978],[-65.2093,61.9291],[-65.1733,61.943],[-65.1265,61.943],[-65.0689,61.9256],[-65.0293,61.8787]]],[[[-83.7242,65.7969],[-83.5982,65.757],[-83.4686,65.7344],[-83.2634,65.724],[-83.2346,65.7153],[-83.2346,65.6962],[-83.2634,65.6684],[-83.3318,65.6302],[-83.3822,65.6302],[-83.4938,65.6563],[-83.537,65.6684],[-83.5838,65.6979],[-83.6054,65.7014],[-83.6378,65.691],[-83.645,65.6788],[-83.6306,65.6615],[-83.6486,65.658],[-83.789,65.6684],[-83.8106,65.6788],[-83.7998,65.7101],[-83.7026,65.757],[-83.7854,65.7709],[-83.8142,65.7882],[-83.9402,65.7587],[-84.0086,65.7518],[-84.1166,65.7726],[-84.131,65.8768],[-84.1418,65.9167],[-84.1922,65.9427],[-84.2246,65.9705],[-84.2714,65.9913],[-84.3686,66.0122],[-84.4514,66.0642],[-84.4658,66.0885],[-84.455,66.1059],[-84.4082,66.1302],[-84.1238,66.0781],[-83.951,66.0278],[-83.7854,65.9653],[-83.7026,65.9202],[-83.6954,65.8906],[-83.7134,65.8611],[-83.7638,65.8316],[-83.7242,65.7969]]],[[[-84.6746,65.5747],[-84.7286,65.5643],[-84.7826,65.5695],[-84.8294,65.599],[-84.869,65.6511],[-84.9302,65.6893],[-85,65.7134],[-85,66.0203],[-84.9374,66.0087],[-84.9194,65.9965],[-84.8906,65.9722],[-84.869,65.941],[-84.7574,65.8594],[-84.6926,65.7934],[-84.6026,65.658],[-84.6026,65.632],[-84.6278,65.6042],[-84.6746,65.5747]]],[[[-55.4604,51.5374],[-55.5324,51.4367],[-55.5828,51.3881],[-55.6296,51.3724],[-55.7304,51.3586],[-55.9428,51.3429],[-56.0328,51.329],[-56.0436,51.2613],[-56.0292,51.2266],[-56.0004,51.1988],[-55.9608,51.1919],[-55.8744,51.2075],[-55.842,51.2058],[-55.8168,51.1919],[-55.7952,51.1659],[-55.7844,51.1311],[-55.7844,51.0877],[-55.7988,51.0339],[-55.8708,50.9072],[-55.9608,50.8378],[-56.0796,50.7805],[-56.1048,50.7596],[-56.1228,50.7336],[-56.1372,50.6503],[-56.1948,50.5843],[-56.382,50.4176],[-56.454,50.3794],[-56.454,50.3499],[-56.4828,50.2701],[-56.5404,50.2076],[-56.6952,50.06],[-56.7312,50.0079],[-56.7492,49.9663],[-56.7456,49.909],[-56.7528,49.883],[-56.7888,49.8343],[-56.8392,49.7875],[-56.85,49.7649],[-56.8284,49.725],[-56.8104,49.7111],[-56.8068,49.6729],[-56.8212,49.6139],[-56.7564,49.6521],[-56.6124,49.7875],[-56.5008,49.8691],[-56.4288,49.8968],[-56.3748,49.9333],[-56.3208,50.0132],[-56.2488,50.0895],[-56.1804,50.1156],[-56.148,50.1],[-56.1228,50.0635],[-56.1264,50.0149],[-56.1624,49.9576],[-56.1624,49.9402],[-56.076,49.9819],[-55.9284,50.0184],[-55.8744,50.0132],[-55.7664,49.9611],[-55.6728,49.9663],[-55.5288,49.9975],[-55.5036,49.9836],[-55.5288,49.9368],[-55.5828,49.8916],[-55.716,49.8291],[-56.04,49.7041],[-56.1408,49.6191],[-56.1228,49.6225],[-56.0508,49.659],[-55.9788,49.6781],[-55.9032,49.6816],[-55.8708,49.6694],[-55.8816,49.6451],[-55.8924,49.5809],[-56.0868,49.4524],[-56.04,49.4576],[-55.8168,49.5149],[-55.6764,49.4351],[-55.4892,49.4628],[-55.3776,49.4906],[-55.3776,49.4733],[-55.356,49.4385],[-55.356,49.3812],[-55.3452,49.3726],[-55.2912,49.3917],[-55.2804,49.4125],[-55.284,49.5132],[-55.266,49.5236],[-55.23,49.508],[-55.2084,49.4819],[-55.2012,49.409],[-55.2264,49.3344],[-55.2588,49.2667],[-55.3416,49.1677],[-55.3308,49.1261],[-55.3524,49.0792],[-55.3344,49.0774],[-55.2516,49.1208],[-55.248,49.1382],[-55.2552,49.1799],[-55.2444,49.199],[-55.176,49.2441],[-55.0644,49.2979],[-55.0248,49.3049],[-55.0104,49.2927],[-55.0176,49.2597],[-54.9815,49.2684],[-54.9095,49.317],[-54.8447,49.3448],[-54.7835,49.3552],[-54.7187,49.3882],[-54.6503,49.4437],[-54.5783,49.4906],[-54.5027,49.5271],[-54.4703,49.5305],[-54.4811,49.4698],[-54.4667,49.4003],[-54.4631,49.3413],[-54.4487,49.3292],[-54.3875,49.3917],[-54.3551,49.4142],[-54.3155,49.4246],[-54.2723,49.4194],[-53.9591,49.442],[-53.8619,49.4264],[-53.7539,49.3847],[-53.6207,49.3222],[-53.5703,49.2649],[-53.5595,49.192],[-53.5739,49.1417],[-53.6711,49.0774],[-53.7575,49.0358],[-53.8079,48.9941],[-53.8259,48.9507],[-53.8439,48.9247],[-53.9015,48.89],[-54.1607,48.7875],[-54.0995,48.7841],[-53.9519,48.8066],[-53.8511,48.8118],[-53.8475,48.7962],[-53.8871,48.7684],[-53.9627,48.7389],[-53.9699,48.725],[-53.9663,48.7059],[-53.8871,48.6851],[-53.7827,48.6955],[-53.6963,48.6799],[-53.7071,48.6556],[-53.7755,48.5757],[-53.7935,48.5271],[-53.8871,48.4837],[-54.0671,48.4195],[-54.1139,48.3935],[-54.1031,48.3883],[-53.9375,48.4369],[-53.8511,48.449],[-53.8007,48.449],[-53.7395,48.4959],[-53.6459,48.5115],[-53.5523,48.482],[-53.4119,48.5619],[-53.3615,48.5723],[-53.2751,48.5636],[-53.2211,48.5775],[-53.1275,48.633],[-53.0555,48.6591],[-53.0411,48.6573],[-53.0267,48.6348],[-53.0195,48.5723],[-53.0375,48.5167],[-53.0591,48.4803],[-53.1347,48.4021],[-53.1815,48.3744],[-53.2247,48.3639],[-53.3003,48.3674],[-53.3327,48.3553],[-53.4047,48.2945],[-53.5307,48.232],[-53.6099,48.2077],[-53.5595,48.173],[-53.5415,48.1088],[-53.5703,48.0879],[-53.7035,48.0671],[-53.7107,48.0567],[-53.7575,48.0428],[-53.8691,48.0202],[-53.7935,48.0098],[-53.6531,48.0254],[-53.6387,48.015],[-53.6567,47.9681],[-53.6963,47.9213],[-53.8619,47.7997],[-53.8619,47.7876],[-53.8367,47.7268],[-53.8043,47.6817],[-53.7647,47.6504],[-53.6711,47.6487],[-53.6027,47.6626],[-53.5055,47.7442],[-53.2823,47.9977],[-53.0843,48.0688],[-52.9223,48.1469],[-52.8827,48.1313],[-52.8647,48.1122],[-52.8719,48.0931],[-52.9547,48.0289],[-52.9979,47.9751],[-53.1095,47.8119],[-53.1527,47.7338],[-53.1743,47.6522],[-53.1707,47.5116],[-53.1563,47.4873],[-53.1239,47.4543],[-53.0555,47.4838],[-52.9439,47.5532],[-52.8719,47.6192],[-52.8179,47.7286],[-52.7819,47.7702],[-52.7459,47.7685],[-52.7099,47.7459],[-52.7027,47.6938],[-52.6739,47.6209],[-52.6523,47.5498],[-52.6667,47.4699],[-52.6847,47.4265],[-52.9115,47.1036],[-52.8899,47.0463],[-52.8827,47.0116],[-52.8899,46.9734],[-52.9619,46.8189],[-53.0303,46.7234],[-53.0699,46.6818],[-53.1131,46.6557],[-53.1671,46.647],[-53.2139,46.6609],[-53.2535,46.6974],[-53.2895,46.7165],[-53.3219,46.7182],[-53.3831,46.7113],[-53.5343,46.6332],[-53.5667,46.6279],[-53.5883,46.6384],[-53.6171,46.68],[-53.5955,46.8883],[-53.5811,46.9578],[-53.6135,47.0099],[-53.5811,47.1001],[-53.5775,47.1331],[-53.5991,47.1453],[-53.6351,47.1383],[-53.6963,47.0932],[-53.7755,47.0116],[-53.8583,46.9387],[-54.0095,46.8397],[-54.0743,46.8206],[-54.1031,46.8241],[-54.1319,46.838],[-54.1751,46.8797],[-54.1715,46.9179],[-54.1535,46.9682],[-54.0923,47.0862],[-53.9699,47.2616],[-53.8691,47.3866],[-53.8511,47.4404],[-53.8763,47.463],[-53.9015,47.5098],[-53.9411,47.6452],[-53.9879,47.7563],[-54.0455,47.805],[-54.1931,47.8605],[-54.2183,47.8466],[-54.2327,47.772],[-54.4055,47.5567],[-54.4343,47.463],[-54.4559,47.4282],[-54.4883,47.4039],[-54.5639,47.3744],[-54.5423,47.4248],[-54.4631,47.5359],[-54.4739,47.5463],[-54.5747,47.4578],[-54.6503,47.4074],[-54.7439,47.3953],[-54.8015,47.3987],[-54.8555,47.3848],[-55.0896,47.1748],[-55.1004,47.1036],[-55.14,47.0463],[-55.2552,46.9422],[-55.3164,46.9057],[-55.4028,46.8988],[-55.4784,46.9179],[-55.5324,46.9144],[-55.6512,46.8814],[-55.788,46.8675],[-55.8456,46.8745],[-55.8816,46.8866],[-55.95,46.9283],[-55.9572,46.956],[-55.9536,46.9734],[-55.9176,47.0168],[-55.8384,47.0724],[-55.7736,47.0915],[-55.6116,47.1192],[-55.4928,47.1609],[-55.4028,47.2217],[-55.3596,47.2581],[-55.1904,47.4491],[-54.9743,47.5168],[-54.8699,47.5706],[-54.7943,47.64],[-54.7835,47.6643],[-54.8915,47.6296],[-54.9455,47.6209],[-55.0356,47.6331],[-55.0752,47.6574],[-55.1976,47.6504],[-55.3668,47.6609],[-55.392,47.6435],[-55.4136,47.5498],[-55.4352,47.5012],[-55.4604,47.4855],[-55.5,47.4751],[-55.5756,47.4647],[-55.7736,47.4977],[-55.8132,47.5168],[-55.8636,47.5307],[-56.0796,47.4994],[-56.1264,47.5029],[-56.0832,47.5237],[-55.8672,47.5932],[-55.8456,47.7876],[-55.8564,47.8188],[-55.9176,47.7911],[-56.0184,47.7633],[-56.0904,47.772],[-56.1228,47.7893],[-56.1516,47.7737],[-56.22,47.6713],[-56.2632,47.6591],[-56.3244,47.6539],[-56.4612,47.6175],[-56.724,47.5914],[-56.7744,47.5654],[-56.9508,47.5741],[-57.4728,47.6314],[-57.66,47.6261],[-57.8832,47.6609],[-57.9264,47.6748],[-58.2396,47.6695],[-58.3332,47.6765],[-58.326,47.7199],[-58.3368,47.7303],[-58.4268,47.6834],[-58.5096,47.6522],[-58.614,47.6261],[-58.9416,47.581],[-59.118,47.5706],[-59.2188,47.6018],[-59.2584,47.6348],[-59.3196,47.7373],[-59.3628,47.8657],[-59.3628,47.8883],[-59.3412,47.9334],[-59.2728,47.9959],[-58.9596,48.1591],[-58.7112,48.3258],[-58.6032,48.4108],[-58.5024,48.4421],[-58.3368,48.5132],[-58.3296,48.5219],[-58.4916,48.5132],[-58.6068,48.5323],[-58.722,48.541],[-58.9452,48.5219],[-59.1684,48.5219],[-59.1684,48.5584],[-59.064,48.6278],[-58.8408,48.7459],[-58.8192,48.7476],[-58.8876,48.6921],[-58.9056,48.6504],[-58.8768,48.6226],[-58.8444,48.6053],[-58.7148,48.5983],[-58.686,48.6226],[-58.6428,48.7493],[-58.5456,48.8969],[-58.4952,49.0028],[-58.4052,49.0844],[-58.3584,49.0965],[-58.3188,49.0809],[-58.1856,49.0618],[-58.0488,48.9872],[-58.0056,48.982],[-57.9912,48.9872],[-58.0416,49.0097],[-58.0812,49.0445],[-58.0992,49.0774],[-58.0488,49.1799],[-57.9912,49.2094],[-57.9804,49.2302],[-58.0956,49.2302],[-58.1892,49.258],[-58.218,49.3049],[-58.2144,49.3865],[-58.182,49.4351],[-58.1064,49.4993],[-58.0164,49.5427],[-57.9624,49.5323],[-57.8544,49.4733],[-57.7896,49.4906],[-57.8004,49.508],[-57.8976,49.6],[-57.93,49.6677],[-57.9264,49.7007],[-57.714,50.0253],[-57.6096,50.1989],[-57.4656,50.4645],[-57.4332,50.5062],[-57.3612,50.5843],[-57.3288,50.6051],[-57.2388,50.6051],[-57.1812,50.6155],[-57.264,50.6485],[-57.2928,50.6728],[-57.2964,50.6989],[-57.2748,50.7249],[-57.2424,50.7457],[-57.1308,50.7874],[-57.0516,50.8568],[-57.0048,50.9402],[-57.012,50.968],[-57.0372,50.9957],[-57.0372,51.0114],[-56.976,51.0287],[-56.8248,51.1259],[-56.8068,51.145],[-56.7492,51.2752],[-56.6808,51.3325],[-56.6196,51.362],[-56.5188,51.3985],[-56.2092,51.4888],[-56.0256,51.5686],[-55.9032,51.5634],[-55.8672,51.5078],[-55.6908,51.4714],[-55.6584,51.5113],[-55.7016,51.5599],[-55.6656,51.579],[-55.5216,51.5964],[-55.4964,51.5894],[-55.4532,51.5617],[-55.4604,51.5374]]],[[[-55.536,50.7197],[-55.5684,50.7093],[-55.6008,50.7093],[-55.6296,50.7214],[-55.6332,50.7405],[-55.6044,50.7805],[-55.5288,50.8013],[-55.4676,50.7961],[-55.4712,50.7753],[-55.5036,50.7423],[-55.536,50.7197]]],[[[-54.5531,49.5896],[-54.7079,49.5305],[-54.7439,49.508],[-54.7871,49.4958],[-54.8195,49.5149],[-54.8627,49.5757],[-54.8555,49.5965],[-54.8123,49.6],[-54.7871,49.5913],[-54.7835,49.5722],[-54.7655,49.5618],[-54.7331,49.5618],[-54.6179,49.6225],[-54.5603,49.6312],[-54.5387,49.6208],[-54.5531,49.5896]]],[[[-55.3596,51.8898],[-55.41,51.888],[-55.4208,51.9002],[-55.3992,51.9384],[-55.3452,51.9835],[-55.2732,51.9957],[-55.2948,51.9297],[-55.3596,51.8898]]],[[[-54.0923,49.7441],[-54.0203,49.6798],[-53.9807,49.6625],[-54.2399,49.5913],[-54.2687,49.5878],[-54.2867,49.5948],[-54.2903,49.6607],[-54.2759,49.7111],[-54.2579,49.7198],[-54.2003,49.6885],[-54.1391,49.751],[-54.0923,49.7441]]],[[[-56.2668,46.838],[-56.3532,46.7946],[-56.3856,46.8189],[-56.3784,46.8484],[-56.3316,46.9161],[-56.3352,46.9352],[-56.3856,47.0672],[-56.3784,47.0897],[-56.364,47.0984],[-56.2884,47.0706],[-56.2776,47.0342],[-56.3136,46.9543],[-56.2884,46.9005],[-56.256,46.8606],[-56.2668,46.838]]],[[[-54.2255,47.4421],[-54.2759,47.4074],[-54.3263,47.4074],[-54.3191,47.4387],[-54.2579,47.4977],[-54.2291,47.5393],[-54.2255,47.5654],[-54.2147,47.5845],[-54.1679,47.607],[-54.1283,47.647],[-54.1463,47.5723],[-54.2255,47.4421]]],[[[-60.9936,56.0388],[-60.9828,56.0145],[-61.1376,56.0319],[-61.1916,56.0475],[-61.1952,56.0631],[-61.188,56.0892],[-61.1592,56.1187],[-61.0872,56.1412],[-61.0476,56.1291],[-60.9648,56.0996],[-60.954,56.0805],[-60.9936,56.0388]]],[[[-61.7424,57.5543],[-61.6596,57.5248],[-61.638,57.4155],[-61.7964,57.4224],[-61.9764,57.4953],[-62.0124,57.5491],[-62.0088,57.5578],[-61.9836,57.5665],[-61.9368,57.5543],[-61.8936,57.5734],[-61.8468,57.5787],[-61.7424,57.5543]]],[[[-69.1585,59.0404],[-69.2197,58.9675],[-69.3025,58.9761],[-69.3313,58.9622],[-69.3529,58.9605],[-69.3169,59.0282],[-69.3133,59.0751],[-69.3313,59.122],[-69.3025,59.1445],[-69.1945,59.1463],[-69.1945,59.0924],[-69.1801,59.0734],[-69.1549,59.0629],[-69.1585,59.0404]]],[[[22.1744,60.3701],[22.3004,60.3476],[22.3544,60.3563],[22.4156,60.3042],[22.3112,60.2695],[22.304,60.2278],[22.3472,60.2035],[22.3616,60.1653],[22.2572,60.1653],[22.2104,60.1965],[22.1888,60.2365],[22.142,60.2643],[22.0772,60.2868],[22.1096,60.3146],[22.1276,60.3563],[22.1744,60.3701]]],[[[21.4508,60.5299],[21.4364,60.483],[21.368,60.4882],[21.2996,60.4795],[21.2456,60.5264],[21.2132,60.6045],[21.224,60.6201],[21.2672,60.6375],[21.2996,60.5958],[21.4508,60.5299]]],[[[21.8324,60.141],[21.7316,60.1063],[21.6956,60.115],[21.7064,60.1722],[21.764,60.1983],[21.8648,60.2018],[21.8324,60.141]]],[[[-64.4064,60.3667],[-64.4424,60.2972],[-64.5576,60.3233],[-64.7376,60.3754],[-64.8096,60.4101],[-64.8348,60.4483],[-64.8348,60.5003],[-64.7808,60.509],[-64.6476,60.5142],[-64.5324,60.4413],[-64.5,60.4309],[-64.4064,60.3667]]],[[[126.1723,34.7311],[126.1579,34.7068],[126.1147,34.7138],[126.0715,34.7832],[126.0535,34.837],[126.0067,34.8683],[126.0787,34.9151],[126.1687,34.8301],[126.1723,34.7311]]],[[[72.4921,-7.3774],[72.4705,-7.4173],[72.4273,-7.4347],[72.4093,-7.334],[72.3481,-7.2628],[72.3733,-7.2628],[72.4273,-7.2993],[72.4489,-7.3965],[72.4669,-7.367],[72.4633,-7.3375],[72.4741,-7.3097],[72.4669,-7.2784],[72.4345,-7.2298],[72.4453,-7.2211],[72.4921,-7.2611],[72.4993,-7.2941],[72.4921,-7.3774]]],[[[20.612,60.0403],[20.6048,60.0177],[20.522,60.0125],[20.486,60.0334],[20.4104,60.0299],[20.3996,60.0403],[20.4284,60.0611],[20.4896,60.075],[20.5688,60.0698],[20.612,60.0403]]],[[[21.6272,60.108],[21.5408,60.0976],[21.4868,60.1271],[21.5084,60.1479],[21.5696,60.1722],[21.6344,60.1688],[21.6488,60.141],[21.6272,60.108]]],[[[24.8492,64.9914],[24.698,64.9584],[24.5792,64.9792],[24.5756,65.0435],[24.6512,65.0747],[24.7844,65.0869],[24.9716,65.0556],[24.9968,65.0383],[24.8924,65.0261],[24.8492,64.9914]]],[[[29.9577,69.7966],[29.7669,69.7671],[29.7453,69.7914],[29.7849,69.8296],[29.8353,69.906],[29.9145,69.9025],[29.9937,69.873],[30.0549,69.8383],[29.9577,69.7966]]],[[[4.959,61.0854],[4.869,61.0715],[4.8006,61.0819],[4.8258,61.1774],[4.8618,61.193],[4.9158,61.2],[4.9734,61.1479],[4.959,61.0854]]],[[[8.1019,63.337],[8.0047,63.337],[7.8895,63.3526],[7.8139,63.3856],[7.8031,63.4134],[7.9399,63.4498],[8.0731,63.4706],[8.1379,63.4307],[8.1415,63.3665],[8.1019,63.337]]],[[[8.4691,63.6668],[8.3575,63.6651],[8.2855,63.6876],[8.4511,63.731],[8.7103,63.7744],[8.7319,63.8005],[8.7643,63.804],[8.8075,63.771],[8.8147,63.7258],[8.7859,63.7033],[8.4691,63.6668]]],[[[12.5083,65.9028],[12.4291,65.8993],[12.4291,65.9392],[12.4759,65.9774],[12.5479,66.0017],[12.6415,66.0087],[12.7459,66.0122],[12.7783,65.9913],[12.7171,65.9636],[12.5083,65.9028]]],[[[12.4183,66.0434],[12.3283,66.0365],[12.3427,66.0816],[12.4183,66.1233],[12.4471,66.151],[12.4615,66.1858],[12.5263,66.2101],[12.6199,66.1771],[12.6235,66.1233],[12.5767,66.0712],[12.4183,66.0434]]],[[[19.766,70.2168],[19.82,70.2046],[19.8704,70.2116],[19.91,70.2011],[19.9928,70.1491],[20.0828,70.1282],[20.09,70.1022],[20.0072,70.0761],[19.8956,70.0692],[19.7804,70.0779],[19.748,70.1109],[19.712,70.1647],[19.6148,70.2185],[19.6004,70.2654],[19.6832,70.274],[19.766,70.2168]]],[[[23.4416,70.8157],[23.42,70.7844],[23.3876,70.7532],[23.3048,70.7219],[23.0672,70.5935],[22.9304,70.5744],[22.8836,70.5535],[22.8296,70.5414],[22.6568,70.5588],[22.6064,70.5327],[22.556,70.5154],[22.4336,70.5084],[22.358,70.5154],[22.1672,70.5622],[22.0556,70.6126],[21.9944,70.6577],[22.1708,70.656],[22.232,70.6664],[22.3508,70.6577],[22.4192,70.7028],[22.5704,70.6976],[22.8584,70.7289],[22.9628,70.7115],[23.204,70.8157],[23.2796,70.8122],[23.3948,70.8417],[23.4416,70.8157]]],[[[20.7776,70.09],[20.7236,70.0657],[20.6408,70.057],[20.5976,70.0709],[20.5364,70.0814],[20.4644,70.0761],[20.4068,70.1195],[20.4104,70.1543],[20.4932,70.2029],[20.6552,70.2306],[20.7848,70.2202],[20.8208,70.2046],[20.7776,70.09]]],[[[25.5873,71.142],[25.8537,71.1039],[25.9437,71.1039],[26.0769,71.0327],[26.1453,71.0396],[26.1345,70.9962],[26.0013,70.9754],[25.7925,70.9632],[25.7601,70.9546],[25.5837,70.9615],[25.4829,71.0188],[25.3137,71.0344],[25.3137,71.0535],[25.4217,71.0969],[25.5873,71.142]]],[[[23.6144,70.5501],[23.6324,70.5032],[23.6396,70.4633],[23.546,70.4077],[23.3336,70.3348],[23.3444,70.3157],[23.2724,70.2966],[23.1608,70.2827],[23.0996,70.2966],[23.1068,70.3591],[23.0888,70.3782],[23.006,70.3522],[22.9196,70.3852],[22.916,70.4164],[22.9412,70.4442],[23.024,70.4876],[23.1572,70.5154],[23.2472,70.5049],[23.546,70.6178],[23.5784,70.5935],[23.6144,70.5501]]],[[[24.0176,70.5674],[23.8268,70.5275],[23.7152,70.5622],[23.6684,70.5969],[23.6648,70.6751],[23.69,70.7219],[23.78,70.748],[23.8376,70.7289],[23.852,70.715],[23.9564,70.6994],[24.0788,70.6508],[24.0176,70.5674]]],[[[13.8727,68.2655],[13.9339,68.2481],[14.0887,68.2533],[14.1175,68.2464],[14.0959,68.2186],[14.0275,68.1874],[13.8871,68.1683],[13.8223,68.1214],[13.7791,68.1058],[13.6567,68.104],[13.5847,68.0936],[13.4947,68.052],[13.4227,68.0832],[13.4047,68.0606],[13.3903,68.0207],[13.3507,68.0103],[13.2283,67.9947],[13.1995,68.0867],[13.2571,68.1214],[13.3003,68.1596],[13.3687,68.1665],[13.4299,68.1631],[13.5379,68.2499],[13.6891,68.2742],[13.7827,68.2759],[13.8727,68.2655]]],[[[12.9727,67.8749],[12.8251,67.8211],[12.8791,67.9183],[12.9583,68.0155],[13.0663,68.0711],[13.1239,68.0502],[13.0987,68.0034],[13.0987,67.9565],[13.0735,67.9339],[12.9727,67.8749]]],[[[17.5016,69.597],[17.624,69.5397],[17.678,69.5571],[17.7824,69.5623],[17.8616,69.5432],[17.9264,69.5067],[18.0056,69.505],[18.0524,69.4581],[18.0776,69.3956],[18.02,69.3488],[17.9408,69.3279],[17.9192,69.2741],[17.9516,69.1977],[17.7752,69.1717],[17.5664,69.1595],[17.4872,69.196],[17.3252,69.13],[17.1596,69.0259],[17.084,69.0137],[17.0768,69.0467],[16.9616,69.0693],[16.8104,69.071],[16.814,69.0953],[16.8428,69.1127],[16.9724,69.1387],[16.9976,69.1908],[16.9724,69.2845],[16.9976,69.3297],[17.0012,69.3626],[17.084,69.3991],[17.3612,69.3817],[17.3936,69.4165],[17.372,69.439],[17.2316,69.4772],[17.2532,69.5033],[17.354,69.5276],[17.4548,69.531],[17.4836,69.5692],[17.4872,69.5866],[17.5016,69.597]]],[[[19.2548,70.0657],[19.3448,70.0119],[19.424,70.0171],[19.4456,70.038],[19.4996,70.0484],[19.6076,70.0189],[19.5932,69.9702],[19.442,69.9078],[19.334,69.8209],[19.1972,69.8001],[19.1324,69.8105],[19.0064,69.7602],[18.9092,69.7064],[18.8084,69.6404],[18.8012,69.6057],[18.7832,69.5796],[18.4088,69.5536],[18.2756,69.5362],[18.1316,69.5571],[18.0632,69.6022],[18.0848,69.6265],[18.2288,69.6352],[18.2324,69.6769],[18.2684,69.7012],[18.3152,69.7151],[18.3476,69.7671],[18.4052,69.781],[18.5132,69.7689],[18.5852,69.8071],[18.6248,69.8123],[18.6752,69.781],[18.6968,69.8244],[18.6752,69.8644],[18.686,69.8904],[18.8228,69.9598],[18.884,70.0102],[18.9704,70.0432],[19.0496,70.038],[19.0748,70.0866],[19.0496,70.1352],[19.0604,70.1664],[19.1324,70.2445],[19.2116,70.248],[19.2512,70.1786],[19.2548,70.0657]]],[[[15.7592,68.5606],[15.7736,68.5537],[15.9104,68.6509],[16.058,68.6804],[16.0688,68.7134],[16.1264,68.7464],[16.1192,68.8002],[16.1516,68.8418],[16.2272,68.854],[16.274,68.8679],[16.328,68.8766],[16.4252,68.8418],[16.4792,68.8037],[16.5476,68.7169],[16.5188,68.6335],[16.3388,68.5676],[16.1948,68.538],[16.0472,68.4634],[15.9752,68.4026],[15.914,68.3887],[15.8744,68.394],[15.8384,68.4096],[15.7628,68.4096],[15.6836,68.3558],[15.4388,68.3124],[15.3416,68.3245],[15.338,68.3783],[15.2804,68.3731],[15.1868,68.3106],[15.0968,68.2898],[15.0392,68.2829],[14.9275,68.3072],[14.6287,68.1978],[14.3479,68.1787],[14.2579,68.1908],[14.2579,68.2568],[14.4379,68.3419],[14.5855,68.4009],[15.0968,68.4408],[15.4136,68.6162],[15.4892,68.8054],[15.5648,68.8731],[15.5288,68.913],[15.4424,68.92],[15.4388,68.979],[15.482,69.0432],[15.6512,69.1318],[15.7412,69.1699],[15.8924,69.2776],[15.9644,69.3019],[16.0472,69.3019],[16.13,69.2741],[16.1156,69.2168],[15.9932,69.1127],[15.8132,69.0241],[15.8348,68.9599],[15.9068,68.9078],[15.9248,68.8193],[15.9284,68.7325],[15.7916,68.6179],[15.7592,68.5606]]],[[[15.2084,68.9425],[15.338,68.8418],[15.3956,68.7828],[15.3488,68.6717],[15.2228,68.6162],[15.0284,68.6057],[14.8915,68.611],[14.8051,68.6387],[14.7943,68.6682],[14.7439,68.6769],[14.6107,68.6387],[14.5207,68.6335],[14.4055,68.663],[14.3731,68.7116],[14.4955,68.7724],[14.5531,68.8193],[14.6899,68.8141],[14.7259,68.8002],[14.8015,68.7915],[14.8483,68.8471],[14.8375,68.887],[14.8735,68.913],[15.0392,68.8939],[15.0392,68.9998],[15.1004,69.0085],[15.1292,69.0033],[15.176,68.9807],[15.2084,68.9425]]],[[[11.2303,64.8664],[11.1799,64.8386],[11.0611,64.8612],[10.8343,64.8438],[10.7407,64.8699],[10.8127,64.9237],[11.0215,64.9792],[11.1331,64.9758],[11.2447,64.9081],[11.2303,64.8664]]],[[[5.0851,60.3077],[5.0887,60.1896],[4.9986,60.1983],[4.9554,60.2434],[4.9446,60.2729],[4.9518,60.3406],[4.9302,60.4118],[4.9554,60.4465],[4.9914,60.4517],[5.0491,60.3892],[5.0851,60.3077]]],[[[11.9683,65.6268],[11.9035,65.5955],[11.7775,65.6042],[11.7667,65.6302],[11.7991,65.6841],[11.8747,65.7066],[11.9719,65.7014],[12.0043,65.6788],[11.9683,65.6268]]],[[[-79.0622,75.9265],[-79.0514,75.8674],[-79.1234,75.8692],[-79.3574,75.831],[-79.5446,75.8258],[-79.6382,75.8431],[-79.6994,75.8831],[-79.5518,75.9577],[-79.3826,76.0115],[-79.1774,76.0931],[-79.0082,76.1452],[-78.9254,76.1348],[-78.8462,76.107],[-78.947,76.0254],[-79.055,75.9855],[-79.0622,75.9265]]],[[[-71.6677,77.3257],[-72.0241,77.317],[-72.3733,77.3552],[-72.4957,77.3847],[-72.4885,77.4316],[-72.4381,77.4472],[-72.2473,77.4628],[-72.0889,77.4663],[-71.9845,77.4594],[-71.7325,77.4316],[-71.5525,77.4038],[-71.4337,77.3951],[-71.4661,77.3535],[-71.6677,77.3257]]],[[[-44.8654,82.0841],[-45.0671,82.0667],[-45.4919,82.1726],[-46.1615,82.2785],[-46.7519,82.348],[-47.3063,82.5337],[-47.3495,82.5997],[-47.2739,82.657],[-46.7879,82.6656],[-46.3991,82.6917],[-45.4127,82.5771],[-44.9158,82.4799],[-44.7502,82.4018],[-44.7754,82.2421],[-44.8654,82.0841]]],[[[-18.6644,81.8462],[-18.7688,81.815],[-19.0316,81.8271],[-19.37,81.9174],[-19.5932,81.9921],[-19.6112,82.0789],[-19.496,82.1171],[-19.316,82.124],[-19.0676,82.0494],[-18.812,81.9487],[-18.6644,81.8462]]],[[[-17.6132,79.8255],[-18.0344,79.711],[-18.6608,79.7196],[-19.0316,79.7735],[-19.1396,79.8516],[-18.9956,79.9401],[-18.5456,80.0113],[-17.984,80.0547],[-17.4728,80.0287],[-17.4008,79.9401],[-17.6132,79.8255]]],[[[-18.9956,77.9732],[-19.1288,77.9385],[-19.2188,78.0444],[-19.298,78.185],[-19.316,78.3447],[-19.1108,78.4228],[-19.0064,78.4419],[-18.9344,78.4228],[-18.9524,78.3534],[-18.9524,78.2111],[-18.884,78.1156],[-18.9956,77.9732]]],[[[-18.5816,76.0428],[-18.6968,76.015],[-19.0856,76.4299],[-19.0856,76.5809],[-19.0604,76.6955],[-18.884,76.7042],[-18.7328,76.6417],[-18.6608,76.4039],[-18.5816,76.0428]]],[[[-18.002,75.4074],[-17.9228,75.3015],[-17.8868,75.2043],[-17.7608,75.1435],[-17.498,75.1522],[-17.3936,75.0376],[-17.5844,74.9925],[-18.3548,75.0099],[-18.6716,75.0012],[-18.8912,75.0724],[-18.884,75.1956],[-18.8552,75.3189],[-18.6356,75.39],[-18.452,75.3276],[-18.2288,75.3727],[-18.002,75.4074]]],[[[-17.9552,77.6416],[-18.1496,77.6416],[-18.2216,77.6677],[-18.1748,77.7146],[-17.9048,77.8621],[-17.8148,77.8743],[-17.6816,77.8586],[-17.642,77.7823],[-17.7284,77.7059],[-17.9552,77.6416]]],[[[-29.9541,83.5649],[-28.9929,83.5041],[-28.4853,83.4347],[-28.3773,83.4364],[-27.6897,83.4104],[-27.0345,83.3774],[-25.9473,83.2889],[-25.7961,83.2611],[-25.9113,83.2368],[-26.1813,83.2212],[-27.5709,83.1934],[-30.0909,83.1569],[-31.5345,83.0892],[-31.9917,83.0858],[-32.0313,82.9833],[-31.8369,82.9781],[-31.5165,82.992],[-30.3861,83.0944],[-29.9649,83.1101],[-29.1765,83.1014],[-28.1505,83.0632],[-27.7401,83.0771],[-27.0021,83.0667],[-26.1417,83.0962],[-25.1229,83.1604],[-24.8456,83.018],[-24.4712,82.8774],[-24.1724,82.8931],[-23.9204,82.8844],[-23.834,82.8392],[-23.6936,82.8184],[-23.4056,82.8288],[-22.5236,82.7889],[-21.9188,82.716],[-21.692,82.683],[-21.584,82.6344],[-21.5192,82.5962],[-21.6164,82.5476],[-21.9944,82.4625],[-22.4732,82.3844],[-23.1176,82.3254],[-23.8628,82.2872],[-29.5797,82.1605],[-29.7741,82.131],[-29.8857,82.0546],[-29.8101,81.9556],[-29.5437,81.94],[-28.9209,81.9955],[-27.8409,82.0494],[-27.0453,82.0459],[-25.1481,82.0008],[-24.59,81.8827],[-24.2948,81.7004],[-23.636,81.7421],[-23.4956,81.7733],[-23.3912,81.8271],[-23.312,81.8844],[-23.2472,81.9469],[-23.1788,81.9886],[-23.1032,82.0112],[-22.9412,82.0303],[-22.5632,82.0528],[-21.5768,82.0754],[-21.3392,82.0685],[-21.1664,81.9834],[-21.1304,81.9348],[-21.1196,81.8688],[-21.1232,81.7907],[-21.1448,81.6952],[-21.2312,81.6015],[-21.5048,81.4383],[-21.7244,81.348],[-21.962,81.2838],[-22.4156,81.138],[-22.574,81.098],[-23.0708,80.9262],[-23.1968,80.848],[-23.204,80.789],[-23.1176,80.7786],[-22.9736,80.8324],[-22.9196,80.8723],[-22.826,80.9123],[-22.088,81.0199],[-21.9296,81.0494],[-21.4508,81.1779],[-21.1412,81.2265],[-20.8892,81.2768],[-20.756,81.3116],[-20.0144,81.565],[-19.6292,81.6397],[-19.226,81.6397],[-19.154,81.5129],[-18.668,81.4921],[-18.4556,81.4973],[-18.1172,81.4661],[-17.9696,81.4418],[-17.7176,81.4279],[-17.4548,81.3984],[-17.228,81.4296],[-17.1596,81.4504],[-16.9364,81.5442],[-16.6376,81.6258],[-16.3604,81.7282],[-16.2668,81.7542],[-16.1192,81.7768],[-15.968,81.7855],[-15.554,81.8341],[-15.4496,81.8376],[-15.2264,81.8219],[-14.2435,81.8133],[-13.7035,81.789],[-12.9547,81.7195],[-12.4327,81.6831],[-12.1915,81.6483],[-11.8423,81.5772],[-11.5579,81.5025],[-11.4247,81.4799],[-11.4319,81.4574],[-11.5291,81.4244],[-12.2311,81.3098],[-12.4615,81.2317],[-13.1275,81.0876],[-13.4515,81.0373],[-13.8043,81.0182],[-14.1967,81.0147],[-14.4523,80.9939],[-14.4883,80.973],[-14.3083,80.914],[-14.2291,80.8706],[-14.2399,80.8324],[-14.4307,80.7769],[-14.5027,80.763],[-15.194,80.7213],[-15.5432,80.6501],[-15.9968,80.6415],[-16.3172,80.6501],[-16.76,80.5738],[-16.5872,80.5113],[-16.4288,80.4835],[-15.9356,80.4279],[-15.932,80.3949],[-16.1696,80.329],[-16.49,80.2526],[-16.868,80.1988],[-17.012,80.1901],[-17.192,80.204],[-17.3576,80.2005],[-17.7212,80.1762],[-18.0704,80.1727],[-18.6932,80.2075],[-19.028,80.2474],[-19.2044,80.2613],[-19.4276,80.2578],[-19.514,80.2422],[-19.8668,80.145],[-20.0396,80.079],[-20.1512,80.0113],[-20.198,79.9384],[-20.18,79.8585],[-20.1368,79.803],[-20.0684,79.7735],[-19.9856,79.7561],[-19.838,79.7457],[-19.5176,79.7561],[-19.3916,79.7509],[-19.352,79.7335],[-19.2836,79.6832],[-19.2944,79.6346],[-19.3556,79.5669],[-19.3988,79.4888],[-19.4312,79.3985],[-19.4132,79.3481],[-19.2836,79.3377],[-19.2224,79.3412],[-19.154,79.3256],[-19.0712,79.2891],[-19.01,79.2509],[-18.9704,79.211],[-18.992,79.178],[-19.0748,79.152],[-19.262,79.1225],[-19.7228,79.0652],[-19.7696,79.0478],[-19.8056,79.0114],[-19.8308,78.9593],[-19.8884,78.9107],[-19.9712,78.8673],[-20.0504,78.8412],[-20.2016,78.8308],[-20.396,78.8291],[-20.6156,78.8048],[-21.134,78.6589],[-21.1412,78.6433],[-20.9468,78.5964],[-20.954,78.5548],[-21.1952,78.3794],[-21.26,78.2926],[-21.3104,78.1746],[-21.3968,78.0739],[-21.5156,77.9923],[-21.6344,77.8968],[-21.746,77.7909],[-21.728,77.7093],[-21.5804,77.6521],[-21.3788,77.6972],[-21.1304,77.8465],[-20.864,77.9125],[-20.5724,77.8916],[-20.3204,77.8621],[-19.9964,77.8031],[-19.7228,77.7666],[-19.4888,77.718],[-19.3952,77.6781],[-19.298,77.6208],[-19.2944,77.5861],[-19.4672,77.5653],[-19.5248,77.5722],[-19.9532,77.6659],[-20.162,77.6903],[-20.4392,77.6625],[-20.6804,77.6191],[-20.4644,77.4472],[-20.2304,77.3691],[-19.8092,77.3326],[-19.586,77.2944],[-19.4276,77.2458],[-19.3016,77.2215],[-19.1324,77.2319],[-18.902,77.2806],[-18.5852,77.2823],[-18.4412,77.2597],[-18.3404,77.2146],[-18.2936,77.133],[-18.3044,77.0115],[-18.3368,76.9212],[-18.3944,76.8604],[-18.5096,76.7789],[-18.6068,76.7632],[-18.74,76.7684],[-18.866,76.7841],[-18.9812,76.8136],[-19.1576,76.8361],[-19.5104,76.8604],[-19.8632,76.9143],[-20.0648,76.9281],[-20.486,76.9212],[-20.9432,76.8865],[-20.9612,76.8431],[-21.6164,76.6886],[-21.7496,76.6903],[-21.9296,76.7424],[-22.1852,76.7945],[-22.3328,76.7945],[-22.556,76.7285],[-22.61,76.7042],[-22.6064,76.6799],[-22.4444,76.6243],[-22.3796,76.6122],[-22.2932,76.6018],[-22.0052,76.5879],[-21.8756,76.574],[-21.7568,76.4004],[-21.5696,76.2945],[-21.4868,76.2719],[-21.4184,76.2633],[-21.1844,76.2685],[-20.8856,76.3032],[-20.7848,76.2754],[-20.5652,76.2407],[-20.4356,76.2303],[-20.2808,76.232],[-20.1044,76.2199],[-19.8632,76.1209],[-19.9568,75.9959],[-19.8056,75.897],[-19.5644,75.7945],[-19.5104,75.7581],[-19.4852,75.6904],[-19.4816,75.6452],[-19.4636,75.6036],[-19.4312,75.5671],[-19.3988,75.4942],[-19.3664,75.3866],[-19.3736,75.298],[-19.4276,75.2303],[-19.5248,75.18],[-19.676,75.1487],[-19.7984,75.1574],[-19.892,75.2043],[-20.0252,75.2546],[-20.198,75.3085],[-20.486,75.3137],[-20.9072,75.1574],[-21.0944,75.1487],[-21.2456,75.1331],[-21.4112,75.0654],[-21.6488,75.0238],[-21.8612,75.0394],[-22.232,75.1192],[-22.0988,75.0672],[-21.9044,75.0047],[-21.7856,74.9717],[-21.6956,74.9647],[-21.5984,74.9717],[-21.458,74.9977],[-21.1412,75.0689],[-21.0584,75.0793],[-20.9864,75.0741],[-20.9288,75.0533],[-20.8604,74.9925],[-20.7848,74.8918],[-20.7956,74.8068],[-20.8892,74.7356],[-20.972,74.6904],[-21.0368,74.6696],[-21.0368,74.654],[-20.8604,74.6366],[-20.612,74.7286],[-20.5328,74.8432],[-20.4176,74.9751],[-20.216,75.0185],[-19.9856,74.9751],[-19.7984,74.8519],[-19.5392,74.6245],[-19.4276,74.6002],[-19.2872,74.5464],[-19.226,74.4786],[-19.2404,74.4005],[-19.2728,74.3432],[-19.316,74.3068],[-19.37,74.2842],[-19.4672,74.2703],[-19.6472,74.2582],[-20.0468,74.2825],[-20.2556,74.2825],[-20.2304,74.2044],[-20.6516,74.1367],[-21.1304,74.1106],[-21.5804,74.1627],[-21.9548,74.2443],[-21.8324,74.3571],[-21.7604,74.4821],[-21.944,74.5654],[-21.9836,74.5672],[-21.9188,74.4387],[-21.9728,74.3901],[-22.178,74.3294],[-22.322,74.3033],[-22.3328,74.286],[-22.2644,74.2721],[-22.2176,74.246],[-22.196,74.2061],[-22.2212,74.1662],[-22.2896,74.1245],[-22.3292,74.0915],[-22.3364,74.0637],[-22.2716,74.029],[-22.1348,73.9908],[-21.9872,73.9717],[-21.2996,73.9631],[-21.0224,73.9405],[-20.3672,73.8485],[-20.3384,73.819],[-20.45,73.6523],[-20.5112,73.4926],[-20.6372,73.4631],[-21.3248,73.4561],[-21.548,73.4318],[-21.872,73.3589],[-22.1852,73.2704],[-22.3472,73.2687],[-22.988,73.3468],[-23.2328,73.3971],[-23.762,73.5429],[-24.158,73.7651],[-24.3416,73.6731],[-24.4496,73.628],[-24.5648,73.6054],[-24.6764,73.602],[-24.7844,73.6176],[-24.9068,73.6523],[-25.1085,73.7339],[-25.3533,73.8138],[-25.5225,73.8519],[-25.5261,73.8415],[-25.4289,73.7947],[-25.2813,73.7391],[-24.9104,73.5794],[-24.7772,73.5395],[-24.7916,73.5117],[-25.0257,73.4857],[-25.3101,73.4318],[-25.4505,73.3902],[-25.6665,73.293],[-25.7385,73.2773],[-26.0625,73.253],[-26.1669,73.2582],[-26.4081,73.3138],[-26.7645,73.3485],[-26.9769,73.3798],[-27.2721,73.437],[-27.1677,73.3745],[-26.6025,73.2791],[-26.5413,73.2496],[-26.6565,73.1923],[-26.7285,73.1714],[-26.8617,73.1662],[-27.0633,73.1784],[-27.2649,73.1766],[-27.4737,73.1593],[-27.5601,73.1385],[-27.5313,73.1124],[-27.4845,73.0881],[-27.4125,73.0673],[-27.3477,73.0673],[-27.1893,73.1332],[-27.0705,73.1367],[-26.7537,73.1211],[-26.4333,73.1714],[-26.2029,73.194],[-26.0301,73.1992],[-25.4001,73.2756],[-25.2669,73.3624],[-25.0581,73.3971],[-24.5864,73.4232],[-24.1328,73.4093],[-23.8988,73.3989],[-23.708,73.3173],[-23.456,73.2582],[-23.2436,73.194],[-22.9952,73.1714],[-22.8512,73.0846],[-22.4516,72.9857],[-22.196,72.9649],[-22.0376,72.918],[-22.0232,72.7201],[-22.0052,72.635],[-22.0736,72.3989],[-22.2788,72.3451],[-22.2392,72.2201],[-22.2932,72.1194],[-22.4984,72.1576],[-22.7072,72.2236],[-23.2076,72.326],[-23.6756,72.392],[-23.8556,72.4527],[-24.068,72.4979],[-24.3596,72.6871],[-24.5468,72.9215],[-24.6296,73.0378],[-24.788,73.0447],[-24.9932,73.0135],[-25.1697,72.9805],[-25.2561,72.9249],[-25.8609,72.8468],[-26.0805,72.7947],[-26.2065,72.7947],[-26.6565,72.7166],[-26.4765,72.6784],[-26.3937,72.6732],[-26.2101,72.694],[-26.0985,72.7218],[-25.6881,72.7982],[-25.3569,72.8103],[-25.2381,72.8433],[-24.986,72.8885],[-24.8132,72.9024],[-24.788,72.8902],[-24.77,72.8694],[-24.6512,72.5829],[-24.7016,72.5065],[-24.8384,72.4736],[-25.1265,72.4197],[-25.2021,72.3937],[-25.1193,72.3468],[-24.8456,72.3902],[-24.6656,72.4371],[-24.572,72.4197],[-24.4172,72.3486],[-24.2408,72.3121],[-23.798,72.201],[-23.5856,72.1403],[-23.2904,72.0812],[-22.9556,71.9996],[-22.8692,71.9701],[-22.5632,71.9285],[-22.4984,71.9146],[-22.3688,71.7705],[-22.2644,71.7531],[-21.9584,71.7444],[-22.0124,71.6889],[-22.3112,71.5639],[-22.466,71.5257],[-22.502,71.4997],[-22.4876,71.4563],[-22.4804,71.3834],[-22.4192,71.2479],[-22.3472,71.3729],[-22.3004,71.432],[-22.232,71.4493],[-22.1708,71.4528],[-21.962,71.5083],[-21.7532,71.4788],[-21.6992,71.3382],[-21.6704,71.2063],[-21.6884,71.0917],[-21.6668,70.9164],[-21.674,70.8556],[-21.6236,70.8053],[-21.5732,70.59],[-21.5228,70.5258],[-21.6272,70.4685],[-21.944,70.4442],[-22.07,70.472],[-22.3832,70.4615],[-22.3832,70.5136],[-22.4012,70.5709],[-22.4012,70.6126],[-22.4228,70.649],[-22.4372,70.8608],[-22.5272,70.807],[-22.5308,70.7653],[-22.556,70.7219],[-22.61,70.4928],[-22.6892,70.4372],[-22.9412,70.4511],[-23.1896,70.4424],[-23.3264,70.4511],[-23.7908,70.5553],[-23.9708,70.649],[-24.1292,70.7914],[-24.23,70.9233],[-24.266,71.0466],[-24.3776,71.1455],[-24.5612,71.2236],[-24.7808,71.2861],[-25.0329,71.3347],[-25.2561,71.3955],[-25.4469,71.4719],[-25.6557,71.5292],[-25.8861,71.5726],[-26.2101,71.5899],[-26.6889,71.583],[-27.0093,71.6299],[-27.0885,71.6264],[-27.1641,71.6021],[-27.1065,71.5326],[-26.7357,71.5014],[-26.4513,71.4927],[-26.0733,71.4979],[-25.8429,71.4806],[-25.7565,71.4406],[-25.6989,71.3677],[-25.6665,71.2653],[-25.7421,71.1837],[-26.0157,71.0934],[-26.1561,71.05],[-26.5773,70.9684],[-26.7177,70.9511],[-27.0669,70.9441],[-27.3369,70.9528],[-27.6897,70.9928],[-27.8877,71.0014],[-28.3017,71.0066],[-28.3989,70.9928],[-28.2909,70.9494],[-28.1145,70.925],[-27.9921,70.8955],[-27.9777,70.84],[-28.0245,70.7567],[-28.0713,70.6994],[-28.1469,70.656],[-28.4169,70.5744],[-28.5285,70.5483],[-29.0361,70.4615],[-29.0721,70.4442],[-28.9533,70.4476],[-28.6329,70.4772],[-28.5393,70.4772],[-28.0137,70.4025],[-27.5961,70.406],[-26.7465,70.4754],[-26.6781,70.4737],[-26.6205,70.4633],[-26.5665,70.4372],[-26.5089,70.3973],[-26.5773,70.3574],[-26.7717,70.3192],[-27.0741,70.281],[-27.2037,70.255],[-27.3297,70.2168],[-27.5601,70.1248],[-27.6285,70.0275],[-27.3837,69.9911],[-27.2757,70.038],[-27.1461,70.1404],[-27.0273,70.2011],[-26.7537,70.2428],[-26.4153,70.222],[-26.1561,70.2463],[-25.6233,70.347],[-25.5297,70.3539],[-24.7484,70.2949],[-24.0392,70.182],[-23.6684,70.1386],[-23.1716,70.1143],[-22.286,70.1265],[-22.2068,70.1074],[-22.2356,70.0675],[-22.286,70.0327],[-22.4336,69.9859],[-22.6136,69.9546],[-22.7252,69.9459],[-22.8224,69.9234],[-23.0348,69.9008],[-23.0888,69.8834],[-23.0132,69.8053],[-23.0492,69.7932],[-23.2364,69.7914],[-23.5532,69.7411],[-23.8124,69.7446],[-23.8664,69.7359],[-23.816,69.7185],[-23.7656,69.6821],[-23.708,69.6265],[-23.7404,69.5883],[-23.8556,69.5658],[-23.942,69.5588],[-24.248,69.5901],[-24.2984,69.5849],[-24.2516,69.5623],[-24.2264,69.5276],[-24.2192,69.479],[-24.2948,69.439],[-24.4496,69.4078],[-24.7412,69.3192],[-24.8672,69.2932],[-25.1337,69.2724],[-25.1877,69.2602],[-25.0797,69.1925],[-25.0941,69.1647],[-25.2705,69.0918],[-25.5441,69.045],[-25.5801,69.0207],[-25.6053,68.9547],[-25.6269,68.9286],[-25.6989,68.8905],[-25.9545,68.8175],[-26.1381,68.7811],[-26.2281,68.7516],[-26.3397,68.703],[-26.4837,68.6752],[-26.6529,68.6735],[-26.8149,68.6544],[-27.0813,68.6023],[-27.2649,68.5849],[-27.8517,68.4929],[-28.1253,68.479],[-28.3629,68.446],[-28.8561,68.3592],[-29.0865,68.3315],[-29.2485,68.2985],[-29.4249,68.2898],[-29.7129,68.3106],[-29.8677,68.3124],[-29.9649,68.2985],[-30.0513,68.2724],[-30.1953,68.1995],[-30.3177,68.1926],[-30.7209,68.2516],[-30.7101,68.2256],[-30.6057,68.1631],[-30.6093,68.1179],[-30.8505,68.0728],[-30.9801,68.0606],[-31.1673,68.0797],[-31.4193,68.1283],[-31.7433,68.2308],[-32.1357,68.3853],[-32.3265,68.4374],[-32.3121,68.387],[-32.2689,68.3384],[-32.1969,68.2915],[-32.1789,68.2568],[-32.2257,68.236],[-32.2833,68.2256],[-32.3553,68.2256],[-32.3661,68.2134],[-32.2473,68.1388],[-32.1573,68.0624],[-32.1645,67.9912],[-32.2761,67.9235],[-32.3697,67.8836],[-32.4489,67.8714],[-32.9169,67.7013],[-33.0501,67.6787],[-33.1077,67.6579],[-33.1581,67.6266],[-33.2949,67.486],[-33.3489,67.4426],[-33.4569,67.3871],[-33.5037,67.3767],[-33.5181,67.3541],[-33.4965,67.3176],[-33.5289,67.2586],[-33.6081,67.1735],[-33.8817,66.9427],[-34.1013,66.7257],[-34.1985,66.6545],[-34.2705,66.625],[-34.3137,66.6354],[-34.4217,66.6302],[-34.4757,66.592],[-34.5225,66.5225],[-34.5765,66.4705],[-34.6341,66.434],[-35.0734,66.2795],[-35.1886,66.25],[-35.2894,66.2691],[-35.4118,66.2621],[-35.6638,66.3437],[-35.707,66.3732],[-35.869,66.441],[-35.8618,66.4062],[-35.833,66.3871],[-35.8114,66.3576],[-35.7538,66.3229],[-35.6314,66.1406],[-35.7286,66.1024],[-35.8186,66.059],[-36.0454,65.9861],[-36.2902,65.8646],[-36.3802,65.8316],[-36.3982,65.9306],[-36.3874,65.9601],[-36.5278,66.007],[-36.5242,65.974],[-36.5386,65.941],[-36.6358,65.8125],[-36.6646,65.7899],[-36.715,65.7952],[-36.823,65.7709],[-36.931,65.783],[-37.0246,65.8403],[-37.0642,65.8715],[-37.2334,65.7882],[-37.3162,65.7899],[-37.3306,65.7205],[-37.4098,65.6563],[-37.5178,65.6285],[-37.6654,65.6302],[-37.7554,65.5938],[-37.9534,65.6337],[-38.0002,65.7101],[-37.8418,65.8143],[-37.7986,65.8577],[-37.8274,65.9097],[-37.7878,65.9774],[-37.4854,66.1944],[-37.2802,66.3038],[-37.291,66.3246],[-37.5682,66.3472],[-37.813,66.3854],[-38.0506,66.3993],[-38.155,66.3854],[-37.9894,66.3229],[-37.7518,66.2621],[-37.8706,66.2031],[-37.9678,66.1406],[-38.0722,65.9722],[-38.1406,65.9028],[-38.3998,65.9826],[-38.5186,66.0104],[-38.443,65.9219],[-38.2162,65.8386],[-38.2018,65.8108],[-38.2018,65.7118],[-38.6374,65.625],[-39.0874,65.6111],[-39.415,65.5868],[-39.9622,65.5556],[-40.1746,65.5556],[-40.1926,65.5226],[-39.6562,65.3681],[-39.577,65.3403],[-39.6526,65.2882],[-39.7642,65.2553],[-39.937,65.1424],[-40.027,65.1025],[-40.2538,65.0487],[-40.6678,65.1094],[-40.8802,65.0817],[-41.0854,65.1008],[-41.089,65.0348],[-41.0278,64.9879],[-40.9666,64.8681],[-40.8298,64.8785],[-40.657,64.915],[-40.5202,64.8247],[-40.4338,64.6737],[-40.279,64.5956],[-40.2106,64.5366],[-40.1818,64.4793],[-40.279,64.4237],[-40.477,64.3439],[-40.7002,64.33],[-40.6858,64.2675],[-40.783,64.2223],[-40.9846,64.2345],[-41.0782,64.2657],[-41.179,64.2814],[-41.5822,64.2987],[-41.1754,64.1772],[-41.0314,64.1217],[-40.9666,64.1546],[-40.8262,64.1633],[-40.6174,64.1321],[-40.6534,63.9272],[-40.5598,63.7623],[-40.549,63.7258],[-40.7722,63.6269],[-40.7758,63.5331],[-40.9054,63.5071],[-41.0494,63.514],[-41.0566,63.4116],[-41.1538,63.3491],[-41.1358,63.3092],[-41.107,63.2745],[-41.197,63.2085],[-41.2762,63.1304],[-41.3878,63.0627],[-41.449,63.0696],[-41.629,63.0644],[-41.845,63.0696],[-42.0214,63.1599],[-42.0934,63.1894],[-42.1762,63.2085],[-42.1438,63.1512],[-42.0934,63.1165],[-41.9314,63.0523],[-41.6362,62.9724],[-41.6434,62.9151],[-41.7226,62.8908],[-41.9098,62.7363],[-41.9746,62.7346],[-42.0574,62.6947],[-42.3166,62.7068],[-42.4246,62.7224],[-42.7414,62.7138],[-42.8494,62.7259],[-42.943,62.7207],[-42.8566,62.6773],[-42.673,62.6374],[-42.4678,62.5974],[-42.1546,62.5679],[-42.1654,62.5124],[-42.2446,62.4655],[-42.1978,62.3978],[-42.2338,62.3475],[-42.2482,62.2884],[-42.3202,62.153],[-42.2374,62.0593],[-42.1438,62.0141],[-42.1546,61.9534],[-42.1114,61.8579],[-42.2482,61.7711],[-42.367,61.7746],[-42.529,61.7555],[-42.5866,61.7173],[-42.3238,61.6826],[-42.349,61.6166],[-42.4174,61.5367],[-42.493,61.3631],[-42.6442,61.0645],[-42.7162,60.7677],[-43.0438,60.5229],[-43.159,60.5177],[-43.1878,60.5073],[-43.3498,60.5194],[-43.5982,60.5767],[-43.7926,60.5941],[-43.9222,60.5958],[-43.9402,60.5681],[-43.8322,60.5212],[-43.6666,60.5038],[-43.5334,60.4726],[-43.2958,60.4448],[-43.213,60.391],[-43.1554,60.3337],[-43.1662,60.3007],[-43.1662,60.2643],[-43.123,60.0611],[-43.2346,59.9917],[-43.321,59.9275],[-43.6162,59.9361],[-43.6702,59.9587],[-43.9546,60.0247],[-43.9366,59.9934],[-43.7314,59.9032],[-43.6594,59.858],[-43.7062,59.8493],[-43.789,59.8459],[-43.9078,59.8146],[-44.1166,59.832],[-44.1058,59.8771],[-44.0662,59.924],[-44.1634,59.9171],[-44.2678,59.8927],[-44.3326,59.9014],[-44.383,59.8997],[-44.4118,59.9223],[-44.455,60.0143],[-44.4046,60.0611],[-44.2318,60.1809],[-44.1778,60.2452],[-44.2246,60.2729],[-44.347,60.2052],[-44.4766,60.0959],[-44.5342,60.0299],[-44.6134,60.016],[-44.8114,60.0507],[-45.3803,60.2035],[-45.3623,60.2955],[-45.3695,60.3736],[-45.2039,60.3823],[-45.0815,60.417],[-44.9734,60.4569],[-44.8546,60.5316],[-44.743,60.6549],[-44.7574,60.6653],[-45.0815,60.5073],[-45.2831,60.4552],[-45.3803,60.4448],[-45.4307,60.4691],[-45.5891,60.5194],[-45.6935,60.542],[-45.9347,60.5802],[-45.9779,60.5993],[-46.0463,60.6149],[-46.1435,60.7764],[-46.0175,60.9725],[-45.9347,61.0281],[-45.8807,61.0941],[-45.8483,61.1809],[-45.8699,61.2191],[-45.9419,61.2052],[-45.9743,61.1757],[-45.9707,61.1288],[-46.0103,61.0975],[-46.2983,61.0229],[-46.5827,60.9621],[-46.7195,60.9048],[-46.8059,60.8597],[-46.8743,60.8163],[-46.9787,60.8198],[-47.1263,60.8111],[-47.2235,60.7833],[-47.3711,60.8007],[-47.4647,60.8423],[-47.5799,60.8475],[-47.7059,60.8267],[-47.7959,60.8285],[-47.7887,60.8007],[-47.7311,60.7295],[-47.8283,60.7243],[-48.0155,60.7226],[-48.1091,60.7417],[-48.1811,60.7694],[-48.2423,60.8076],[-48.2063,60.8562],[-47.9075,60.9465],[-47.7707,60.9986],[-47.8571,61.0159],[-48.1451,61.0003],[-48.1955,61.0125],[-48.3863,61.0055],[-48.3791,61.1392],[-48.4259,61.1722],[-48.4295,61.1878],[-48.4943,61.2243],[-48.5591,61.2347],[-48.5987,61.2468],[-48.9227,61.2781],[-48.9659,61.3527],[-48.9875,61.4291],[-49.0487,61.5246],[-49.2035,61.5489],[-49.2899,61.5906],[-49.2215,61.6322],[-49.1927,61.686],[-49.2647,61.7103],[-49.3115,61.7485],[-49.3043,61.7728],[-49.3619,61.8388],[-49.3799,61.8909],[-49.3151,61.9378],[-49.1315,61.9933],[-49.0703,62.0159],[-49.0379,62.0402],[-48.8291,62.0801],[-49.0091,62.1079],[-49.1207,62.1131],[-49.2035,62.0992],[-49.2791,62.0454],[-49.3475,62.0107],[-49.6247,61.9985],[-49.6643,62.0176],[-49.6823,62.0923],[-49.6679,62.1513],[-49.5527,62.2329],[-49.6859,62.2728],[-49.8047,62.2867],[-49.9451,62.3249],[-50.0711,62.3648],[-50.1791,62.4117],[-50.2835,62.4655],[-50.3195,62.4724],[-50.2799,62.5315],[-50.2583,62.5783],[-50.2547,62.679],[-50.2979,62.7224],[-50.2043,62.8092],[-50.0747,62.903],[-49.7939,63.0453],[-50.0927,62.9776],[-50.3375,62.8283],[-50.3915,62.8214],[-50.4095,62.8492],[-50.5031,62.9446],[-50.5715,62.9707],[-50.6039,63.0002],[-50.7443,63.0505],[-50.8055,63.0905],[-50.8919,63.1668],[-51.0143,63.2571],[-51.1871,63.4359],[-51.4679,63.6425],[-51.5399,63.7588],[-51.4499,63.9047],[-51.5471,64.0053],[-51.2807,64.0522],[-50.8991,64.106],[-50.7011,64.1494],[-50.5859,64.1616],[-50.3411,64.1703],[-50.2619,64.2137],[-50.3951,64.2032],[-50.4851,64.2085],[-50.4923,64.2293],[-50.4599,64.2657],[-50.4383,64.3126],[-50.4851,64.3039],[-50.7227,64.2241],[-51.0719,64.1598],[-51.3455,64.1234],[-51.3923,64.1251],[-51.4859,64.1026],[-51.5435,64.0973],[-51.5831,64.1026],[-51.6803,64.1651],[-51.7091,64.205],[-51.5327,64.3143],[-51.4031,64.4636],[-51.2303,64.5609],[-51.1115,64.573],[-50.9063,64.5678],[-50.8343,64.5591],[-50.8595,64.6164],[-50.8487,64.6442],[-50.6831,64.6789],[-50.4923,64.6928],[-50.3555,64.6824],[-50.2691,64.6147],[-50.1575,64.4897],[-50.0099,64.448],[-50.0171,64.507],[-50.0927,64.5852],[-50.1215,64.7032],[-50.2187,64.7536],[-50.2979,64.7779],[-50.5175,64.7657],[-50.6471,64.8525],[-50.6795,64.8855],[-50.6795,64.9272],[-50.8127,65.0521],[-50.8559,65.1146],[-50.9243,65.1962],[-50.9603,65.2014],[-50.9135,65.0973],[-50.8523,65.0244],[-50.7659,64.8629],[-50.7227,64.797],[-50.7803,64.7466],[-50.8919,64.6945],[-50.9891,64.665],[-51.2195,64.6286],[-51.1691,64.7084],[-51.1403,64.7865],[-51.2555,64.7588],[-51.3635,64.7015],[-51.3995,64.6234],[-51.4715,64.5522],[-51.6767,64.3768],[-51.7595,64.2796],[-51.8351,64.2328],[-51.9215,64.2189],[-51.9971,64.2571],[-52.0619,64.3456],[-52.0943,64.4168],[-52.0979,64.5973],[-52.0871,64.6824],[-52.1231,64.7952],[-52.2347,65.0608],[-52.2599,65.1546],[-52.4471,65.2049],[-52.4507,65.2205],[-52.5011,65.2744],[-52.5371,65.3282],[-52.5047,65.349],[-52.4615,65.3629],[-52.1807,65.4427],[-51.9719,65.5313],[-51.7199,65.6702],[-51.6191,65.7136],[-51.2519,65.7465],[-51.0899,65.7518],[-51.0935,65.7761],[-51.1475,65.7865],[-51.3923,65.7795],[-51.7235,65.724],[-51.7811,65.7031],[-51.9251,65.6163],[-52.0367,65.5695],[-52.3499,65.4618],[-52.5515,65.4618],[-52.7603,65.5903],[-52.9943,65.566],[-53.1527,65.5747],[-53.1995,65.5938],[-53.2355,65.7709],[-53.1059,65.9774],[-53.2427,65.9792],[-53.2715,65.9879],[-53.3435,66.0347],[-53.3903,66.0486],[-53.3579,66.0729],[-53.0195,66.1701],[-52.5119,66.3628],[-52.2923,66.4375],[-52.1591,66.4705],[-52.0547,66.5069],[-51.9323,66.5885],[-51.8927,66.6232],[-51.8207,66.651],[-51.6767,66.684],[-51.5183,66.7326],[-51.2591,66.842],[-51.2267,66.8819],[-51.2807,66.8906],[-51.4031,66.8541],[-51.6479,66.7534],[-51.8243,66.6979],[-52.4219,66.4462],[-52.6775,66.3559],[-52.8143,66.2969],[-52.9223,66.2413],[-53.0375,66.2014],[-53.1563,66.1771],[-53.4119,66.1597],[-53.5379,66.1389],[-53.6135,66.1545],[-53.6495,66.2743],[-53.6243,66.3437],[-53.6351,66.4132],[-53.5703,66.5139],[-53.4767,66.5833],[-53.4371,66.6215],[-53.4191,66.6493],[-53.2211,66.7222],[-53.1131,66.7534],[-53.0375,66.8263],[-52.6019,66.8524],[-52.4903,66.8506],[-52.4327,66.8593],[-52.3859,66.8819],[-52.4291,66.8975],[-52.5587,66.9097],[-52.9079,66.9062],[-53.2283,66.9201],[-53.3723,66.9322],[-53.4443,66.9253],[-53.5595,66.9461],[-53.6855,66.9861],[-53.8835,67.1354],[-53.8043,67.3263],[-53.7971,67.4183],[-53.5487,67.4982],[-53.4155,67.5242],[-53.2247,67.585],[-52.9691,67.6874],[-52.6667,67.7499],[-52.5119,67.762],[-52.3823,67.7516],[-51.9107,67.6631],[-51.6659,67.6457],[-51.4499,67.6683],[-51.1799,67.6371],[-50.7047,67.5086],[-50.6147,67.5277],[-50.6399,67.5589],[-51.1727,67.6943],[-51.1691,67.7343],[-51.0323,67.7447],[-50.8883,67.7829],[-50.9675,67.8072],[-51.3203,67.7864],[-51.4247,67.7551],[-51.7667,67.7377],[-51.9431,67.7655],[-52.1051,67.7794],[-52.3463,67.8367],[-52.5479,67.8176],[-52.6739,67.795],[-52.8971,67.7725],[-52.9799,67.7586],[-53.4191,67.5746],[-53.6027,67.5364],[-53.7359,67.5485],[-53.6423,67.6683],[-53.6171,67.7152],[-53.6171,67.7673],[-53.5775,67.8367],[-53.3543,67.9704],[-53.2103,68.1162],[-53.1527,68.2082],[-53.0411,68.2186],[-52.8899,68.2047],[-52.4363,68.1457],[-52.0583,68.0763],[-51.7811,68.0572],[-51.5975,68.0554],[-51.5183,68.078],[-51.4571,68.1162],[-51.4319,68.1422],[-51.4139,68.1978],[-51.3923,68.2186],[-51.3311,68.2412],[-51.2087,68.3263],[-51.1691,68.3853],[-51.2087,68.42],[-51.2951,68.4165],[-51.4571,68.394],[-51.4787,68.3835],[-51.4751,68.3662],[-51.6335,68.2724],[-51.8027,68.2516],[-52.1987,68.2204],[-52.3787,68.2186],[-52.6991,68.262],[-52.7459,68.2776],[-52.7783,68.3106],[-53.1707,68.3019],[-53.2895,68.2933],[-53.3831,68.2967],[-53.3363,68.3523],[-53.2139,68.4131],[-53.0411,68.611],[-52.8935,68.6613],[-52.6055,68.7082],[-52.3031,68.7012],[-51.7811,68.5485],[-51.6227,68.5346],[-51.4787,68.5467],[-51.1331,68.5988],[-51.0683,68.6196],[-50.9459,68.6821],[-50.8019,68.7915],[-50.8091,68.8175],[-51.0287,68.7568],[-51.1475,68.7394],[-51.2483,68.7394],[-51.1547,68.9391],[-51.1187,69.0901],[-51.0863,69.1283],[-50.7911,69.1161],[-50.3915,69.137],[-50.2979,69.1699],[-50.2979,69.1856],[-50.4599,69.2047],[-50.5355,69.2481],[-50.6723,69.2342],[-50.8523,69.2064],[-51.0755,69.2099],[-51.0575,69.2741],[-50.8919,69.4113],[-50.8739,69.4737],[-50.8091,69.5987],[-50.8055,69.663],[-50.7191,69.7255],[-50.4599,69.7689],[-50.3483,69.7966],[-50.3447,69.8244],[-50.4995,69.9355],[-50.4599,69.9668],[-50.3375,69.9946],[-50.2907,70.0136],[-50.3231,70.0275],[-50.4347,70.0397],[-50.6111,70.0154],[-50.8019,70.0032],[-50.9711,70.0397],[-51.1043,70.057],[-51.1907,70.0518],[-51.4175,69.9893],[-51.5003,69.9876],[-51.5975,70.005],[-52.2563,70.0588],[-52.3355,70.0779],[-52.5695,70.1716],[-52.7639,70.2341],[-53.0231,70.3018],[-53.3579,70.3539],[-53.7683,70.3886],[-54.0131,70.4216],[-54.1355,70.4685],[-54.3443,70.5709],[-54.5027,70.6577],[-54.5315,70.6994],[-54.4379,70.7514],[-54.3443,70.7896],[-54.1643,70.8209],[-53.8583,70.8105],[-53.6927,70.7966],[-53.5127,70.7671],[-53.3759,70.7619],[-53.0915,70.7688],[-52.8035,70.7514],[-52.6307,70.7306],[-52.4039,70.6872],[-51.7847,70.5032],[-51.5255,70.439],[-51.4103,70.432],[-50.9459,70.3643],[-50.8739,70.3643],[-50.6831,70.3973],[-50.6615,70.4181],[-50.7263,70.4372],[-50.9315,70.4546],[-51.1727,70.5292],[-51.3239,70.5883],[-51.3383,70.6872],[-51.3203,70.7428],[-51.2843,70.7688],[-51.2555,70.8521],[-51.3959,70.9025],[-51.4931,70.9181],[-51.7523,70.9928],[-51.7739,71.0101],[-51.6515,71.0188],[-51.5291,71.0136],[-51.2663,70.9771],[-51.1295,70.9719],[-51.0287,70.9858],[-51.0179,71.0014],[-51.1763,71.0431],[-51.3779,71.1195],[-51.7919,71.1299],[-52.0619,71.1212],[-52.2347,71.1473],[-52.4183,71.1889],[-52.5335,71.2011],[-52.7747,71.1733],[-52.8971,71.1716],[-53.0087,71.1802],[-53.1167,71.3122],[-53.0879,71.3521],[-53.0015,71.3695],[-52.9367,71.4129],[-52.8935,71.458],[-52.7495,71.5014],[-51.9683,71.5986],[-51.7703,71.6715],[-51.7775,71.6837],[-51.9107,71.6698],[-52.0835,71.6368],[-52.1951,71.6299],[-52.6559,71.6715],[-52.7279,71.6628],[-52.9151,71.6021],[-53.1671,71.5361],[-53.2823,71.5396],[-53.4407,71.5795],[-53.4659,71.6073],[-53.4767,71.6403],[-53.3039,71.6854],[-53.2499,71.7097],[-53.1383,71.7757],[-53.1455,71.8069],[-53.3327,71.7896],[-53.3579,71.8191],[-53.3543,71.8712],[-53.3723,71.9354],[-53.4191,71.9996],[-53.5739,72.0986],[-53.6387,72.1229],[-53.6927,72.1593],[-53.8115,72.293],[-53.7755,72.326],[-53.6711,72.3503],[-53.6531,72.3625],[-53.9015,72.3416],[-53.9267,72.3191],[-53.8799,72.2843],[-53.8475,72.2392],[-53.8259,72.1837],[-53.7935,72.1333],[-53.7035,72.0795],[-53.6315,72.0517],[-53.5127,71.9771],[-53.4623,71.8937],[-53.4767,71.8503],[-53.5703,71.8052],[-53.7143,71.7583],[-53.7611,71.7184],[-53.7791,71.6785],[-53.8943,71.642],[-53.9627,71.6559],[-54.0203,71.6576],[-53.9555,71.5934],[-53.9123,71.5257],[-53.9627,71.4597],[-54.0995,71.4181],[-54.1715,71.4181],[-54.3191,71.3851],[-54.6899,71.3677],[-54.8195,71.3747],[-55.0572,71.4094],[-55.338,71.4268],[-55.4496,71.4719],[-55.5936,71.5535],[-55.6692,71.6264],[-55.6692,71.6924],[-55.6296,71.7392],[-55.5504,71.7687],[-55.4532,71.958],[-55.3164,72.1107],[-54.9707,72.2687],[-54.8735,72.326],[-54.8411,72.3555],[-54.8411,72.3798],[-54.8951,72.3937],[-55.32,72.1993],[-55.5828,72.1784],[-55.6584,72.2218],[-55.6368,72.3],[-55.59,72.3191],[-55.3776,72.3104],[-55.2948,72.3538],[-55.428,72.4197],[-55.5684,72.4371],[-55.6008,72.4527],[-55.4568,72.5031],[-55.122,72.4996],[-55.0464,72.5343],[-54.9239,72.5725],[-54.7907,72.642],[-54.7403,72.701],[-54.7295,72.7513],[-54.7583,72.7913],[-54.7619,72.8312],[-54.7367,72.8728],[-54.7727,72.918],[-54.8663,72.9666],[-55.0716,73.0152],[-55.1328,72.9614],[-55.1976,72.9388],[-55.2876,72.9336],[-55.374,72.9562],[-55.4604,72.9649],[-55.5468,72.9857],[-55.6332,72.9909],[-55.6692,73.0083],[-55.6908,73.0534],[-55.6944,73.1124],[-55.5936,73.1402],[-55.4532,73.1628],[-55.3596,73.2027],[-55.2984,73.2617],[-55.2876,73.3277],[-55.3308,73.3971],[-55.446,73.4613],[-55.6548,73.3989],[-55.7376,73.3832],[-55.7592,73.4284],[-55.788,73.4613],[-55.8744,73.5047],[-55.9932,73.536],[-56.1048,73.5586],[-56.1084,73.5915],[-56.0832,73.628],[-56.0328,73.6697],[-55.968,73.7599],[-55.896,73.7513],[-55.8384,73.7599],[-55.8708,73.8329],[-55.9284,73.8954],[-55.9968,73.9301],[-56.0004,73.9457],[-56.0148,73.9631],[-56.0652,74.0065],[-56.1228,74.0394],[-56.2272,74.1297],[-56.2992,74.1627],[-56.3928,74.1818],[-56.4936,74.1818],[-56.6556,74.1592],[-56.9544,74.1314],[-57.192,74.1176],[-57.2316,74.1245],[-57.1128,74.1592],[-56.9364,74.1957],[-56.706,74.22],[-56.6376,74.279],[-56.6628,74.3294],[-56.6556,74.378],[-56.7168,74.43],[-56.6556,74.4578],[-56.4468,74.4856],[-56.3496,74.4908],[-56.256,74.5273],[-56.5224,74.6141],[-56.7996,74.6713],[-56.8716,74.6956],[-56.9328,74.7338],[-56.9868,74.7859],[-57.0732,74.8397],[-57.192,74.8936],[-57.3648,74.9456],[-57.8148,75.0394],[-57.966,75.1053],[-58.11,75.2043],[-58.1784,75.2477],[-58.254,75.2789],[-58.5672,75.3536],[-58.6032,75.3848],[-58.2828,75.4716],[-58.2504,75.5064],[-58.38,75.6123],[-58.5168,75.6886],[-58.6644,75.7164],[-58.8804,75.7303],[-59.082,75.765],[-59.262,75.8188],[-59.4456,75.8588],[-59.7192,75.897],[-60.1728,75.9942],[-60.8748,76.0966],[-61.188,76.1574],[-61.3752,76.1799],[-61.62,76.1851],[-62.0952,76.2424],[-62.4948,76.2598],[-62.7432,76.2528],[-62.8224,76.2615],[-63.006,76.3188],[-63.2904,76.3518],[-63.438,76.3396],[-63.6216,76.2771],[-63.8448,76.2164],[-63.96,76.2094],[-64.1364,76.265],[-64.2228,76.3032],[-64.3056,76.3171],[-64.3884,76.3032],[-64.5432,76.2528],[-64.6908,76.2164],[-64.9104,76.173],[-65.0869,76.1522],[-65.3137,76.1469],[-65.3713,76.1313],[-65.4577,76.1296],[-65.5729,76.1435],[-65.6845,76.173],[-65.7853,76.2147],[-65.8753,76.239],[-65.9545,76.2424],[-66.1345,76.2199],[-66.3613,76.1556],[-66.4657,76.14],[-66.5521,76.1452],[-66.6601,76.166],[-66.8725,76.2181],[-66.9913,76.2129],[-67.0777,76.1956],[-67.0561,76.1522],[-66.8545,76.0497],[-66.6745,75.9768],[-66.8257,75.9681],[-68.1505,76.0671],[-68.3161,76.0914],[-68.5609,76.1504],[-68.7625,76.1869],[-69.1081,76.2806],[-69.3745,76.3327],[-69.4609,76.3709],[-69.4825,76.3987],[-69.3997,76.4369],[-68.8633,76.5619],[-68.6617,76.5862],[-68.2441,76.6174],[-68.1469,76.6365],[-68.1145,76.6504],[-68.2225,76.6782],[-68.7661,76.6677],[-69.2521,76.6868],[-69.6733,76.7355],[-69.7489,76.7528],[-69.8173,76.7823],[-69.8893,76.8275],[-69.8713,76.8761],[-69.7705,76.9316],[-69.7129,76.9698],[-69.6949,76.9889],[-70.2241,76.8552],[-70.4401,76.8066],[-70.6129,76.8223],[-70.7353,76.8448],[-70.7929,76.8691],[-70.7893,76.8969],[-70.7713,76.916],[-70.7353,76.9281],[-71.0161,76.9854],[-71.1421,77.0288],[-71.1565,77.074],[-71.0557,77.1208],[-70.9585,77.1538],[-70.8613,77.1747],[-70.6021,77.1938],[-69.6553,77.2285],[-68.9785,77.1955],[-68.7481,77.3066],[-68.5933,77.3431],[-68.1361,77.3795],[-67.4341,77.3847],[-66.9373,77.3639],[-66.7069,77.3378],[-66.3901,77.2806],[-66.3721,77.2979],[-66.4477,77.35],[-66.4549,77.3934],[-66.3253,77.468],[-66.2677,77.5149],[-66.3073,77.5653],[-66.4441,77.6156],[-66.6925,77.6816],[-66.8221,77.6868],[-66.9697,77.6712],[-67.1461,77.6347],[-67.5133,77.5427],[-67.6897,77.5236],[-67.9777,77.5184],[-68.1361,77.5305],[-68.2909,77.5444],[-68.5321,77.593],[-68.6221,77.6017],[-68.7265,77.5809],[-68.8525,77.5288],[-68.9749,77.4923],[-69.0901,77.4715],[-69.1981,77.4628],[-69.3529,77.4663],[-69.9757,77.5479],[-70.1197,77.5844],[-70.1269,77.6382],[-70.3177,77.6903],[-70.5337,77.6989],[-70.5625,77.718],[-70.2853,77.7979],[-70.0801,77.8309],[-70.1161,77.8413],[-70.4113,77.843],[-70.6129,77.7996],[-70.7281,77.7927],[-70.9945,77.7909],[-71.2717,77.8135],[-71.3905,77.8326],[-71.5129,77.876],[-71.6497,77.9003],[-72.0637,77.9368],[-72.1573,77.9576],[-72.2473,77.9906],[-72.5857,78.0861],[-72.7909,78.1555],[-72.8197,78.1937],[-72.5821,78.2788],[-72.5713,78.2996],[-72.6721,78.336],[-72.7153,78.3621],[-72.6793,78.4003],[-72.4741,78.4819],[-72.3949,78.5044],[-72.0241,78.553],[-71.6497,78.6225],[-71.5165,78.6381],[-71.3941,78.6433],[-70.9045,78.6381],[-70.7533,78.6555],[-70.6237,78.6902],[-70.4149,78.7249],[-69.9721,78.777],[-68.9929,78.8568],[-68.9281,78.8673],[-68.9245,78.8812],[-69.0109,78.9228],[-69.0289,78.9436],[-68.8309,78.9801],[-68.3773,79.0374],[-68.0677,79.0652],[-67.8697,79.0686],[-67.7077,79.0808],[-67.4809,79.1172],[-67.3549,79.1242],[-66.5845,79.1381],[-66.2425,79.1172],[-66.0769,79.119],[-65.9689,79.1329],[-65.8249,79.1745],[-65.5585,79.277],[-65.4217,79.3395],[-65.2885,79.4367],[-65.1157,79.5894],[-64.9896,79.737],[-64.9032,79.8811],[-64.8384,79.9696],[-64.7916,80.0009],[-64.6332,80.0408],[-64.464,80.0721],[-64.1796,80.0998],[-64.2048,80.112],[-64.3272,80.1328],[-64.4388,80.1415],[-64.5432,80.1363],[-64.734,80.105],[-64.9824,80.0825],[-65.2237,80.0859],[-65.3965,80.0773],[-65.5549,80.0477],[-65.8105,80.0234],[-65.9833,80.0287],[-66.2929,80.0721],[-66.4477,80.0807],[-66.8437,80.0755],[-66.9589,80.0929],[-67.0597,80.1224],[-67.1425,80.1658],[-67.2001,80.2213],[-67.1929,80.2804],[-67.0489,80.3845],[-66.9949,80.4123],[-66.6097,80.5304],[-66.3721,80.5842],[-66.1345,80.6258],[-65.9617,80.6484],[-65.7997,80.6606],[-65.6449,80.6849],[-65.3569,80.7665],[-65.0617,80.8359],[-64.6944,80.9661],[-64.5144,81.0008],[-63.8916,81.0564],[-63.7224,81.0581],[-63.5784,81.0425],[-63.4416,81.0147],[-63.06,80.8862],[-63.0276,80.8897],[-63.096,80.9383],[-63.2364,81.0841],[-63.2112,81.1432],[-62.9916,81.2074],[-62.9016,81.2178],[-62.6712,81.2143],[-62.3004,81.1952],[-62.0484,81.1727],[-61.8612,81.138],[-61.6344,81.1154],[-61.5192,81.1171],[-61.4364,81.1327],[-61.3176,81.1883],[-61.1628,81.282],[-61.1016,81.3966],[-61.1304,81.532],[-61.1772,81.6327],[-61.2348,81.6952],[-61.2024,81.7473],[-61.0152,81.8098],[-60.8424,81.8549],[-60.432,81.9209],[-60.1008,81.9365],[-59.9028,81.933],[-59.6436,81.9018],[-59.2836,81.8844],[-58.956,81.8254],[-58.4304,81.69],[-58.0812,81.6223],[-57.7896,81.5911],[-57.5052,81.5407],[-57.084,81.4296],[-56.8608,81.3827],[-56.7312,81.3654],[-56.616,81.3636],[-56.6592,81.3949],[-56.8608,81.4591],[-57.1668,81.532],[-57.8544,81.6622],[-58.2288,81.7542],[-58.5672,81.8584],[-58.8156,81.9209],[-59.2692,81.9817],[-59.262,82.006],[-58.7184,82.0928],[-57.7176,82.1691],[-56.5908,82.2264],[-56.2128,82.2212],[-55.5504,82.2455],[-55.4856,82.2837],[-55.3452,82.2993],[-54.7259,82.3514],[-54.5495,82.3514],[-54.2759,82.3254],[-53.9879,82.2785],[-53.8547,82.2368],[-53.6711,82.1639],[-53.5811,82.0615],[-53.5955,81.7386],[-53.5919,81.6761],[-53.5559,81.6535],[-53.4299,81.6883],[-53.2787,81.7542],[-53.1455,81.7994],[-53.0411,81.8705],[-52.9691,81.9678],[-52.9259,82.0389],[-53.1023,82.1188],[-53.1095,82.2507],[-53.0231,82.3219],[-52.7747,82.3219],[-51.7523,82.0789],[-51.3527,82.0251],[-50.8955,81.8949],[-50.3591,81.9087],[-49.8659,81.8931],[-49.6499,81.8983],[-49.5419,81.9174],[-49.6931,81.973],[-50.3951,82.1205],[-50.7119,82.2368],[-50.9351,82.3827],[-50.9891,82.4608],[-50.8199,82.4747],[-50.0387,82.4729],[-48.8615,82.4052],[-47.3567,82.1744],[-46.6187,82.0962],[-45.2903,81.8289],[-44.8906,81.789],[-44.7286,81.7803],[-44.6062,81.8133],[-44.5306,81.8497],[-44.527,81.8966],[-44.5918,81.9574],[-44.6278,82.0251],[-44.6386,82.1049],[-44.5486,82.2594],[-44.3326,82.3115],[-44.239,82.3688],[-44.3254,82.4712],[-44.5774,82.5424],[-45.5531,82.7247],[-45.5567,82.7472],[-45.3587,82.7715],[-45.0671,82.7854],[-42.6514,82.742],[-42.2338,82.7247],[-42.0538,82.709],[-41.9782,82.6899],[-41.8774,82.6795],[-41.359,82.7056],[-41.3698,82.7507],[-41.4346,82.7785],[-44.239,82.8566],[-44.761,82.8844],[-45.0275,82.8861],[-45.3047,82.8653],[-45.8735,82.8549],[-46.1363,82.8583],[-46.4783,82.9521],[-46.1687,83.0632],[-45.9095,83.0614],[-45.4163,83.018],[-45.1211,83.0788],[-44.6566,83.1292],[-44.1958,83.1465],[-43.195,83.2559],[-43.0078,83.2646],[-42.7738,83.2594],[-42.259,83.2316],[-42.0538,83.2055],[-41.8198,83.1482],[-41.683,83.1309],[-41.521,83.1274],[-41.3014,83.1014],[-40.981,83.1847],[-40.6894,83.275],[-40.3582,83.3323],[-39.8866,83.2993],[-39.5878,83.2559],[-39.3178,83.2038],[-38.9326,83.176],[-38.2774,82.999],[-38.155,82.999],[-38.0974,83.0128],[-38.0362,83.0458],[-38.0146,83.0944],[-37.9354,83.1604],[-37.993,83.1847],[-38.5402,83.2576],[-38.6446,83.2871],[-38.749,83.3323],[-38.749,83.3705],[-38.6482,83.4017],[-38.5402,83.4156],[-38.1874,83.4017],[-38.0722,83.4121],[-37.9606,83.4382],[-37.8274,83.485],[-37.723,83.4972],[-37.4854,83.4989],[-37.1218,83.4677],[-36.805,83.4659],[-36.6898,83.4798],[-36.6718,83.5093],[-36.643,83.5284],[-36.607,83.5371],[-35.4514,83.5388],[-35.167,83.5458],[-34.9401,83.5684],[-34.6665,83.5718],[-34.4289,83.5579],[-34.1301,83.5284],[-33.8385,83.5302],[-33.3993,83.577],[-32.9853,83.5996],[-30.7029,83.5927],[-29.9541,83.5649]]],[[[-85,-16.503],[155,-16.5365],[155,-16.5204],[-85,-16.4984],[-85,-16.503]]],[[[25.4037,37.4184],[25.3065,37.4132],[25.3137,37.4896],[25.3497,37.5087],[25.4613,37.4705],[25.4577,37.4462],[25.4037,37.4184]]],[[[-72.6649,20.0376],[-72.6217,20.015],[-72.6397,19.9855],[-72.7405,20.0029],[-72.8449,20.0358],[-72.8773,20.0272],[-72.8989,20.0306],[-72.9601,20.0619],[-72.9061,20.0862],[-72.8521,20.0931],[-72.7909,20.0914],[-72.6649,20.0376]]],[[[24.5252,37.1251],[24.4856,37.1094],[24.4244,37.132],[24.4424,37.1876],[24.482,37.2101],[24.5288,37.1928],[24.536,37.1685],[24.5252,37.1251]]],[[[142.1888,26.617],[142.1708,26.6153],[142.106,26.7212],[142.124,26.7264],[142.16,26.7108],[142.2032,26.6483],[142.1888,26.617]]],[[[130.9171,37.4792],[130.8703,37.448],[130.8163,37.4792],[130.8091,37.5105],[130.8379,37.5365],[130.9027,37.5539],[130.9351,37.5295],[130.9171,37.4792]]],[[[-63.0972,-65],[-63.1212,-64.9433],[-62.7756,-64.8408],[-62.664,-64.8582],[-62.5272,-64.8339],[-62.5776,-64.7558],[-62.502,-64.6568],[-62.4048,-64.6429],[-62.3364,-64.7297],[-62.2428,-64.7471],[-62.1384,-64.7263],[-61.8828,-64.6256],[-61.7568,-64.6099],[-61.6308,-64.6047],[-61.5012,-64.5457],[-61.4688,-64.4763],[-61.3968,-64.4277],[-61.1736,-64.3617],[-61.0836,-64.3148],[-60.8856,-64.1499],[-60.9216,-64.1082],[-60.864,-64.0735],[-60.2772,-63.9242],[-59.9892,-63.9103],[-59.5104,-63.8201],[-59.2188,-63.7142],[-59.0352,-63.6708],[-58.8732,-63.5527],[-58.6752,-63.5336],[-58.2144,-63.452],[-57.8688,-63.3184],[-57.39,-63.2264],[-57.1668,-63.235],[-57.0768,-63.2628],[-57.0192,-63.3722],[-56.9256,-63.5059],[-56.7816,-63.5718],[-56.8356,-63.6308],[-56.9724,-63.6239],[-57.12,-63.6378],[-57.1524,-63.5718],[-57.0984,-63.5232],[-57.1524,-63.4798],[-57.2856,-63.4902],[-57.462,-63.5128],[-57.5808,-63.5458],[-57.7356,-63.617],[-57.858,-63.6569],[-58.2648,-63.7628],[-58.5312,-63.9155],[-58.722,-64.077],[-58.8372,-64.1864],[-59.0064,-64.195],[-59.046,-64.235],[-58.9776,-64.2662],[-58.9236,-64.2801],[-58.7976,-64.2923],[-58.8192,-64.3391],[-58.9056,-64.3513],[-58.8948,-64.3895],[-58.8048,-64.445],[-58.7868,-64.5249],[-58.8912,-64.537],[-59.0496,-64.452],[-59.2296,-64.4433],[-59.37,-64.4034],[-59.46,-64.3461],[-59.5464,-64.3582],[-59.6112,-64.4398],[-59.5716,-64.5301],[-59.6472,-64.5839],[-59.7336,-64.5596],[-59.766,-64.452],[-59.8488,-64.4329],[-59.964,-64.4311],[-60.2412,-64.5475],[-60.342,-64.5509],[-60.3924,-64.6099],[-60.5544,-64.6759],[-60.6588,-64.7297],[-60.9144,-64.9068],[-61.0584,-64.9815],[-61.1802,-65],[-61.5092,-65],[-61.602,-64.9884],[-61.7028,-64.9867],[-61.712,-65],[-63.0972,-65]]],[[[145.8825,43.4597],[145.8969,43.4545],[145.9149,43.4545],[145.9329,43.4563],[145.9401,43.4458],[145.9437,43.4268],[145.9329,43.425],[145.9077,43.4215],[145.8933,43.4198],[145.8861,43.4337],[145.8825,43.4441],[145.8681,43.4511],[145.8681,43.458],[145.8825,43.4597]]],[[[146.3577,43.6247],[146.3325,43.6194],[146.2893,43.6247],[146.2749,43.6299],[146.2821,43.6385],[146.3109,43.6524],[146.3325,43.6472],[146.3505,43.6438],[146.3577,43.6247]]],[[[146.0445,43.4094],[146.0337,43.4077],[146.0265,43.4198],[146.0481,43.4337],[146.0877,43.4493],[146.1021,43.4406],[146.0877,43.4285],[146.0697,43.4215],[146.0445,43.4094]]],[[[-78.803,-33.6466],[-78.983,-33.6674],[-78.9902,-33.6622],[-78.9794,-33.6449],[-78.9398,-33.6136],[-78.8894,-33.5772],[-78.8786,-33.5754],[-78.8606,-33.5789],[-78.839,-33.5858],[-78.785,-33.6101],[-78.7706,-33.6275],[-78.7742,-33.6414],[-78.803,-33.6466]]],[[[-14.3659,-7.9746],[-14.3983,-7.9763],[-14.4091,-7.9676],[-14.4163,-7.9433],[-14.3983,-7.9051],[-14.3839,-7.8826],[-14.3587,-7.886],[-14.3299,-7.9121],[-14.3011,-7.9346],[-14.3155,-7.9555],[-14.3659,-7.9746]]],[[[72.7801,11.2031],[72.7729,11.1961],[72.7729,11.2135],[72.7801,11.243],[72.7909,11.2621],[72.7945,11.2603],[72.7945,11.2412],[72.7873,11.2152],[72.7801,11.2031]]],[[[73.0681,8.2692],[73.0537,8.2571],[73.0393,8.2519],[73.0285,8.2536],[73.0249,8.2657],[73.0249,8.2762],[73.0393,8.264],[73.0573,8.2744],[73.0753,8.3057],[73.0789,8.3161],[73.0825,8.3109],[73.0789,8.2935],[73.0681,8.2692]]],[[[73.4173,3.2313],[73.3957,3.2296],[73.3813,3.247],[73.3849,3.2713],[73.4029,3.2886],[73.4281,3.2904],[73.4425,3.2747],[73.4353,3.2504],[73.4173,3.2313]]],[[[73.5109,4.1653],[73.4965,4.1549],[73.4785,4.1584],[73.4713,4.1705],[73.4821,4.1879],[73.4929,4.2104],[73.5037,4.2347],[73.5181,4.2469],[73.5289,4.2434],[73.5289,4.2295],[73.5217,4.2104],[73.5181,4.1861],[73.5109,4.1653]]],[[[131.1727,3.0265],[131.1511,3.0213],[131.1367,3.0247],[131.1367,3.0386],[131.1511,3.0543],[131.1727,3.0612],[131.1871,3.056],[131.1871,3.0421],[131.1727,3.0265]]],[[[151.6461,7.3457],[151.6389,7.3335],[151.5777,7.3387],[151.5705,7.3457],[151.5741,7.3509],[151.6029,7.3578],[151.6065,7.3752],[151.5921,7.3786],[151.6065,7.3891],[151.6281,7.3908],[151.6425,7.3786],[151.6497,7.363],[151.6461,7.3457]]],[[[151.8801,7.4325],[151.8657,7.4272],[151.8549,7.4325],[151.8585,7.4568],[151.8657,7.4654],[151.8801,7.4672],[151.9089,7.4602],[151.9125,7.4533],[151.8801,7.4325]]],[[[54.4667,24.4436],[54.4559,24.4227],[54.4271,24.4245],[54.3587,24.4436],[54.3335,24.4713],[54.3803,24.5043],[54.3983,24.5061],[54.4271,24.4713],[54.4667,24.4436]]],[[[-81.7838,24.5442],[-81.809,24.5425],[-81.8126,24.5581],[-81.7694,24.5772],[-81.737,24.5755],[-81.7406,24.5547],[-81.7838,24.5442]]],[[[124.743,37.9809],[124.7538,37.9705],[124.7538,37.9549],[124.7394,37.9479],[124.7178,37.9323],[124.6962,37.9202],[124.6566,37.9254],[124.6242,37.9445],[124.635,37.9809],[124.6602,37.974],[124.7178,37.9896],[124.743,37.9809]]]]}}
